Rk,Tkl,TklW,Def 3rd,Mid 3rd,Att 3rd,Press,Succ,%
1,51,32,33,16,2,267,74,27.7
2,64,36,40,17,7,485,132,27.2
3,61,37,43,16,2,299,111,37.1
4,1,1,1,0,0,25,9,36.0
5,60,41,24,34,2,417,114,27.3
6,10,8,3,5,2,181,53,29.3
7,30,22,18,10,2,200,75,37.5
8,14,10,4,5,5,430,130,30.2
9,23,13,11,11,1,164,41,25.0
10,52,33,36,10,6,320,114,35.6
11,8,6,2,4,2,231,58,25.1
12,23,12,13,8,2,194,60,30.9
13,10,4,2,5,3,209,45,21.5
14,0,0,0,0,0,0,0,
15,4,3,0,4,0,60,10,16.7
16,5,3,2,2,1,50,12,24.0
17,0,0,0,0,0,17,4,23.5
18,27,18,6,15,6,326,84,25.8
19,0,0,0,0,0,2,0,0.0
20,1,1,0,1,0,16,4,25.0
21,35,23,24,8,3,225,66,29.3
22,50,22,24,21,5,248,60,24.2
23,4,3,1,1,2,15,2,13.3
24,3,1,1,1,1,22,6,27.3
25,25,18,12,10,3,217,46,21.2
26,14,11,9,4,1,106,28,26.4
27,7,5,0,4,3,222,56,25.2
28,39,28,20,14,5,203,71,35.0
29,2,1,0,2,0,30,4,13.3
30,21,19,5,14,2,148,57,38.5
31,40,26,28,11,1,304,108,35.5
32,49,28,26,19,4,330,96,29.1
33,10,7,7,3,0,164,47,28.7
34,32,18,13,11,8,224,83,37.1
35,1,0,0,0,1,21,1,4.8
36,18,14,3,13,2,280,75,26.8
37,44,23,29,13,2,223,86,38.6
38,4,2,2,2,0,15,4,26.7
39,25,11,20,5,0,222,66,29.7
40,17,13,7,7,3,140,43,30.7
41,27,11,19,8,0,169,56,33.1
42,27,17,10,17,0,207,79,38.2
43,48,29,27,12,9,250,76,30.4
44,7,2,1,3,3,185,51,27.6
45,25,14,10,9,6,231,68,29.4
46,52,34,25,21,6,676,203,30.0
47,50,33,31,18,1,278,85,30.6
48,23,11,11,11,1,192,66,34.4
49,4,2,2,2,0,146,43,29.5
50,2,2,0,2,0,88,22,25.0
51,54,38,19,29,6,292,101,34.6
52,59,36,34,20,5,444,130,29.3
53,44,24,24,17,3,258,83,32.2
54,44,28,24,17,3,374,105,28.1
55,1,0,0,1,0,21,6,28.6
56,2,1,1,1,0,38,6,15.8
57,20,11,4,10,6,136,26,19.1
58,0,0,0,0,0,2,0,0.0
59,58,25,37,15,6,409,131,32.0
60,0,0,0,0,0,0,0,
61,13,11,2,8,3,373,84,22.5
62,0,0,0,0,0,5,1,20.0
63,55,36,21,25,9,411,105,25.5
64,41,29,10,24,7,479,135,28.2
65,62,36,34,17,11,732,175,23.9
66,27,19,17,6,4,215,88,40.9
67,43,19,30,10,3,221,59,26.7
68,37,20,14,22,1,265,80,30.2
69,0,0,0,0,0,0,0,
70,39,25,27,11,1,222,79,35.6
71,23,11,17,6,0,172,49,28.5
72,28,23,23,3,2,235,77,32.8
73,21,7,12,8,1,107,26,24.3
74,16,9,7,9,0,161,42,26.1
75,43,22,20,20,3,438,123,28.1
76,2,0,1,0,1,36,10,27.8
77,62,28,40,17,5,287,88,30.7
78,7,5,1,4,2,122,37,30.3
79,27,15,22,4,1,218,51,23.4
80,18,13,7,8,3,286,98,34.3
81,5,3,4,1,0,15,8,53.3
82,10,6,4,4,2,90,21,23.3
83,63,42,28,25,10,592,171,28.9
84,18,10,16,2,0,107,34,31.8
85,1,1,1,0,0,24,5,20.8
86,45,30,20,18,7,370,104,28.1
87,18,11,1,9,8,579,143,24.7
88,2,2,0,1,1,7,1,14.3
89,83,63,34,44,5,593,190,32.0
90,0,0,0,0,0,4,2,50.0
91,78,46,38,32,8,639,158,24.7
92,25,16,14,10,1,243,62,25.5
93,1,1,0,1,0,129,28,21.7
94,0,0,0,0,0,2,1,50.0
95,62,31,30,29,3,251,83,33.1
96,8,5,4,3,1,47,18,38.3
97,14,8,7,4,3,127,50,39.4
98,1,0,1,0,0,2,1,50.0
99,10,5,5,4,1,151,34,22.5
100,44,27,29,9,6,271,91,33.6
101,0,0,0,0,0,1,0,0.0
102,14,10,5,4,5,337,78,23.1
103,25,16,18,7,0,148,49,33.1
104,4,2,1,0,3,23,6,26.1
105,0,0,0,0,0,2,1,50.0
106,31,20,15,14,2,483,123,25.5
107,4,4,2,2,0,37,7,18.9
108,28,19,8,16,4,388,100,25.8
109,2,2,2,0,0,29,7,24.1
110,63,32,39,16,8,303,97,32.0
111,74,49,28,38,8,800,207,25.9
112,5,2,2,3,0,24,7,29.2
113,55,31,23,28,4,529,197,37.2
114,18,9,3,8,7,262,75,28.6
115,47,27,37,9,1,217,71,32.7
116,4,2,2,2,0,26,8,30.8
117,33,20,23,9,1,162,57,35.2
118,0,0,0,0,0,0,0,
119,0,0,0,0,0,0,0,
120,30,17,19,10,1,124,47,37.9
121,1,0,1,0,0,5,1,20.0
122,49,25,27,14,8,407,129,31.7
123,5,3,0,4,1,165,43,26.1
124,4,3,3,1,0,76,17,22.4
125,57,35,21,31,5,578,185,32.0
126,0,0,0,0,0,3,1,33.3
127,9,5,4,4,1,96,25,26.0
128,31,21,18,11,2,203,65,32.0
129,0,0,0,0,0,1,1,100.0
130,5,4,3,2,0,34,11,32.4
131,2,1,2,0,0,12,1,8.3
132,29,21,7,11,11,537,146,27.2
133,3,1,2,0,1,70,18,25.7
134,1,1,0,1,0,15,4,26.7
135,12,9,4,6,2,243,47,19.3
136,29,17,15,10,4,195,53,27.2
137,39,24,15,14,10,573,130,22.7
138,0,0,0,0,0,2,0,0.0
139,15,13,7,4,4,97,17,17.5
140,2,0,0,2,0,39,13,33.3
141,30,18,17,11,2,164,56,34.1
142,98,55,66,26,6,521,153,29.4
143,24,11,6,11,7,316,71,22.5
144,19,16,6,10,3,342,92,26.9
145,7,3,3,3,1,52,11,21.2
146,39,26,32,7,0,204,71,34.8
147,2,2,0,1,1,79,23,29.1
148,20,13,10,6,4,494,100,20.2
149,54,29,16,21,17,1018,219,21.5
150,51,33,34,14,3,266,100,37.6
151,17,14,3,11,3,330,82,24.8
152,102,61,50,38,14,568,186,32.7
153,34,21,17,14,3,178,62,34.8
154,68,45,33,31,4,580,188,32.4
155,17,9,2,7,8,290,47,16.2
156,3,1,1,0,2,82,21,25.6
157,36,26,11,23,2,318,87,27.4
158,1,1,1,0,0,1,1,100.0
159,0,0,0,0,0,2,0,0.0
160,1,0,1,0,0,4,0,0.0
161,7,4,0,3,4,210,40,19.0
162,35,23,18,13,4,318,73,23.0
163,9,4,2,5,2,170,46,27.1
164,0,0,0,0,0,17,4,23.5
165,29,19,22,7,0,99,33,33.3
166,10,6,7,2,1,51,14,27.5
167,0,0,0,0,0,0,0,
168,70,49,20,42,8,414,123,29.7
169,7,4,5,2,0,152,36,23.7
170,3,3,1,2,0,13,9,69.2
171,56,35,27,23,6,519,147,28.3
172,18,11,14,3,1,116,40,34.5
173,11,8,4,4,3,145,44,30.3
174,74,45,44,17,13,564,158,28.0
175,10,7,5,2,3,105,30,28.6
176,11,5,2,7,2,83,23,27.7
177,2,1,1,1,0,18,3,16.7
178,0,0,0,0,0,1,0,0.0
179,42,24,26,11,5,255,84,32.9
180,16,9,5,11,0,99,28,28.3
181,4,2,1,3,0,153,28,18.3
182,13,6,9,1,3,62,14,22.6
183,16,10,5,10,1,343,94,27.4
184,51,30,16,24,11,452,122,27.0
185,54,33,28,25,1,389,129,33.2
186,4,1,3,0,1,79,15,19.0
187,24,18,14,9,1,310,83,26.8
188,11,8,9,2,0,42,13,31.0
189,30,15,19,9,2,207,63,30.4
190,0,0,0,0,0,5,3,60.0
191,34,27,10,19,5,405,93,23.0
192,55,33,21,25,9,234,65,27.8
193,41,31,15,20,6,402,109,27.1
194,19,11,10,6,3,139,38,27.3
195,48,33,21,19,8,453,107,23.6
196,1,1,1,0,0,48,10,20.8
197,16,11,6,8,2,171,50,29.2
198,1,0,0,0,1,20,4,20.0
199,6,4,1,3,2,275,63,22.9
200,22,12,10,9,3,328,86,26.2
201,3,1,1,1,1,47,11,23.4
202,9,3,4,3,2,110,26,23.6
203,39,25,15,21,3,243,69,28.4
204,11,6,4,6,1,128,39,30.5
205,5,2,0,2,3,19,6,31.6
206,18,9,9,7,2,296,75,25.3
207,1,1,1,0,0,46,10,21.7
208,11,4,5,4,2,76,14,18.4
209,62,37,41,21,0,339,112,33.0
210,48,32,24,15,9,329,87,26.4
211,84,50,57,23,4,416,135,32.5
212,32,20,17,14,1,274,81,29.6
213,6,1,2,4,0,28,12,42.9
214,19,10,10,6,3,95,22,23.2
215,56,33,29,23,4,298,92,30.9
216,0,0,0,0,0,10,1,10.0
217,38,21,16,15,7,246,67,27.2
218,13,10,7,6,0,111,32,28.8
219,0,0,0,0,0,3,0,0.0
220,2,1,2,0,0,72,17,23.6
221,32,25,11,16,5,282,72,25.5
222,0,0,0,0,0,3,0,0.0
223,43,29,18,18,7,432,151,35.0
224,35,21,17,13,5,412,115,27.9
225,2,2,0,2,0,75,17,22.7
226,26,18,12,10,4,366,94,25.7
227,69,45,44,20,5,329,103,31.3
228,4,2,3,0,1,84,20,23.8
229,14,5,5,6,3,66,21,31.8
230,70,38,47,16,7,321,102,31.8
231,0,0,0,0,0,0,0,
232,36,25,12,18,6,358,100,27.9
233,4,3,1,1,2,38,14,36.8
234,13,8,9,4,0,52,10,19.2
235,1,1,0,0,1,13,4,30.8
236,57,42,27,25,5,440,124,28.2
237,2,1,2,0,0,11,3,27.3
238,0,0,0,0,0,3,2,66.7
239,19,11,5,10,4,297,99,33.3
240,38,27,19,17,2,300,103,34.3
241,23,16,12,7,4,183,46,25.1
242,34,26,13,11,10,459,104,22.7
243,34,24,14,14,6,358,110,30.7
244,1,0,0,0,1,5,3,60.0
245,0,0,0,0,0,37,8,21.6
246,19,15,3,11,5,456,124,27.2
247,17,10,10,3,4,226,50,22.1
248,12,8,3,6,3,98,27,27.6
249,48,32,23,22,3,297,106,35.7
250,71,44,37,28,6,336,137,40.8
251,16,14,0,11,5,336,84,25.0
252,11,9,5,2,4,189,57,30.2
253,0,0,0,0,0,4,1,25.0
254,45,29,27,13,5,306,96,31.4
255,6,5,1,3,2,36,14,38.9
256,90,59,30,50,10,588,176,29.9
257,4,3,4,0,0,61,15,24.6
258,5,2,2,3,0,35,7,20.0
259,0,0,0,0,0,1,0,0.0
260,6,4,0,5,1,46,14,30.4
261,9,5,2,3,4,150,53,35.3
262,34,17,17,14,3,209,56,26.8
263,30,23,20,10,0,177,60,33.9
264,77,49,31,29,17,577,160,27.7
265,9,5,0,6,3,178,49,27.5
266,2,2,1,1,0,10,2,20.0
267,17,13,2,9,6,319,83,26.0
268,3,2,1,2,0,52,8,15.4
269,38,22,19,13,6,635,144,22.7
270,50,31,33,15,2,409,135,33.0
271,22,12,8,10,4,441,99,22.4
272,61,33,28,27,6,379,109,28.8
273,7,3,2,1,4,105,19,18.1
274,0,0,0,0,0,11,5,45.5
275,26,17,5,15,6,248,63,25.4
276,5,4,1,3,1,117,34,29.1
277,4,2,0,2,2,113,33,29.2
278,1,0,1,0,0,8,1,12.5
279,21,15,8,11,2,256,91,35.5
280,1,0,0,1,0,14,2,14.3
281,0,0,0,0,0,4,2,50.0
282,25,14,9,10,6,271,69,25.5
283,14,7,5,3,6,310,73,23.5
284,28,16,14,5,9,129,44,34.1
285,0,0,0,0,0,2,0,0.0
286,43,21,21,14,8,238,78,32.8
287,1,1,1,0,0,0,0,
288,10,5,2,6,2,82,26,31.7
289,48,28,20,19,9,385,142,36.9
290,9,6,6,3,0,71,17,23.9
291,6,4,4,2,0,18,6,33.3
292,9,6,8,1,0,89,31,34.8
293,18,14,9,9,0,143,48,33.6
294,12,8,7,5,0,213,50,23.5
295,3,3,1,0,2,80,23,28.8
296,76,46,29,39,8,692,164,23.7
297,28,14,13,10,5,230,53,23.0
298,49,31,28,17,4,288,98,34.0
299,9,8,2,6,1,73,20,27.4
300,80,48,38,36,6,622,166,26.7
301,58,36,35,20,3,308,90,29.2
302,0,0,0,0,0,2,0,0.0
303,58,34,23,22,13,602,139,23.1
304,10,5,2,7,1,142,21,14.8
305,0,0,0,0,0,2,1,50.0
306,28,15,11,14,3,582,122,21.0
307,42,30,24,13,5,284,82,28.9
308,0,0,0,0,0,5,3,60.0
309,56,43,28,22,6,571,149,26.1
310,20,13,8,12,0,132,53,40.2
311,3,2,0,2,1,119,21,17.6
312,11,7,3,8,0,237,58,24.5
313,5,2,1,3,1,38,13,34.2
314,5,2,3,2,0,40,10,25.0
315,0,0,0,0,0,14,3,21.4
316,39,27,19,19,1,401,131,32.7
317,66,45,21,35,10,754,191,25.3
318,7,5,4,1,2,40,9,22.5
319,23,17,5,11,7,409,137,33.5
320,2,2,2,0,0,11,5,45.5
321,28,23,11,13,4,274,85,31.0
322,61,40,42,18,1,271,101,37.3
323,19,14,6,8,5,244,63,25.8
324,7,6,1,2,4,159,32,20.1
325,0,0,0,0,0,12,7,58.3
326,9,5,6,3,0,48,14,29.2
327,20,13,17,3,0,126,46,36.5
328,0,0,0,0,0,1,0,0.0
329,32,17,21,9,2,184,64,34.8
330,5,3,4,0,1,126,33,26.2
331,2,2,0,0,2,13,4,30.8
332,0,0,0,0,0,1,0,0.0
333,2,0,2,0,0,12,4,33.3
334,48,32,34,12,2,319,111,34.8
335,9,4,5,4,0,88,16,18.2
336,1,1,0,1,0,37,11,29.7
337,59,35,13,33,13,513,129,25.1
338,14,8,6,8,0,170,41,24.1
339,24,17,6,14,4,403,114,28.3
340,21,12,10,8,3,218,71,32.6
341,14,9,4,6,4,136,40,29.4
342,17,12,9,4,4,181,41,22.7
343,0,0,0,0,0,0,0,
344,27,23,9,15,3,182,74,40.7
345,43,27,17,22,4,508,131,25.8
346,0,0,0,0,0,2,1,50.0
347,19,13,6,8,5,174,40,23.0
348,34,20,23,9,2,212,69,32.5
349,43,25,38,5,0,218,82,37.6
350,9,7,6,3,0,77,27,35.1
351,29,14,10,13,6,220,62,28.2
352,18,13,5,11,2,132,46,34.8
353,10,5,7,3,0,126,28,22.2
354,3,1,2,1,0,45,15,33.3
355,15,9,5,6,4,303,70,23.1
356,0,0,0,0,0,0,0,
357,4,2,0,3,1,121,21,17.4
358,50,35,15,24,11,501,157,31.3
359,7,7,5,2,0,33,16,48.5
360,40,27,13,24,3,430,122,28.4
361,5,5,1,1,3,140,40,28.6
362,0,0,0,0,0,0,0,
363,18,15,5,8,5,337,91,27.0
364,71,40,41,26,4,431,134,31.1
365,2,2,1,1,0,10,4,40.0
366,32,15,24,7,1,172,63,36.6
367,10,5,5,2,3,384,107,27.9
368,33,19,17,12,4,406,95,23.4
369,0,0,0,0,0,3,0,0.0
370,11,7,8,3,0,76,33,43.4
371,4,3,1,1,2,101,20,19.8
372,41,19,30,10,1,217,72,33.2
373,34,14,13,17,4,239,71,29.7
374,15,8,6,7,2,111,31,27.9
375,72,56,29,36,7,639,160,25.0
376,51,36,27,18,6,363,102,28.1
377,7,3,4,3,0,93,28,30.1
378,15,7,10,5,0,74,21,28.4
379,6,4,4,1,1,69,19,27.5
380,0,0,0,0,0,25,5,20.0
381,14,10,4,8,2,146,43,29.5
382,1,1,0,1,0,18,4,22.2
383,5,2,4,1,0,58,19,32.8
384,31,21,4,21,6,477,112,23.5
385,88,58,62,18,8,789,207,26.2
386,0,0,0,0,0,1,0,0.0
387,40,20,20,16,4,504,134,26.6
388,15,9,14,1,0,75,27,36.0
389,10,6,0,6,4,320,78,24.4
390,0,0,0,0,0,5,2,40.0
391,7,5,1,4,2,84,22,26.2
392,20,5,7,8,5,270,56,20.7
393,0,0,0,0,0,5,2,40.0
394,63,36,34,23,6,465,164,35.3
395,37,23,16,20,1,164,43,26.2
396,78,63,24,44,10,491,146,29.7
397,75,47,46,21,8,374,131,35.0
398,0,0,0,0,0,9,2,22.2
399,0,0,0,0,0,0,0,
400,46,23,28,11,7,236,74,31.4
401,3,2,1,2,0,32,8,25.0
402,14,10,12,2,0,51,21,41.2
403,0,0,0,0,0,0,0,
404,37,26,14,17,6,249,77,30.9
405,5,3,3,2,0,67,16,23.9
406,1,1,1,0,0,5,1,20.0
407,8,2,6,2,0,128,49,38.3
408,31,17,22,9,0,124,47,37.9
409,12,5,8,3,1,129,36,27.9
410,57,36,43,10,4,255,83,32.5
411,34,23,21,12,1,141,56,39.7
412,17,10,3,10,4,127,40,31.5
413,17,9,9,5,3,232,41,17.7
414,6,5,4,1,1,47,12,25.5
415,18,12,13,5,0,106,35,33.0
416,27,24,10,11,6,232,63,27.2
417,59,42,32,24,3,314,113,36.0
418,46,20,24,21,1,296,78,26.4
419,0,0,0,0,0,8,0,0.0
420,25,14,14,10,1,144,52,36.1
421,45,30,28,15,2,349,88,25.2
422,14,8,9,4,1,102,29,28.4
423,34,19,22,10,2,144,45,31.3
424,43,34,18,19,6,539,158,29.3
425,59,31,19,26,14,689,222,32.2
426,16,7,4,9,3,334,77,23.1
427,16,9,5,8,3,284,83,29.2
428,15,11,1,9,5,471,130,27.6
429,40,24,13,22,5,266,63,23.7
430,1,0,0,0,1,33,8,24.2
431,0,0,0,0,0,0,0,
432,17,14,8,8,1,254,65,25.6
433,98,58,39,54,5,574,187,32.6
434,1,1,0,1,0,4,0,0.0
435,39,25,19,12,8,597,155,26.0
436,7,5,4,3,0,63,22,34.9
437,14,13,2,8,4,216,53,24.5
438,25,18,13,11,1,152,59,38.8
439,10,4,5,2,3,87,24,27.6
440,30,25,12,12,6,378,85,22.5
441,44,26,23,13,8,174,59,33.9
442,19,13,12,6,1,197,55,27.9
443,1,1,0,1,0,5,2,40.0
444,49,29,22,21,6,575,150,26.1
445,58,32,38,16,4,438,113,25.8
446,46,35,17,22,7,455,107,23.5
447,80,54,43,31,6,660,172,26.1
448,10,8,1,7,2,171,41,24.0
449,4,4,2,2,0,95,27,28.4
450,8,5,0,6,2,374,99,26.5
451,18,11,5,12,1,237,67,28.3
452,7,2,4,3,0,53,8,15.1
453,16,11,7,6,3,331,94,28.4
454,2,2,1,1,0,150,47,31.3
455,45,34,28,16,1,187,75,40.1
456,20,8,15,4,1,140,40,28.6
457,13,7,6,4,3,148,38,25.7
458,11,9,7,3,1,47,14,29.8
459,16,10,2,11,3,251,64,25.5
460,7,1,3,1,3,82,26,31.7
461,70,53,30,31,9,442,132,29.9
462,0,0,0,0,0,0,0,
463,10,7,3,4,3,105,28,26.7
464,112,75,54,46,12,605,219,36.2
465,21,15,6,11,4,63,26,41.3
466,23,13,14,6,3,353,104,29.5
467,39,23,12,17,10,278,80,28.8
468,0,0,0,0,0,3,1,33.3
469,23,12,15,8,0,146,53,36.3
470,25,18,9,11,5,329,88,26.7
471,98,61,60,29,9,722,215,29.8
472,11,6,5,5,1,65,20,30.8
473,14,8,5,7,2,107,28,26.2
474,74,46,33,24,17,690,185,26.8
475,19,14,11,5,3,115,28,24.3
476,37,26,21,15,1,195,68,34.9
477,6,4,1,2,3,90,19,21.1
478,44,28,14,27,3,475,131,27.6
479,49,28,25,17,7,445,120,27.0
480,12,10,8,4,0,63,28,44.4
481,0,0,0,0,0,0,0,
482,65,34,32,28,5,391,118,30.2
483,89,53,59,26,4,445,116,26.1
484,20,12,16,4,0,99,26,26.3
485,3,1,0,2,1,46,9,19.6
486,4,3,3,1,0,34,9,26.5
487,14,10,10,4,0,67,21,31.3
488,0,0,0,0,0,8,3,37.5
489,40,23,24,12,4,212,57,26.9
490,0,0,0,0,0,11,5,45.5
491,33,19,10,16,7,227,65,28.6
492,25,18,14,8,3,143,51,35.7
493,28,19,22,5,1,229,63,27.5
494,20,10,9,6,5,195,51,26.2
495,9,6,2,4,3,142,37,26.1
496,38,22,11,12,15,378,91,24.1
497,17,8,11,4,2,81,29,35.8
498,13,6,2,7,4,228,52,22.8
499,76,52,29,39,8,505,150,29.7
500,2,1,1,1,0,69,10,14.5
501,35,27,24,11,0,183,66,36.1
502,12,6,6,4,2,143,38,26.6
503,2,2,0,2,0,23,12,52.2
504,2,2,0,1,1,29,10,34.5
505,12,7,5,3,4,173,37,21.4
506,3,2,3,0,0,18,11,61.1
507,49,30,16,23,10,658,150,22.8
508,51,26,33,14,4,414,116,28.0
509,19,12,16,3,0,85,23,27.1
510,0,0,0,0,0,15,4,26.7
511,34,21,15,18,1,287,91,31.7
512,20,13,8,10,2,192,62,32.3
513,38,27,15,15,8,359,99,27.6
514,41,20,25,13,3,156,57,36.5
515,18,15,8,5,5,347,97,28.0
516,0,0,0,0,0,3,0,0.0
517,0,0,0,0,0,0,0,
518,37,26,21,14,2,254,80,31.5
519,49,31,18,25,6,336,113,33.6
520,0,0,0,0,0,1,1,100.0
521,65,33,37,21,7,378,104,27.5
522,1,1,1,0,0,2,1,50.0
523,1,0,0,1,0,11,3,27.3
524,35,21,24,9,2,199,57,28.6
525,22,12,20,2,0,122,44,36.1
526,0,0,0,0,0,17,5,29.4
527,30,18,9,13,8,350,87,24.9
528,1,1,0,1,0,1,1,100.0
529,0,0,0,0,0,2,0,0.0
530,0,0,0,0,0,0,0,
531,0,0,0,0,0,18,4,22.2
532,37,19,18,17,2,256,75,29.3
533,27,17,11,14,2,291,85,29.2
534,41,22,34,7,0,205,69,33.7
535,1,1,1,0,0,2,1,50.0
536,30,16,13,14,3,269,68,25.3
537,25,15,15,7,3,120,37,30.8
538,50,31,30,17,3,216,78,36.1
539,0,0,0,0,0,2,2,100.0
540,2,1,1,0,1,15,4,26.7
541,55,34,37,16,2,273,93,34.1
542,78,41,44,29,5,434,144,33.2
543,0,0,0,0,0,0,0,
544,0,0,0,0,0,4,1,25.0
545,19,9,11,6,2,129,48,37.2
546,23,15,10,8,5,288,92,31.9
547,33,23,22,9,2,207,65,31.4
548,12,8,1,5,6,234,69,29.5
549,0,0,0,0,0,2,0,0.0
550,53,31,34,15,4,335,80,23.9
551,27,16,15,10,2,375,71,18.9
552,22,13,15,7,0,164,55,33.5
553,34,24,20,13,1,285,79,27.7
554,1,1,1,0,0,14,4,28.6
555,2,0,2,0,0,17,5,29.4
556,26,14,14,11,1,399,104,26.1
557,14,11,1,9,4,445,112,25.2
558,4,3,0,4,0,157,24,15.3
559,4,3,3,0,1,49,9,18.4
560,39,27,10,21,8,605,172,28.4
561,8,6,3,3,2,219,57,26.0
562,28,14,20,5,3,219,68,31.1
563,6,1,4,1,1,96,20,20.8
564,23,15,8,5,10,410,123,30.0
565,15,11,5,7,3,357,95,26.6
566,16,9,10,4,2,93,25,26.9
567,7,5,5,2,0,32,15,46.9
568,3,3,2,1,0,41,12,29.3
569,0,0,0,0,0,0,0,
570,32,21,18,9,5,230,68,29.6
571,10,9,2,5,3,200,59,29.5
572,5,5,4,1,0,115,25,21.7
573,26,18,16,8,2,149,39,26.2
574,11,6,2,6,3,130,31,23.8
575,7,4,6,1,0,26,9,34.6
576,0,0,0,0,0,7,3,42.9
577,11,7,0,7,4,252,68,27.0
578,12,5,8,4,0,80,20,25.0
579,57,32,32,20,5,328,79,24.1
580,0,0,0,0,0,1,0,0.0
581,28,25,1,17,10,235,92,39.1
582,6,4,4,2,0,53,11,20.8
583,0,0,0,0,0,1,0,0.0
584,48,29,25,18,5,355,118,33.2
585,69,44,46,17,6,310,99,31.9
586,25,14,7,14,4,301,71,23.6
587,42,24,14,17,11,257,80,31.1
588,5,4,3,1,1,19,8,42.1
589,74,40,39,29,6,345,103,29.9
590,19,11,9,9,1,259,61,23.6
591,88,62,31,45,12,938,304,32.4
592,0,0,0,0,0,2,0,0.0
593,1,1,0,0,1,14,4,28.6
594,5,3,1,2,2,87,19,21.8
595,12,9,6,5,1,177,45,25.4
596,7,4,0,2,5,109,23,21.1
597,0,0,0,0,0,1,1,100.0
598,6,4,3,1,2,95,26,27.4
599,8,6,3,2,3,227,49,21.6
600,22,16,7,14,1,336,92,27.4
601,49,37,32,15,2,250,94,37.6
602,0,0,0,0,0,7,4,57.1
603,19,9,6,7,6,134,39,29.1
604,34,20,18,9,7,277,76,27.4
605,2,1,1,0,1,5,1,20.0
606,1,1,1,0,0,19,7,36.8
607,0,0,0,0,0,4,0,0.0
608,31,17,21,9,1,159,59,37.1
609,28,14,14,11,3,212,60,28.3
610,1,1,0,0,1,5,3,60.0
611,9,7,1,5,3,152,40,26.3
612,7,4,3,1,3,87,26,29.9
613,16,7,6,8,2,128,39,30.5
614,0,0,0,0,0,4,1,25.0
615,14,8,7,7,0,112,32,28.6
616,0,0,0,0,0,0,0,
617,3,2,3,0,0,8,4,50.0
618,1,0,0,1,0,26,5,19.2
619,34,17,20,7,7,154,50,32.5
620,12,5,10,2,0,41,16,39.0
621,8,4,4,4,0,41,10,24.4
622,36,19,28,8,0,166,60,36.1
623,0,0,0,0,0,1,0,0.0
624,48,25,12,26,10,629,153,24.3
625,57,40,19,28,10,630,173,27.5
626,72,39,44,25,3,477,127,26.6
627,78,49,35,29,14,430,185,43.0
628,29,13,13,13,3,214,63,29.4
629,36,18,13,16,7,427,99,23.2
630,2,2,0,2,0,88,19,21.6
631,17,8,11,5,1,114,34,29.8
632,30,19,15,13,2,183,72,39.3
633,44,28,11,18,15,554,177,31.9
634,21,15,15,5,1,144,46,31.9
635,63,37,36,20,7,693,186,26.8
636,11,5,7,4,0,48,16,33.3
637,16,9,4,9,3,235,62,26.4
638,56,33,22,28,6,396,141,35.6
639,52,26,26,21,5,250,79,31.6
640,24,17,2,14,8,460,109,23.7
641,11,9,4,5,2,226,60,26.5
642,0,0,0,0,0,0,0,
643,19,12,8,11,0,152,45,29.6
644,25,19,9,12,4,348,81,23.3
645,27,14,20,6,1,206,48,23.3
646,25,16,11,12,2,155,50,32.3
647,0,0,0,0,0,0,0,
648,30,16,23,5,2,118,37,31.4
649,32,20,9,12,11,347,103,29.7
650,29,11,11,11,7,189,55,29.1
651,12,9,1,6,5,292,77,26.4
652,0,0,0,0,0,58,10,17.2
653,11,7,8,3,0,34,10,29.4
654,33,22,7,20,6,323,117,36.2
655,45,28,19,20,6,304,97,31.9
656,21,13,15,4,2,201,57,28.4
657,22,16,16,6,0,144,53,36.8
658,68,40,41,19,8,573,164,28.6
659,11,9,2,6,3,135,40,29.6
660,53,35,32,18,3,281,80,28.5
661,46,26,22,18,6,399,91,22.8
662,9,9,5,2,2,159,45,28.3
663,9,6,7,2,0,124,37,29.8
664,24,15,12,10,2,299,72,24.1
665,3,3,0,2,1,43,9,20.9
666,0,0,0,0,0,29,6,20.7
667,29,21,15,8,6,511,133,26.0
668,0,0,0,0,0,44,7,15.9
669,3,2,0,2,1,208,57,27.4
670,7,6,3,3,1,169,43,25.4
671,62,43,32,21,9,397,125,31.5
672,21,13,4,9,8,410,104,25.4
673,21,13,12,5,4,319,92,28.8
674,18,10,7,7,4,378,99,26.2
675,9,4,3,6,0,239,71,29.7
676,14,10,10,3,1,124,39,31.5
677,21,14,15,6,0,122,41,33.6
678,17,10,8,8,1,150,56,37.3
679,3,2,1,1,1,465,90,19.4
680,48,38,21,25,2,317,102,32.2
681,3,1,2,1,0,15,4,26.7
682,30,20,7,18,5,370,93,25.1
683,0,0,0,0,0,0,0,
684,48,32,14,25,9,318,95,29.9
685,1,1,0,1,0,14,2,14.3
686,79,45,35,39,5,405,120,29.6
687,35,19,24,10,1,199,64,32.2
688,25,14,13,10,2,204,54,26.5
689,87,39,58,22,7,496,133,26.8
690,30,20,20,9,1,133,46,34.6
691,16,10,8,6,2,113,38,33.6
692,15,6,9,3,3,205,48,23.4
693,10,6,3,5,2,86,28,32.6
694,1,1,0,1,0,8,5,62.5
695,11,7,2,6,3,212,57,26.9
696,8,8,0,6,2,170,50,29.4
697,32,16,22,10,0,243,84,34.6
698,43,27,10,27,6,414,113,27.3
699,1,1,0,1,0,24,3,12.5
700,34,23,23,10,1,187,61,32.6
701,9,8,4,4,1,78,30,38.5
702,51,28,35,16,0,275,101,36.7
703,29,18,18,6,5,265,79,29.8
704,29,13,20,9,0,169,41,24.3
705,65,40,40,24,1,304,105,34.5
706,55,25,22,32,1,368,131,35.6
707,0,0,0,0,0,4,0,0.0
708,0,0,0,0,0,5,0,0.0
709,65,33,36,25,4,379,107,28.2
710,16,8,1,4,11,379,87,23.0
711,3,1,1,1,1,53,19,35.8
712,0,0,0,0,0,0,0,
713,22,16,15,6,1,235,72,30.6
714,32,25,22,6,4,182,57,31.3
715,0,0,0,0,0,19,3,15.8
716,5,3,4,0,1,106,23,21.7
717,13,7,2,7,4,345,66,19.1
718,0,0,0,0,0,6,2,33.3
719,44,31,31,10,3,184,72,39.1
720,36,22,11,19,6,324,77,23.8
721,8,4,0,4,4,204,60,29.4
722,70,49,29,30,11,949,239,25.2
723,0,0,0,0,0,0,0,
724,21,14,7,10,4,277,69,24.9
725,2,0,2,0,0,12,4,33.3
726,10,4,7,2,1,59,18,30.5
727,0,0,0,0,0,5,1,20.0
728,37,26,25,8,4,304,99,32.6
729,22,15,12,9,1,108,39,36.1
730,0,0,0,0,0,1,0,0.0
731,12,8,2,8,2,135,45,33.3
732,31,19,11,15,5,385,113,29.4
733,9,5,6,2,1,106,22,20.8
734,2,2,1,1,0,23,5,21.7
735,4,3,2,1,1,133,35,26.3
736,35,21,27,8,0,209,75,35.9
737,5,1,2,2,1,53,12,22.6
738,11,7,10,1,0,49,19,38.8
739,69,38,41,23,5,348,104,29.9
740,0,0,0,0,0,1,0,0.0
741,31,21,20,10,1,238,72,30.3
742,0,0,0,0,0,9,0,0.0
743,19,15,10,6,3,197,54,27.4
744,5,3,0,4,1,116,21,18.1
745,16,9,10,5,1,100,34,34.0
746,12,9,5,3,4,102,38,37.3
747,28,6,18,6,4,163,40,24.5
748,13,7,11,2,0,152,50,32.9
749,18,11,6,7,5,171,47,27.5
750,43,28,31,12,0,248,107,43.1
751,14,8,7,4,3,136,35,25.7
752,1,1,0,1,0,15,5,33.3
753,5,2,2,1,2,98,29,29.6
754,17,11,9,7,1,155,58,37.4
755,24,18,7,11,6,401,111,27.7
756,17,11,2,7,8,280,80,28.6
757,18,16,4,11,3,196,51,26.0
758,27,20,18,9,0,213,87,40.8
759,12,7,4,7,1,89,27,30.3
760,1,1,1,0,0,7,2,28.6
761,45,27,32,13,0,296,101,34.1
762,9,5,4,2,3,178,52,29.2
763,51,32,21,25,5,559,151,27.0
764,93,51,56,30,7,442,125,28.3
765,58,44,21,34,3,507,151,29.8
766,0,0,0,0,0,0,0,
767,16,10,5,6,5,251,69,27.5
768,1,1,1,0,0,2,2,100.0
769,25,17,17,6,2,109,28,25.7
770,31,13,19,11,1,140,39,27.9
771,56,37,44,12,0,272,115,42.3
772,27,16,18,9,0,160,49,30.6
773,28,18,16,8,4,322,95,29.5
774,23,15,3,14,6,394,95,24.1
775,83,45,54,23,6,470,118,25.1
776,5,4,0,4,1,79,25,31.6
777,20,13,16,4,0,100,38,38.0
778,8,5,2,0,6,295,50,16.9
779,8,6,1,7,0,191,52,27.2
780,9,4,7,2,0,81,29,35.8
781,21,17,5,8,8,445,137,30.8
782,9,8,3,4,2,200,51,25.5
783,19,12,12,6,1,260,55,21.2
784,9,6,1,7,1,109,24,22.0
785,41,29,13,24,4,323,101,31.3
786,0,0,0,0,0,1,0,0.0
787,26,13,15,10,1,124,38,30.6
788,67,39,27,29,11,563,141,25.0
789,27,19,19,6,2,172,70,40.7
790,3,3,0,2,1,79,24,30.4
791,0,0,0,0,0,4,1,25.0
792,8,3,5,3,0,66,12,18.2
793,87,57,58,24,5,497,167,33.6
794,19,13,9,7,3,117,36,30.8
795,7,4,2,3,2,82,19,23.2
796,22,11,8,13,1,140,46,32.9
797,7,4,2,4,1,43,11,25.6
798,48,31,31,16,1,278,111,39.9
799,56,41,11,29,16,480,148,30.8
800,4,1,2,1,1,64,14,21.9
801,0,0,0,0,0,16,2,12.5
802,0,0,0,0,0,10,2,20.0
803,77,53,27,37,13,428,139,32.5
804,37,24,21,16,0,139,49,35.3
805,13,9,6,4,3,217,60,27.6
806,0,0,0,0,0,0,0,
807,0,0,0,0,0,0,0,
808,1,1,0,1,0,75,24,32.0
809,0,0,0,0,0,1,1,100.0
810,19,15,3,8,8,236,56,23.7
811,1,0,1,0,0,7,1,14.3
812,0,0,0,0,0,1,0,0.0
813,1,1,1,0,0,14,5,35.7
814,0,0,0,0,0,17,5,29.4
815,3,2,0,1,2,58,14,24.1
816,0,0,0,0,0,0,0,
817,1,1,0,1,0,45,10,22.2
818,47,28,25,17,5,251,73,29.1
819,62,36,39,18,5,502,156,31.1
820,7,3,2,4,1,79,19,24.1
821,10,5,4,5,1,183,27,14.8
822,19,10,4,7,8,224,68,30.4
823,40,28,25,12,3,254,85,33.5
824,7,5,2,3,2,110,22,20.0
825,20,11,12,6,2,113,43,38.1
826,40,25,19,18,3,366,95,26.0
827,17,11,9,7,1,124,41,33.1
828,27,17,13,14,0,213,55,25.8
829,43,26,18,16,9,594,144,24.2
830,33,18,26,7,0,160,58,36.3
831,49,24,29,17,3,219,62,28.3
832,1,0,1,0,0,3,1,33.3
833,50,24,33,16,1,176,56,31.8
834,9,4,2,4,3,211,47,22.3
835,62,32,44,15,3,384,97,25.3
836,27,16,12,10,5,266,77,28.9
837,19,14,7,8,4,257,65,25.3
838,39,26,16,17,6,264,75,28.4
839,1,1,1,0,0,18,5,27.8
840,35,20,15,20,0,228,65,28.5
841,,1,,,,,,
842,0,0,0,0,0,7,3,42.9
843,0,0,0,0,0,0,0,
844,24,13,6,11,7,539,121,22.4
845,50,32,41,8,1,231,73,31.6
846,3,2,0,2,1,76,20,26.3
847,37,23,23,14,0,272,74,27.2
848,44,25,29,15,0,217,89,41.0
849,66,44,42,22,2,506,186,36.8
850,15,11,4,10,1,270,61,22.6
851,17,12,13,4,0,133,34,25.6
852,6,5,3,2,1,97,18,18.6
853,28,17,9,15,4,322,87,27.0
854,25,20,7,14,4,223,55,24.7
855,10,5,2,6,2,261,72,27.6
856,37,26,7,17,13,694,216,31.1
857,24,14,14,9,1,124,30,24.2
858,38,24,17,15,6,551,146,26.5
859,0,0,0,0,0,1,0,0.0
860,9,6,1,4,4,247,55,22.3
861,12,10,8,4,0,105,21,20.0
862,16,13,9,4,3,131,43,32.8
863,16,9,5,8,3,253,74,29.2
864,56,36,36,18,2,292,95,32.5
865,21,12,10,9,2,380,89,23.4
866,28,14,16,12,0,139,58,41.7
867,18,15,4,14,0,152,53,34.9
868,23,14,11,9,3,235,78,33.2
869,55,36,31,17,7,300,103,34.3
870,54,31,11,34,9,437,121,27.7
871,28,15,15,13,0,124,45,36.3
872,42,29,17,18,7,597,156,26.1
873,19,12,5,10,4,262,79,30.2
874,4,3,3,0,1,70,14,20.0
875,0,0,0,0,0,9,0,0.0
876,0,0,0,0,0,16,4,25.0
877,1,1,1,0,0,20,6,30.0
878,1,1,1,0,0,18,6,33.3
879,23,8,12,9,2,198,58,29.3
880,7,4,5,1,1,14,5,35.7
881,2,1,0,1,1,17,6,35.3
882,46,24,26,16,4,192,57,29.7
883,17,12,13,4,0,107,29,27.1
884,5,4,2,3,0,79,19,24.1
885,9,8,3,3,3,298,65,21.8
886,79,51,41,33,5,707,194,27.4
887,86,48,63,15,8,325,97,29.8
888,0,0,0,0,0,2,0,0.0
889,5,4,1,2,2,96,24,25.0
890,63,48,30,26,7,589,191,32.4
891,69,44,45,20,4,370,107,28.9
892,52,35,34,16,2,409,154,37.7
893,3,2,2,1,0,30,8,26.7
894,2,0,2,0,0,17,2,11.8
895,15,9,8,7,0,144,45,31.3
896,33,23,11,18,4,297,85,28.6
897,2,1,1,0,1,67,14,20.9
898,4,1,1,3,0,34,11,32.4
899,0,0,0,0,0,0,0,
900,10,5,6,4,0,83,23,27.7
901,16,11,3,5,8,244,62,25.4
902,0,0,0,0,0,6,1,16.7
903,8,7,8,0,0,38,15,39.5
904,23,17,4,14,5,282,80,28.4
905,0,0,0,0,0,6,1,16.7
906,41,27,13,17,11,380,123,32.4
907,60,39,37,16,7,340,95,27.9
908,2,1,1,1,0,18,3,16.7
909,9,7,2,5,2,102,28,27.5
910,10,6,1,5,4,173,48,27.7
911,4,2,1,1,2,19,4,21.1
912,15,12,5,7,3,349,72,20.6
913,70,40,32,33,5,307,70,22.8
914,75,47,28,32,15,450,142,31.6
915,11,8,5,4,2,285,48,16.8
916,12,7,7,4,1,63,18,28.6
917,74,43,30,38,6,504,156,31.0
918,39,27,19,20,0,264,93,35.2
919,11,4,7,3,1,74,20,27.0
920,2,1,2,0,0,33,6,18.2
921,51,38,12,36,3,477,147,30.8
922,20,13,9,8,3,146,45,30.8
923,65,37,25,25,15,734,199,27.1
924,7,5,3,4,0,34,10,29.4
925,51,26,17,26,8,408,126,30.9
926,8,5,5,2,1,60,20,33.3
927,2,2,0,2,0,9,2,22.2
928,0,0,0,0,0,2,0,0.0
929,0,0,0,0,0,46,14,30.4
930,41,20,20,17,4,277,80,28.9
931,9,8,8,1,0,42,16,38.1
932,13,10,5,7,1,118,33,28.0
933,0,0,0,0,0,1,0,0.0
934,5,4,2,1,2,29,13,44.8
935,3,2,1,1,1,64,19,29.7
936,0,0,0,0,0,1,0,0.0
937,44,30,23,16,5,340,113,33.2
938,15,10,4,10,1,215,60,27.9
939,13,6,8,4,1,87,35,40.2
940,59,36,22,33,4,612,166,27.1
941,32,20,8,17,7,235,82,34.9
942,23,19,6,10,7,281,65,23.1
943,8,7,4,3,1,307,70,22.8
944,17,10,10,5,2,350,74,21.1
945,24,17,13,7,4,208,53,25.5
946,1,0,0,0,1,13,5,38.5
947,31,19,14,14,3,258,75,29.1
948,3,1,1,2,0,4,3,75.0
949,3,2,1,1,1,45,9,20.0
950,8,3,2,5,1,42,10,23.8
951,1,1,0,1,0,27,10,37.0
952,50,23,33,11,6,322,83,25.8
953,0,0,0,0,0,2,1,50.0
954,22,11,11,10,1,95,38,40.0
955,6,4,4,2,0,36,14,38.9
956,5,3,3,0,2,121,42,34.7
957,37,20,24,13,0,198,72,36.4
958,78,54,48,28,2,317,125,39.4
959,4,3,1,3,0,207,59,28.5
960,74,46,32,37,5,523,166,31.7
961,30,13,17,12,1,166,52,31.3
962,39,25,6,23,10,434,137,31.6
963,22,15,18,4,0,94,37,39.4
964,27,20,12,12,3,276,64,23.2
965,34,22,26,7,1,234,78,33.3
966,43,29,22,19,2,238,76,31.9
967,2,1,0,0,2,26,7,26.9
968,0,0,0,0,0,0,0,
969,13,8,8,5,0,89,33,37.1
970,9,6,3,4,2,108,20,18.5
971,0,0,0,0,0,8,3,37.5
972,52,35,16,30,6,627,153,24.4
973,32,24,13,14,5,367,93,25.3
974,0,0,0,0,0,11,1,9.1
975,5,3,2,3,0,75,23,30.7
976,26,15,17,9,0,151,60,39.7
977,11,7,2,7,2,276,64,23.2
978,28,16,13,8,7,424,117,27.6
979,31,24,11,12,8,364,103,28.3
980,7,4,4,3,0,47,19,40.4
981,0,0,0,0,0,6,0,0.0
982,61,39,25,32,4,421,131,31.1
983,7,4,5,2,0,51,18,35.3
984,10,5,6,3,1,49,12,24.5
985,18,8,12,4,2,82,22,26.8
986,4,2,4,0,0,24,6,25.0
987,7,4,5,2,0,42,19,45.2
988,10,7,3,6,1,101,27,26.7
989,8,6,4,4,0,120,25,20.8
990,29,21,8,16,5,280,86,30.7
991,18,9,10,4,4,109,36,33.0
992,60,32,23,26,11,361,111,30.7
993,28,20,16,8,4,357,93,26.1
994,14,8,0,10,4,209,48,23.0
995,2,2,1,1,0,25,9,36.0
996,0,0,0,0,0,0,0,
997,34,25,24,9,1,153,61,39.9
998,40,28,19,14,7,375,90,24.0
999,33,19,10,17,6,291,83,28.5
1000,9,7,4,4,1,86,23,26.7
1001,10,7,6,4,0,109,35,32.1
1002,5,5,0,1,4,161,43,26.7
1003,8,5,6,1,1,129,39,30.2
1004,36,28,13,14,9,574,154,26.8
1005,19,13,6,6,7,190,61,32.1
1006,4,3,2,1,1,65,14,21.5
1007,7,4,0,5,2,163,44,27.0
1008,17,10,6,10,1,176,42,23.9
1009,34,18,11,12,11,427,135,31.6
1010,0,0,0,0,0,2,0,0.0
1011,18,9,11,5,2,232,62,26.7
1012,67,45,38,28,1,406,130,32.0
1013,0,0,0,0,0,1,1,100.0
1014,6,5,3,2,1,78,32,41.0
1015,23,12,16,5,2,134,39,29.1
1016,33,21,6,19,8,395,103,26.1
1017,24,18,12,11,1,177,48,27.1
1018,69,36,28,32,9,571,153,26.8
1019,0,0,0,0,0,3,1,33.3
1020,31,18,19,10,2,367,88,24.0
1021,19,11,3,11,5,552,99,17.9
1022,19,12,10,8,1,133,41,30.8
1023,25,21,14,8,3,239,59,24.7
1024,24,13,11,9,4,384,109,28.4
1025,43,29,21,18,4,278,120,43.2
1026,3,1,2,1,0,15,2,13.3
1027,28,18,9,18,1,216,62,28.7
1028,2,0,0,0,2,34,6,17.6
1029,3,2,0,2,1,28,6,21.4
1030,48,28,24,22,2,353,116,32.9
1031,82,38,50,22,10,416,115,27.6
1032,15,8,11,3,1,47,15,31.9
1033,10,9,7,3,0,69,22,31.9
1034,6,4,0,3,3,279,67,24.0
1035,0,0,0,0,0,2,2,100.0
1036,0,0,0,0,0,1,1,100.0
1037,30,20,18,11,1,130,45,34.6
1038,0,0,0,0,0,20,2,10.0
1039,28,19,6,15,7,255,73,28.6
1040,0,0,0,0,0,3,1,33.3
1041,36,23,22,10,4,318,89,28.0
1042,36,23,20,15,1,334,102,30.5
1043,0,0,0,0,0,1,0,0.0
1044,7,6,4,2,1,48,17,35.4
1045,2,1,0,2,0,19,6,31.6
1046,1,1,0,1,0,35,14,40.0
1047,35,23,11,19,5,372,111,29.8
1048,28,16,21,7,0,121,42,34.7
1049,27,19,8,17,2,214,71,33.2
1050,15,5,8,4,3,252,64,25.4
1051,32,21,8,22,2,168,52,31.0
1052,57,37,36,16,5,466,159,34.1
1053,21,17,10,9,2,571,126,22.1
1054,50,20,29,19,2,321,112,34.9
1055,16,14,1,7,8,204,56,27.5
1056,0,0,0,0,0,5,0,0.0
1057,27,17,16,11,0,143,50,35.0
1058,8,5,3,2,3,64,15,23.4
1059,16,11,5,7,4,371,110,29.6
1060,0,0,0,0,0,4,2,50.0
1061,35,20,22,12,1,224,96,42.9
1062,42,24,21,13,8,346,105,30.3
1063,27,22,23,2,2,182,73,40.1
1064,26,20,4,14,8,335,103,30.7
1065,63,37,35,20,8,476,126,26.5
1066,9,7,1,5,3,120,34,28.3
1067,42,36,14,20,8,587,155,26.4
1068,0,0,0,0,0,3,0,0.0
1069,74,45,35,35,4,625,206,33.0
1070,53,30,44,7,2,251,70,27.9
1071,0,0,0,0,0,1,0,0.0
1072,65,36,22,31,12,532,169,31.8
1073,4,2,2,1,1,57,15,26.3
1074,18,10,7,7,4,356,69,19.4
1075,0,0,0,0,0,0,0,
1076,10,4,2,6,2,499,127,25.5
1077,25,13,16,8,1,170,50,29.4
1078,63,30,39,18,6,503,135,26.8
1079,18,9,11,7,0,74,14,18.9
1080,13,9,9,3,1,90,25,27.8
1081,42,24,26,16,0,172,78,45.3
1082,0,0,0,0,0,26,6,23.1
1083,4,4,0,3,1,65,21,32.3
1084,0,0,0,0,0,16,1,6.3
1085,20,9,13,4,3,126,46,36.5
1086,37,27,17,10,10,244,84,34.4
1087,75,48,47,21,7,490,166,33.9
1088,75,47,39,30,6,799,190,23.8
1089,21,10,9,11,1,117,39,33.3
1090,32,26,10,17,5,220,70,31.8
1091,0,0,0,0,0,3,1,33.3
1092,81,56,21,52,8,744,196,26.3
1093,0,0,0,0,0,2,0,0.0
1094,29,20,8,14,7,282,81,28.7
1095,27,18,10,16,1,222,69,31.1
1096,33,21,15,15,3,544,133,24.4
1097,11,8,2,4,5,301,72,23.9
1098,36,24,28,7,1,170,60,35.3
1099,67,47,36,28,3,329,117,35.6
1100,0,0,0,0,0,3,0,0.0
1101,0,0,0,0,0,0,0,
1102,40,22,26,14,0,225,85,37.8
1103,72,45,33,33,6,566,141,24.9
1104,40,27,19,18,3,484,121,25.0
1105,0,0,0,0,0,5,0,0.0
1106,10,7,6,2,2,166,48,28.9
1107,6,3,5,1,0,47,14,29.8
1108,25,12,20,5,0,179,59,33.0
1109,37,18,10,16,11,644,153,23.8
1110,50,28,34,15,1,242,77,31.8
1111,1,0,1,0,0,13,4,30.8
1112,18,11,11,5,2,240,70,29.2
1113,6,1,3,3,0,10,2,20.0
1114,20,16,8,9,3,194,69,35.6
1115,0,0,0,0,0,0,0,
1116,0,0,0,0,0,8,1,12.5
1117,1,1,0,1,0,8,3,37.5
1118,21,14,5,12,4,224,38,17.0
1119,0,0,0,0,0,3,1,33.3
1120,44,21,36,4,4,217,72,33.2
1121,15,6,8,7,0,97,30,30.9
1122,8,5,5,2,1,121,29,24.0
1123,80,49,30,37,13,678,182,26.8
1124,68,47,39,26,3,289,125,43.3
1125,24,19,15,7,2,129,53,41.1
1126,23,16,4,12,7,322,95,29.5
1127,0,0,0,0,0,2,0,0.0
1128,23,17,14,7,2,165,52,31.5
1129,4,4,1,2,1,47,21,44.7
1130,90,57,43,40,7,632,212,33.5
1131,52,32,32,17,3,326,114,35.0
1132,14,5,7,7,0,169,30,17.8
1133,12,3,5,4,3,86,23,26.7
1134,13,8,9,2,2,67,21,31.3
1135,3,3,3,0,0,11,3,27.3
1136,3,1,0,1,2,222,62,27.9
1137,60,41,25,31,4,462,117,25.3
1138,79,58,39,36,4,568,176,31.0
1139,4,3,0,3,1,128,30,23.4
1140,6,4,1,4,1,217,56,25.8
1141,4,4,2,1,1,36,9,25.0
1142,2,2,0,2,0,23,5,21.7
1143,5,5,1,3,1,287,56,19.5
1144,27,17,13,12,2,195,48,24.6
1145,13,10,8,3,2,92,29,31.5
1146,6,5,0,4,2,193,56,29.0
1147,1,1,0,0,1,8,3,37.5
1148,19,13,5,10,4,486,133,27.4
1149,2,1,0,2,0,43,11,25.6
1150,28,21,8,13,7,329,87,26.4
1151,3,2,1,1,1,13,4,30.8
1152,3,3,2,1,0,44,20,45.5
1153,26,16,16,10,0,139,53,38.1
1154,1,0,1,0,0,15,0,0.0
1155,12,7,2,7,3,493,106,21.5
1156,0,0,0,0,0,12,3,25.0
1157,10,7,3,3,4,159,41,25.8
1158,51,32,17,24,10,859,227,26.4
1159,20,11,7,8,5,485,130,26.8
1160,31,23,9,14,8,424,122,28.8
1161,28,17,8,13,7,414,101,24.4
1162,36,20,9,21,6,368,99,26.9
1163,9,7,0,6,3,259,74,28.6
1164,14,8,3,9,2,195,45,23.1
1165,23,16,16,7,0,138,53,38.4
1166,0,0,0,0,0,4,0,0.0
1167,1,0,1,0,0,8,2,25.0
1168,0,0,0,0,0,43,8,18.6
1169,27,14,11,14,2,369,96,26.0
1170,49,33,27,17,5,325,101,31.1
1171,3,1,2,1,0,19,5,26.3
1172,6,4,4,2,0,26,9,34.6
1173,7,4,1,3,3,94,17,18.1
1174,7,3,2,2,3,51,20,39.2
1175,47,25,22,23,2,368,101,27.4
1176,53,34,30,13,10,403,109,27.0
1177,28,15,17,9,2,176,49,27.8
1178,25,15,6,12,7,569,143,25.1
1179,0,0,0,0,0,2,2,100.0
1180,42,23,20,17,5,271,72,26.6
1181,3,2,1,1,1,39,11,28.2
1182,28,15,9,15,4,433,94,21.7
1183,16,6,7,5,4,137,31,22.6
1184,42,24,30,8,4,272,100,36.8
1185,39,16,26,12,1,129,46,35.7
1186,9,4,3,2,4,174,43,24.7
1187,0,0,0,0,0,2,0,0.0
1188,31,19,10,17,4,257,79,30.7
1189,3,2,2,0,1,39,11,28.2
1190,0,0,0,0,0,3,0,0.0
1191,1,1,1,0,0,41,8,19.5
1192,47,29,28,18,1,302,86,28.5
1193,30,14,13,15,2,170,57,33.5
1194,1,1,1,0,0,162,32,19.8
1195,0,0,0,0,0,0,0,
1196,25,19,4,9,12,419,127,30.3
1197,4,2,3,1,0,22,11,50.0
1198,29,23,7,15,7,589,141,23.9
1199,17,11,5,9,3,221,59,26.7
1200,30,19,5,17,8,595,135,22.7
1201,8,4,5,2,1,36,6,16.7
1202,4,3,0,2,2,63,20,31.7
1203,3,2,0,1,2,27,7,25.9
1204,4,2,2,2,0,18,9,50.0
1205,30,22,10,13,7,313,97,31.0
1206,17,10,2,11,4,353,104,29.5
1207,17,11,10,3,4,177,49,27.7
1208,60,47,23,32,5,491,139,28.3
1209,0,0,0,0,0,0,0,
1210,69,44,22,35,12,556,162,29.1
1211,0,0,0,0,0,3,0,0.0
1212,3,3,0,3,0,188,66,35.1
1213,25,16,5,12,8,543,143,26.3
1214,3,2,1,1,1,119,17,14.3
1215,34,21,13,18,3,573,127,22.2
1216,24,10,14,10,0,65,26,40.0
1217,3,3,1,1,1,44,11,25.0
1218,1,1,0,1,0,71,17,23.9
1219,3,2,0,2,1,69,20,29.0
1220,5,4,1,3,1,49,13,26.5
1221,4,3,2,2,0,32,8,25.0
1222,32,14,12,13,7,295,75,25.4
1223,33,19,15,10,8,399,94,23.6
1224,27,17,11,12,4,299,88,29.4
1225,35,19,21,13,1,158,57,36.1
1226,3,0,1,1,1,34,7,20.6
1227,8,5,5,3,0,38,14,36.8
1228,56,36,42,14,0,218,80,36.7
1229,40,24,32,8,0,248,86,34.7
1230,28,17,8,12,8,306,85,27.8
1231,31,21,16,15,0,283,86,30.4
1232,22,10,13,5,4,288,67,23.3
1233,44,31,11,29,4,552,153,27.7
1234,0,0,0,0,0,1,0,0.0
1235,0,0,0,0,0,52,17,32.7
1236,3,3,1,1,1,33,10,30.3
1237,43,19,19,19,5,304,81,26.6
1238,29,21,8,17,4,457,133,29.1
1239,14,8,6,4,4,149,44,29.5
1240,76,53,38,35,3,355,127,35.8
1241,66,31,47,15,4,313,97,31.0
1242,19,14,8,8,3,151,46,30.5
1243,20,14,5,13,2,448,100,22.3
1244,0,0,0,0,0,19,2,10.5
1245,3,2,1,1,1,113,28,24.8
1246,58,43,29,22,7,438,141,32.2
1247,0,0,0,0,0,0,0,
1248,6,5,3,2,1,43,18,41.9
1249,8,4,2,3,3,215,59,27.4
1250,8,5,3,4,1,137,35,25.5
1251,0,0,0,0,0,2,0,0.0
1252,0,0,0,0,0,7,0,0.0
1253,33,20,25,7,1,206,67,32.5
1254,7,6,2,2,3,119,36,30.3
1255,41,26,26,14,1,189,65,34.4
1256,10,6,4,3,3,53,16,30.2
1257,2,1,1,0,1,26,3,11.5
1258,27,20,8,13,6,213,78,36.6
1259,2,1,1,1,0,41,7,17.1
1260,9,6,5,4,0,73,29,39.7
1261,24,18,18,6,0,181,63,34.8
1262,11,8,2,5,4,111,30,27.0
1263,59,39,25,30,4,406,131,32.3
1264,52,33,24,19,9,593,165,27.8
1265,3,1,0,3,0,27,7,25.9
1266,18,11,5,4,9,250,63,25.2
1267,61,35,18,33,10,582,140,24.1
1268,17,13,3,8,6,131,44,33.6
1269,11,6,1,4,6,324,97,29.9
1270,38,25,32,6,0,170,61,35.9
1271,4,3,3,1,0,17,5,29.4
1272,63,40,27,22,14,510,174,34.1
1273,41,25,31,10,0,124,49,39.5
1274,19,15,8,7,4,496,123,24.8
1275,41,27,27,7,7,271,84,31.0
1276,4,3,1,3,0,49,14,28.6
1277,26,15,20,6,0,123,43,35.0
1278,66,47,22,34,10,589,161,27.3
1279,23,13,4,14,5,226,69,30.5
1280,36,25,26,10,0,243,91,37.4
1281,9,4,4,5,0,53,25,47.2
1282,48,26,25,20,3,343,130,37.9
1283,19,12,5,9,5,259,69,26.6
1284,48,23,34,13,1,282,89,31.6
1285,40,25,32,8,0,190,74,38.9
1286,41,24,24,16,1,270,77,28.5
1287,0,0,0,0,0,1,1,100.0
1288,0,0,0,0,0,33,9,27.3
1289,1,0,0,1,0,88,18,20.5
1290,58,39,23,31,4,357,125,35.0
1291,79,54,31,34,14,484,137,28.3
1292,41,25,24,12,5,262,112,42.7
1293,35,18,22,6,7,230,67,29.1
1294,17,12,12,5,0,158,49,31.0
1295,41,25,21,17,3,184,58,31.5
1296,13,7,10,2,1,56,17,30.4
1297,5,4,1,4,0,139,28,20.1
1298,66,47,37,22,7,461,131,28.4
1299,33,25,14,15,4,299,89,29.8
1300,32,20,20,10,2,156,46,29.5
1301,2,2,2,0,0,24,3,12.5
1302,24,15,18,5,1,81,23,28.4
1303,27,18,20,7,0,193,63,32.6
1304,0,0,0,0,0,34,8,23.5
1305,27,16,21,5,1,167,60,35.9
1306,71,47,33,25,13,558,156,28.0
1307,2,1,0,2,0,50,14,28.0
1308,5,3,0,2,3,161,30,18.6
1309,5,4,1,3,1,50,21,42.0
1310,0,0,0,0,0,7,1,14.3
1311,61,41,32,25,4,248,89,35.9
1312,10,6,5,4,1,219,48,21.9
1313,23,16,15,5,3,184,76,41.3
1314,1,0,0,0,1,15,6,40.0
1315,70,45,45,23,2,418,123,29.4
1316,80,55,31,42,7,534,173,32.4
1317,16,13,8,5,3,226,73,32.3
1318,8,6,5,2,1,51,15,29.4
1319,0,0,0,0,0,0,0,
1320,20,12,16,2,2,134,40,29.9
1321,3,2,2,1,0,229,65,28.4
1322,43,28,16,22,5,386,128,33.2
1323,1,1,1,0,0,4,3,75.0
1324,18,9,6,11,1,186,46,24.7
1325,4,3,2,2,0,32,11,34.4
1326,21,12,8,11,2,106,28,26.4
1327,57,41,18,29,10,594,153,25.8
1328,0,0,0,0,0,7,1,14.3
1329,17,11,9,5,3,117,41,35.0
1330,0,0,0,0,0,25,5,20.0
1331,35,25,16,14,5,492,126,25.6
1332,51,35,25,20,6,445,116,26.1
1333,38,21,10,19,9,728,173,23.8
1334,57,39,30,24,3,369,123,33.3
1335,39,28,15,21,3,339,89,26.3
1336,22,16,11,9,2,346,87,25.1
1337,37,20,23,11,3,333,81,24.3
1338,22,9,6,12,4,142,44,31.0
1339,8,7,2,3,3,84,34,40.5
1340,13,9,3,8,2,139,46,33.1
1341,37,21,19,16,2,147,42,28.6
1342,1,1,0,1,0,23,5,21.7
1343,1,0,0,1,0,74,13,17.6
1344,23,18,3,15,5,476,128,26.9
1345,23,19,6,12,5,464,114,24.6
1346,2,2,1,1,0,19,6,31.6
1347,0,0,0,0,0,7,1,14.3
1348,25,17,17,8,0,214,55,25.7
1349,1,1,0,0,1,2,1,50.0
1350,99,60,31,52,16,831,276,33.2
1351,58,36,28,21,9,508,163,32.1
1352,7,5,2,4,1,66,15,22.7
1353,41,26,22,17,2,352,108,30.7
1354,20,12,9,9,2,132,41,31.1
1355,27,21,8,15,4,315,88,27.9
1356,2,0,1,1,0,3,3,100.0
1357,9,3,8,1,0,91,17,18.7
1358,17,10,14,3,0,79,23,29.1
1359,8,5,3,4,1,81,15,18.5
1360,5,3,5,0,0,27,10,37.0
1361,5,2,3,1,1,61,18,29.5
1362,11,9,6,3,2,344,76,22.1
1363,20,14,8,10,2,329,64,19.5
1364,12,8,8,4,0,62,26,41.9
1365,46,21,29,17,0,346,101,29.2
1366,2,1,0,2,0,43,9,20.9
1367,0,0,0,0,0,11,3,27.3
1368,29,18,8,13,8,630,153,24.3
1369,18,10,14,4,0,163,60,36.8
1370,24,17,11,13,0,270,69,25.6
1371,20,12,10,9,1,111,32,28.8
1372,40,22,17,20,3,371,99,26.7
1373,29,23,14,13,2,138,54,39.1
1374,60,42,31,25,4,377,122,32.4
1375,23,10,12,6,5,155,42,27.1
1376,4,2,2,2,0,24,8,33.3
1377,11,2,9,2,0,98,22,22.4
1378,10,6,4,3,3,74,18,24.3
1379,32,14,18,8,6,278,77,27.7
1380,19,13,12,7,0,241,71,29.5
1381,0,0,0,0,0,12,3,25.0
1382,45,27,28,17,0,189,83,43.9
1383,51,35,21,26,4,501,153,30.5
1384,29,19,16,13,0,239,67,28.0
1385,8,4,2,6,0,196,47,24.0
1386,0,0,0,0,0,8,2,25.0
1387,5,4,0,3,2,71,13,18.3
1388,0,0,0,0,0,5,1,20.0
1389,69,43,38,21,10,606,155,25.6
1390,5,4,3,2,0,65,20,30.8
1391,18,9,11,4,3,295,69,23.4
1392,18,14,9,9,0,95,43,45.3
1393,18,9,10,6,2,160,33,20.6
1394,69,41,27,38,4,454,135,29.7
1395,8,6,6,2,0,58,19,32.8
1396,23,15,13,6,4,118,38,32.2
1397,0,0,0,0,0,0,0,
1398,12,9,5,5,2,196,48,24.5
1399,0,0,0,0,0,4,0,0.0
1400,49,37,32,16,1,282,122,43.3
1401,15,9,7,4,4,143,27,18.9
1402,0,0,0,0,0,1,0,0.0
1403,61,35,39,18,4,503,158,31.4
1404,0,0,0,0,0,3,0,0.0
1405,27,15,12,8,7,381,101,26.5
1406,6,4,0,4,2,108,25,23.1
1407,34,19,19,10,5,296,71,24.0
1408,13,9,6,3,4,142,30,21.1
1409,81,49,28,47,6,575,173,30.1
1410,0,0,0,0,0,1,0,0.0
1411,19,12,3,8,8,391,124,31.7
1412,56,31,45,6,5,369,113,30.6
1413,5,5,0,3,2,137,28,20.4
1414,23,9,16,4,3,165,41,24.8
1415,42,28,16,22,4,322,96,29.8
1416,19,8,16,2,1,103,32,31.1
1417,40,27,26,12,2,216,72,33.3
1418,0,0,0,0,0,9,3,33.3
1419,5,2,3,2,0,19,4,21.1
1420,4,4,2,2,0,22,11,50.0
1421,5,4,2,3,0,53,10,18.9
1422,2,0,2,0,0,18,5,27.8
1423,30,16,21,8,1,221,64,29.0
1424,63,32,30,23,10,438,124,28.3
1425,13,9,5,2,6,336,80,23.8
1426,31,20,20,6,5,245,69,28.2
1427,32,21,22,9,1,205,76,37.1
1428,1,1,0,1,0,108,28,25.9
1429,33,22,8,19,6,309,98,31.7
1430,5,4,5,0,0,21,9,42.9
1431,0,0,0,0,0,1,0,0.0
1432,51,33,13,31,7,420,134,31.9
1433,23,17,12,11,0,234,63,26.9
1434,14,10,5,7,2,123,41,33.3
1435,1,1,0,1,0,12,6,50.0
1436,6,4,0,4,2,77,24,31.2
1437,87,59,34,45,8,520,174,33.5
1438,73,46,29,32,12,363,101,27.8
1439,0,0,0,0,0,21,10,47.6
1440,5,5,1,2,2,46,14,30.4
1441,10,8,8,2,0,54,17,31.5
1442,19,15,5,10,4,315,98,31.1
1443,6,3,3,3,0,189,34,18.0
1444,43,21,19,20,4,513,112,21.8
1445,8,5,4,2,2,68,19,27.9
1446,0,0,0,0,0,7,2,28.6
1447,1,1,0,1,0,20,8,40.0
1448,2,1,0,2,0,15,4,26.7
1449,10,6,2,4,4,185,55,29.7
1450,39,30,18,19,2,382,120,31.4
1451,2,2,2,0,0,7,1,14.3
1452,5,3,3,2,0,18,9,50.0
1453,47,26,23,18,6,197,61,31.0
1454,2,1,1,1,0,29,9,31.0
1455,13,10,6,7,0,227,64,28.2
1456,0,0,0,0,0,13,3,23.1
1457,0,0,0,0,0,6,1,16.7
1458,38,27,14,23,1,339,101,29.8
1459,0,0,0,0,0,0,0,
1460,3,3,3,0,0,21,6,28.6
1461,58,45,19,31,8,596,147,24.7
1462,0,0,0,0,0,0,0,
1463,16,9,12,4,0,80,22,27.5
1464,14,10,8,4,2,173,42,24.3
1465,9,6,3,5,1,70,19,27.1
1466,44,24,20,21,3,202,60,29.7
1467,10,7,1,6,3,283,50,17.7
1468,5,4,3,2,0,47,18,38.3
1469,3,3,3,0,0,6,4,66.7
1470,1,0,1,0,0,14,1,7.1
1471,14,9,8,4,2,73,21,28.8
1472,40,29,31,9,0,255,84,32.9
1473,43,24,27,13,3,249,76,30.5
1474,15,7,4,8,3,353,78,22.1
1475,93,51,56,34,3,508,187,36.8
1476,0,0,0,0,0,12,2,16.7
1477,33,20,22,10,1,191,66,34.6
1478,52,33,34,14,4,592,155,26.2
1479,5,3,1,3,1,54,18,33.3
1480,11,4,3,7,1,257,60,23.3
1481,33,22,17,10,6,312,76,24.4
1482,44,31,19,22,3,473,121,25.6
1483,34,24,19,8,7,290,94,32.4
1484,50,33,22,18,10,605,172,28.4
1485,12,8,8,3,1,52,16,30.8
1486,24,16,12,7,5,282,81,28.7
1487,0,0,0,0,0,0,0,
1488,26,15,12,12,2,133,42,31.6
1489,24,12,15,6,3,192,48,25.0
1490,34,21,19,15,0,301,87,28.9
1491,9,4,4,3,2,105,25,23.8
1492,28,19,12,9,7,358,94,26.3
1493,4,2,4,0,0,22,5,22.7
1494,56,39,19,23,14,627,199,31.7
1495,25,13,15,10,0,89,24,27.0
1496,31,19,14,12,5,258,65,25.2
1497,2,0,2,0,0,6,1,16.7
1498,0,0,0,0,0,5,2,40.0
1499,15,11,5,8,2,81,33,40.7
1500,44,27,25,18,1,240,90,37.5
1501,5,5,2,2,1,39,12,30.8
1502,32,21,9,13,10,394,111,28.2
1503,4,3,1,3,0,13,5,38.5
1504,9,3,5,2,2,127,35,27.6
1505,96,68,44,43,9,785,198,25.2
1506,0,0,0,0,0,3,2,66.7
1507,41,27,30,9,2,297,84,28.3
1508,6,5,0,4,2,185,40,21.6
1509,9,6,4,3,2,49,18,36.7
1510,34,20,16,13,5,407,93,22.9
1511,16,10,5,10,1,211,62,29.4
1512,53,34,13,32,8,698,206,29.5
1513,36,21,23,13,0,175,42,24.0
1514,8,5,3,4,1,30,6,20.0
1515,0,0,0,0,0,7,1,14.3
1516,21,15,5,15,1,319,91,28.5
1517,9,4,1,5,3,110,26,23.6
1518,63,28,43,18,2,292,79,27.1
1519,15,11,2,7,6,447,106,23.7
1520,0,0,0,0,0,26,12,46.2
1521,49,29,25,19,5,290,101,34.8
1522,55,35,31,22,2,393,112,28.5
1523,27,17,9,11,7,418,96,23.0
1524,0,0,0,0,0,6,2,33.3
1525,48,32,26,19,3,210,68,32.4
1526,32,16,22,9,1,175,54,30.9
1527,52,33,16,25,11,608,150,24.7
1528,50,35,13,23,14,504,153,30.4
1529,6,4,5,1,0,44,16,36.4
1530,34,23,14,16,4,497,122,24.5
1531,10,5,3,5,2,114,25,21.9
1532,34,17,21,12,1,159,53,33.3
1533,47,32,32,11,4,220,71,32.3
1534,0,0,0,0,0,6,1,16.7
1535,15,11,5,5,5,140,36,25.7
1536,59,29,36,20,3,256,70,27.3
1537,32,17,20,8,4,127,56,44.1
1538,20,12,7,11,2,137,45,32.8
1539,32,16,22,9,1,108,41,38.0
1540,26,17,16,8,2,158,44,27.8
1541,12,9,7,5,0,100,31,31.0
1542,5,0,1,3,1,72,11,15.3
1543,0,0,0,0,0,2,1,50.0
1544,1,0,0,1,0,4,0,0.0
1545,3,1,2,1,0,11,3,27.3
1546,24,11,19,4,1,98,31,31.6
1547,0,0,0,0,0,14,3,21.4
1548,25,12,18,5,2,197,57,28.9
1549,6,5,5,1,0,78,31,39.7
1550,0,0,0,0,0,2,0,0.0
1551,19,6,13,5,1,87,22,25.3
1552,0,0,0,0,0,5,2,40.0
1553,51,28,35,16,0,234,88,37.6
1554,43,21,29,13,1,220,59,26.8
1555,0,0,0,0,0,19,4,21.1
1556,3,1,1,1,1,22,9,40.9
1557,43,25,16,22,5,293,108,36.9
1558,19,9,13,3,3,149,27,18.1
1559,20,11,8,8,4,450,85,18.9
1560,15,12,1,4,10,379,108,28.5
1561,21,15,12,5,4,218,61,28.0
1562,0,0,0,0,0,0,0,
1563,0,0,0,0,0,1,1,100.0
1564,5,3,3,0,2,16,7,43.8
1565,8,7,4,3,1,51,16,31.4
1566,0,0,0,0,0,13,2,15.4
1567,23,13,12,9,2,247,69,27.9
1568,0,0,0,0,0,1,0,0.0
1569,0,0,0,0,0,1,0,0.0
1570,55,31,40,13,2,249,90,36.1
1571,0,0,0,0,0,1,1,100.0
1572,13,8,9,4,0,89,25,28.1
1573,17,13,0,7,10,519,131,25.2
1574,2,2,2,0,0,25,6,24.0
1575,43,29,31,11,1,207,59,28.5
1576,31,20,13,14,4,269,70,26.0
1577,15,8,9,5,1,145,41,28.3
1578,66,41,26,36,4,444,140,31.5
1579,24,14,16,5,3,158,46,29.1
1580,14,13,11,3,0,79,25,31.6
1581,40,25,26,11,3,262,77,29.4
1582,0,0,0,0,0,4,0,0.0
1583,43,27,28,12,3,223,65,29.1
1584,26,12,3,14,9,456,109,23.9
1585,8,7,2,4,2,118,35,29.7
1586,51,29,35,12,4,404,109,27.0
1587,6,3,0,6,0,173,45,26.0
1588,41,21,18,22,1,276,79,28.6
1589,13,9,5,6,2,64,27,42.2
1590,10,4,3,3,4,272,64,23.5
1591,0,0,0,0,0,16,0,0.0
1592,33,20,22,8,3,125,39,31.2
1593,54,35,18,23,13,506,147,29.1
1594,28,17,8,13,7,703,185,26.3
1595,22,14,12,7,3,345,101,29.3
1596,38,25,21,13,4,395,127,32.2
1597,10,4,4,2,4,83,24,28.9
1598,3,1,0,3,0,26,5,19.2
1599,0,0,0,0,0,2,0,0.0
1600,9,4,4,2,3,322,84,26.1
1601,1,0,0,1,0,6,3,50.0
1602,71,43,39,26,6,330,120,36.4
1603,4,2,1,1,2,137,40,29.2
1604,18,11,11,5,2,213,57,26.8
1605,2,1,2,0,0,6,1,16.7
1606,1,1,0,1,0,12,4,33.3
1607,6,4,1,4,1,92,23,25.0
1608,110,70,50,46,14,932,263,28.2
1609,35,21,9,20,6,619,150,24.2
1610,0,0,0,0,0,1,1,100.0
1611,77,42,33,37,7,419,125,29.8
1612,59,41,24,22,13,508,144,28.3
1613,42,26,10,23,9,460,118,25.7
1614,0,0,0,0,0,0,0,
1615,53,35,23,25,5,492,148,30.1
1616,48,31,26,18,4,588,159,27.0
1617,55,28,20,22,13,734,178,24.3
1618,50,31,20,26,4,262,84,32.1
1619,23,15,15,7,1,112,40,35.7
1620,34,22,14,17,3,346,97,28.0
1621,35,16,23,12,0,176,56,31.8
1622,6,4,4,2,0,62,13,21.0
1623,14,5,3,8,3,325,90,27.7
1624,47,34,24,18,5,443,114,25.7
1625,13,6,5,4,4,94,23,24.5
1626,9,6,5,3,1,171,48,28.1
1627,28,16,14,11,3,256,69,27.0
1628,17,13,8,6,3,188,53,28.2
1629,38,29,22,16,0,197,68,34.5
1630,47,31,24,17,6,397,107,27.0
1631,22,13,9,9,4,314,68,21.7
1632,15,8,9,6,0,143,32,22.4
1633,18,11,6,9,3,265,68,25.7
1634,4,2,2,0,2,134,27,20.1
1635,22,17,9,8,5,142,41,28.9
1636,0,0,0,0,0,3,1,33.3
1637,31,16,19,8,4,169,54,32.0
1638,7,4,4,2,1,42,14,33.3
1639,59,27,33,19,7,260,65,25.0
1640,23,14,14,9,0,132,49,37.1
1641,0,0,0,0,0,17,5,29.4
1642,8,5,4,4,0,72,22,30.6
1643,0,0,0,0,0,3,0,0.0
1644,26,14,9,12,5,264,77,29.2
1645,82,63,20,52,10,668,202,30.2
1646,0,0,0,0,0,10,2,20.0
1647,5,3,4,1,0,31,10,32.3
1648,23,20,4,10,9,502,146,29.1
1649,45,29,18,19,8,478,134,28.0
1650,14,10,2,3,9,287,87,30.3
1651,28,16,8,14,6,186,58,31.2
1652,22,15,17,3,2,87,34,39.1
1653,17,8,9,8,0,144,39,27.1
1654,1,0,0,1,0,15,4,26.7
1655,47,32,26,18,3,525,131,25.0
1656,17,7,3,5,9,349,88,25.2
1657,2,1,1,0,1,49,14,28.6
1658,52,31,29,21,2,248,82,33.1
1659,0,0,0,0,0,3,0,0.0
1660,68,48,41,24,3,369,114,30.9
1661,16,9,2,6,8,289,73,25.3
1662,82,59,31,38,13,710,193,27.2
1663,23,14,14,9,0,101,34,33.7
1664,60,37,34,24,2,519,135,26.0
1665,1,1,1,0,0,42,9,21.4
1666,17,10,3,12,2,169,41,24.3
1667,14,8,6,6,2,405,101,24.9
1668,43,20,30,11,2,229,66,28.8
1669,4,3,1,3,0,63,20,31.7
1670,25,17,18,6,1,160,66,41.3
1671,63,32,42,17,4,303,90,29.7
1672,15,7,8,7,0,155,45,29.0
1673,0,0,0,0,0,1,0,0.0
1674,52,28,23,18,11,420,87,20.7
1675,6,2,4,0,2,48,13,27.1
1676,20,15,13,7,0,168,61,36.3
1677,66,35,35,19,12,380,102,26.8
1678,0,0,0,0,0,32,8,25.0
1679,40,28,11,22,7,296,73,24.7
1680,10,6,3,4,3,231,52,22.5
1681,34,17,6,13,15,403,94,23.3
1682,2,1,1,1,0,18,6,33.3
1683,37,24,27,9,1,220,78,35.5
1684,9,6,1,4,4,213,56,26.3
1685,10,5,2,6,2,300,74,24.7
1686,55,31,24,25,6,367,101,27.5
1687,1,0,0,1,0,30,10,33.3
1688,23,14,6,16,1,310,77,24.8
1689,4,4,3,1,0,34,10,29.4
1690,40,24,23,15,2,304,81,26.6
1691,0,0,0,0,0,3,2,66.7
1692,0,0,0,0,0,0,0,
1693,17,11,9,7,1,156,42,26.9
1694,49,28,30,14,5,375,92,24.5
1695,0,0,0,0,0,3,0,0.0
1696,43,31,13,19,11,421,125,29.7
1697,14,10,2,6,6,313,78,24.9
1698,36,27,17,14,5,476,124,26.1
1699,19,15,6,9,4,328,85,25.9
1700,20,14,9,10,1,174,45,25.9
1701,42,27,25,14,3,252,71,28.2
1702,23,16,20,2,1,145,46,31.7
1703,33,21,17,13,3,231,73,31.6
1704,40,24,28,10,2,375,107,28.5
1705,17,14,2,11,4,393,91,23.2
1706,5,4,2,2,1,38,6,15.8
1707,5,4,3,2,0,30,16,53.3
1708,6,5,4,2,0,66,17,25.8
1709,0,0,0,0,0,0,0,
1710,15,10,4,6,5,373,90,24.1
1711,1,0,1,0,0,14,4,28.6
1712,0,0,0,0,0,3,1,33.3
1713,6,3,2,3,1,45,18,40.0
1714,3,2,1,0,2,173,37,21.4
1715,29,19,23,5,1,103,40,38.8
1716,0,0,0,0,0,2,1,50.0
1717,48,31,14,21,13,734,205,27.9
1718,53,33,19,21,13,532,144,27.1
1719,11,4,2,5,4,296,83,28.0
1720,0,0,0,0,0,6,2,33.3
1721,92,54,42,40,10,882,213,24.1
1722,6,2,1,4,1,85,23,27.1
1723,0,0,0,0,0,0,0,
1724,29,15,18,11,0,202,56,27.7
1725,66,38,39,18,9,293,110,37.5
1726,22,12,15,6,1,124,44,35.5
1727,46,30,33,7,6,198,73,36.9
1728,0,0,0,0,0,1,0,0.0
1729,50,40,9,31,10,571,213,37.3
1730,26,17,10,13,3,178,49,27.5
1731,34,23,16,11,7,335,88,26.3
1732,24,9,9,13,2,134,55,41.0
1733,0,0,0,0,0,10,2,20.0
1734,3,1,1,0,2,37,9,24.3
1735,31,20,18,10,3,417,101,24.2
1736,16,8,3,7,6,259,89,34.4
1737,37,17,28,8,1,152,48,31.6
1738,16,10,12,4,0,86,26,30.2
1739,3,2,0,2,1,144,35,24.3
1740,47,34,23,16,8,289,82,28.4
1741,13,9,10,3,0,170,60,35.3
1742,0,0,0,0,0,1,0,0.0
1743,0,0,0,0,0,1,0,0.0
1744,0,0,0,0,0,1,0,0.0
1745,14,9,9,4,1,108,36,33.3
1746,3,2,0,3,0,52,13,25.0
1747,0,0,0,0,0,0,0,
1748,15,6,11,4,0,61,17,27.9
1749,35,21,15,17,3,311,97,31.2
1750,50,34,23,21,6,377,108,28.6
1751,6,4,2,3,1,58,13,22.4
1752,0,0,0,0,0,7,2,28.6
1753,0,0,0,0,0,3,1,33.3
1754,0,0,0,0,0,7,3,42.9
1755,39,23,27,11,1,173,69,39.9
1756,51,28,30,16,5,296,96,32.4
1757,12,6,7,4,1,52,14,26.9
1758,33,22,9,15,9,266,73,27.4
1759,65,47,32,29,4,491,168,34.2
1760,24,14,12,11,1,117,40,34.2
1761,68,46,37,25,6,665,156,23.5
1762,37,24,25,11,1,138,55,39.9
1763,3,2,2,1,0,23,2,8.7
1764,47,27,31,14,2,269,81,30.1
1765,34,19,21,11,2,230,63,27.4
1766,0,0,0,0,0,2,0,0.0
1767,15,11,8,7,0,67,29,43.3
1768,0,0,0,0,0,3,0,0.0
1769,0,0,0,0,0,1,1,100.0
1770,125,76,61,52,12,744,243,32.7
1771,10,8,4,6,0,177,45,25.4
1772,27,19,12,14,1,226,56,24.8
1773,12,6,8,3,1,164,31,18.9
1774,13,7,5,6,2,239,61,25.5
1775,0,0,0,0,0,0,0,
1776,11,5,3,8,0,239,66,27.6
1777,1,1,0,1,0,6,1,16.7
1778,46,27,15,24,7,503,159,31.6
1779,16,7,10,4,2,263,60,22.8
1780,64,42,26,33,5,688,170,24.7
1781,14,7,3,8,3,170,49,28.8
1782,19,12,16,3,0,112,34,30.4
1783,2,1,1,1,0,32,16,50.0
1784,15,10,11,2,2,59,22,37.3
1785,,0,,,,,,
1786,45,35,24,15,6,417,122,29.3
1787,56,41,47,9,0,373,122,32.7
1788,15,10,10,5,0,182,45,24.7
1789,15,10,3,9,3,322,91,28.3
1790,0,0,0,0,0,5,0,0.0
1791,4,1,0,2,2,9,1,11.1
1792,0,0,0,0,0,1,0,0.0
1793,26,18,4,14,8,542,129,23.8
1794,98,65,43,46,9,602,192,31.9
1795,7,5,6,1,0,152,27,17.8
1796,3,1,0,3,0,14,4,28.6
1797,1,0,1,0,0,40,9,22.5
1798,10,7,4,5,1,163,39,23.9
1799,41,22,27,13,1,219,64,29.2
1800,29,22,6,16,7,428,149,34.8
1801,0,0,0,0,0,31,8,25.8
1802,50,36,19,25,6,502,136,27.1
1803,12,9,3,5,4,141,37,26.2
1804,6,4,4,2,0,73,22,30.1
1805,5,3,3,0,2,171,47,27.5
1806,4,2,3,1,0,47,11,23.4
1807,75,44,42,27,6,586,162,27.6
1808,0,0,0,0,0,1,0,0.0
1809,22,15,17,4,1,117,37,31.6
1810,13,10,10,3,0,112,38,33.9
1811,50,33,29,19,2,263,93,35.4
1812,1,0,1,0,0,7,0,0.0
1813,0,0,0,0,0,0,0,
1814,49,20,28,18,3,336,97,28.9
1815,7,7,3,2,2,34,13,38.2
1816,35,20,22,10,3,266,91,34.2
1817,6,2,1,1,4,179,56,31.3
1818,46,31,18,19,9,354,118,33.3
1819,0,0,0,0,0,1,0,0.0
1820,0,0,0,0,0,1,0,0.0
1821,52,32,29,13,10,501,144,28.7
1822,72,37,41,20,11,368,138,37.5
1823,8,4,6,2,0,39,13,33.3
1824,1,1,1,0,0,29,9,31.0
1825,0,0,0,0,0,4,2,50.0
1826,45,34,29,12,4,313,117,37.4
1827,25,16,6,9,10,559,128,22.9
1828,0,0,0,0,0,2,0,0.0
1829,64,36,43,19,2,379,115,30.3
1830,0,0,0,0,0,1,0,0.0
1831,17,12,11,5,1,106,38,35.8
1832,40,31,31,8,1,253,87,34.4
1833,9,6,5,4,0,210,55,26.2
1834,34,15,26,8,0,183,58,31.7
1835,68,38,33,23,12,367,127,34.6
1836,1,1,1,0,0,4,2,50.0
1837,1,0,1,0,0,13,2,15.4
1838,19,16,7,6,6,163,54,33.1
1839,0,0,0,0,0,0,0,
1840,34,24,26,8,0,141,55,39.0
1841,1,0,0,1,0,23,3,13.0
1842,22,12,5,10,7,428,102,23.8
1843,34,22,14,19,1,268,68,25.4
1844,1,1,1,0,0,37,12,32.4
1845,,5,,,,,,
1846,,8,,,,,,
1847,22,16,14,8,0,98,40,40.8
1848,34,21,10,9,15,382,101,26.4
1849,15,10,2,7,6,152,53,34.9
1850,0,0,0,0,0,7,2,28.6
1851,35,23,18,11,6,508,140,27.6
1852,31,22,6,18,7,371,106,28.6
1853,18,10,14,3,1,163,40,24.5
1854,8,5,0,3,5,439,136,31.0
1855,0,0,0,0,0,4,0,0.0
1856,22,12,19,2,1,109,36,33.0
1857,85,58,28,54,3,683,221,32.4
1858,23,16,13,8,2,95,31,32.6
1859,0,0,0,0,0,2,1,50.0
1860,9,7,3,4,2,107,32,29.9
1861,14,8,8,3,3,230,53,23.0
1862,0,0,0,0,0,6,0,0.0
1863,1,1,0,1,0,24,5,20.8
1864,9,7,3,5,1,198,44,22.2
1865,8,7,3,4,1,60,17,28.3
1866,23,14,4,12,7,374,111,29.7
1867,35,21,11,20,4,434,131,30.2
1868,20,8,13,6,1,280,71,25.4
1869,13,10,9,4,0,305,63,20.7
1870,35,22,15,12,8,398,105,26.4
1871,36,24,30,6,0,164,55,33.5
1872,0,0,0,0,0,2,1,50.0
1873,1,1,0,1,0,9,5,55.6
1874,10,10,2,6,2,311,84,27.0
1875,0,0,0,0,0,0,0,
1876,9,6,4,4,1,110,29,26.4
1877,1,1,1,0,0,53,6,11.3
1878,20,10,9,10,1,112,29,25.9
1879,23,14,1,9,13,595,152,25.5
1880,8,5,3,5,0,40,13,32.5
1881,14,8,7,7,0,80,32,40.0
1882,59,25,36,22,1,211,73,34.6
1883,22,7,9,10,3,126,44,34.9
1884,1,0,1,0,0,92,20,21.7
1885,0,0,0,0,0,36,10,27.8
1886,0,0,0,0,0,1,0,0.0
1887,11,6,1,6,4,275,64,23.3
1888,2,1,2,0,0,15,5,33.3
1889,23,13,17,5,1,181,51,28.2
1890,16,12,13,3,0,151,47,31.1
1891,39,30,12,20,7,300,89,29.7
1892,52,32,27,19,6,298,91,30.5
1893,3,3,2,1,0,31,6,19.4
1894,27,17,9,14,4,139,37,26.6
1895,62,46,25,30,7,650,165,25.4
1896,12,6,6,6,0,71,17,23.9
1897,0,0,0,0,0,0,0,
1898,61,33,23,26,12,392,104,26.5
1899,0,0,0,0,0,4,2,50.0
1900,65,45,34,28,3,445,138,31.0
1901,44,30,22,15,7,532,145,27.3
1902,15,10,3,4,8,98,30,30.6
1903,34,17,23,8,3,194,58,29.9
1904,0,0,0,0,0,5,0,0.0
1905,4,3,3,1,0,52,13,25.0
1906,1,1,0,1,0,13,7,53.8
1907,16,9,11,3,2,117,41,35.0
1908,36,22,16,15,5,279,94,33.7
1909,0,0,0,0,0,8,0,0.0
1910,6,3,4,2,0,59,14,23.7
1911,0,0,0,0,0,4,1,25.0
1912,21,12,5,11,5,233,66,28.3
1913,1,1,0,1,0,25,8,32.0
1914,10,4,8,2,0,103,32,31.1
1915,3,2,0,2,1,45,14,31.1
1916,5,2,4,1,0,21,4,19.0
1917,33,20,21,10,2,195,63,32.3
1918,2,2,1,1,0,17,6,35.3
1919,17,10,7,7,3,152,49,32.2
1920,1,1,0,0,1,12,4,33.3
1921,0,0,0,0,0,6,1,16.7
1922,22,16,9,7,6,431,104,24.1
1923,23,15,10,10,3,222,69,31.1
1924,0,0,0,0,0,2,1,50.0
1925,0,0,0,0,0,0,0,
1926,14,5,6,5,3,91,21,23.1
1927,0,0,0,0,0,0,0,
1928,32,20,10,14,8,395,102,25.8
1929,38,27,23,11,4,252,83,32.9
1930,7,3,4,2,1,83,25,30.1
1931,21,11,17,4,0,90,30,33.3
1932,25,14,13,9,3,126,43,34.1
1933,48,32,29,17,2,398,111,27.9
1934,0,0,0,0,0,2,0,0.0
1935,30,19,14,13,3,354,89,25.1
1936,0,0,0,0,0,9,4,44.4
1937,18,9,8,9,1,182,43,23.6
1938,0,0,0,0,0,1,0,0.0
1939,40,22,19,16,5,526,142,27.0
1940,22,12,5,11,6,429,114,26.6
1941,122,68,71,35,16,563,176,31.3
1942,2,2,1,0,1,50,8,16.0
1943,17,9,10,6,1,126,33,26.2
1944,17,10,9,4,4,344,93,27.0
1945,51,34,15,26,10,575,174,30.3
1946,5,3,3,0,2,75,24,32.0
1947,13,7,2,6,5,112,28,25.0
1948,15,7,5,7,3,193,58,30.1
1949,0,0,0,0,0,2,0,0.0
1950,8,5,2,5,1,72,22,30.6
1951,12,10,3,7,2,391,107,27.4
1952,60,42,32,23,5,480,156,32.5
1953,0,0,0,0,0,0,0,
1954,0,0,0,0,0,3,2,66.7
1955,22,16,6,10,6,256,87,34.0
1956,17,9,8,5,4,191,61,31.9
1957,33,19,17,13,3,287,92,32.1
1958,30,22,17,13,0,148,58,39.2
1959,11,6,6,5,0,37,14,37.8
1960,0,0,0,0,0,0,0,
1961,44,31,14,25,5,437,136,31.1
1962,7,4,2,2,3,265,59,22.3
1963,26,16,8,11,7,551,139,25.2
1964,0,0,0,0,0,0,0,
1965,1,0,1,0,0,1,0,0.0
1966,40,28,25,14,1,362,95,26.2
1967,43,28,31,11,1,270,105,38.9
1968,0,0,0,0,0,8,2,25.0
1969,17,6,14,3,0,146,46,31.5
1970,1,1,0,0,1,6,0,0.0
1971,24,12,10,9,5,380,94,24.7
1972,4,1,1,1,2,235,57,24.3
1973,6,1,0,3,3,339,84,24.8
1974,2,1,1,1,0,11,4,36.4
1975,4,0,1,2,1,16,3,18.8
1976,0,0,0,0,0,3,1,33.3
1977,0,0,0,0,0,5,3,60.0
1978,0,0,0,0,0,8,3,37.5
1979,21,12,8,12,1,91,26,28.6
1980,20,8,12,6,2,88,25,28.4
1981,,0,,,,,,
1982,58,41,23,32,3,345,85,24.6
1983,34,21,13,18,3,231,63,27.3
1984,21,14,3,10,8,490,99,20.2
1985,2,2,1,1,0,14,3,21.4
1986,0,0,0,0,0,0,0,
1987,13,6,9,4,0,80,26,32.5
1988,37,22,21,16,0,244,83,34.0
1989,0,0,0,0,0,3,1,33.3
1990,40,25,25,15,0,224,79,35.3
1991,49,30,32,13,4,255,95,37.3
1992,3,1,0,2,1,34,7,20.6
1993,46,26,16,24,6,384,108,28.1
1994,51,32,26,22,3,426,125,29.3
1995,25,15,17,6,2,193,45,23.3
1996,19,11,7,8,4,399,93,23.3
1997,4,1,2,2,0,42,7,16.7
1998,2,2,1,0,1,43,13,30.2
1999,25,16,11,10,4,164,57,34.8
2000,0,0,0,0,0,2,1,50.0
2001,52,40,21,25,6,508,152,29.9
2002,12,8,8,1,3,102,25,24.5
2003,1,1,0,0,1,48,14,29.2
2004,3,1,0,1,2,77,15,19.5
2005,20,13,15,4,1,81,39,48.1
2006,25,20,10,13,2,248,65,26.2
2007,0,0,0,0,0,5,1,20.0
2008,18,14,16,2,0,98,24,24.5
2009,11,5,3,7,1,96,32,33.3
2010,38,23,16,11,11,435,112,25.7
2011,85,42,51,29,5,343,106,30.9
2012,32,21,21,10,1,213,67,31.5
2013,0,0,0,0,0,0,0,
2014,13,11,0,10,3,414,94,22.7
2015,0,0,0,0,0,0,0,
2016,0,0,0,0,0,3,2,66.7
2017,39,32,32,7,0,306,91,29.7
2018,2,1,2,0,0,24,5,20.8
2019,6,3,3,2,1,42,11,26.2
2020,30,18,7,19,4,304,76,25.0
2021,2,0,0,1,1,49,16,32.7
2022,0,0,0,0,0,27,5,18.5
2023,37,25,10,20,7,433,111,25.6
2024,0,0,0,0,0,3,0,0.0
2025,44,23,23,17,4,527,132,25.0
2026,19,15,8,7,4,159,49,30.8
2027,58,38,29,23,6,484,144,29.8
2028,39,23,9,20,10,476,126,26.5
2029,10,6,1,7,2,148,30,20.3
2030,17,12,4,5,8,602,160,26.6
2031,66,39,28,32,6,699,196,28.0
2032,31,19,17,10,4,380,112,29.5
2033,6,3,3,2,1,38,8,21.1
2034,6,3,2,3,1,105,22,21.0
2035,8,5,0,7,1,444,113,25.5
2036,27,13,11,14,2,647,147,22.7
2037,1,0,1,0,0,16,3,18.8
2038,25,12,19,6,0,112,37,33.0
2039,25,11,17,7,1,204,62,30.4
2040,2,2,1,1,0,115,48,41.7
2041,56,39,16,25,15,496,150,30.2
2042,36,22,15,21,0,323,85,26.3
2043,9,7,2,5,2,168,41,24.4
2044,28,18,19,8,1,237,63,26.6
2045,0,0,0,0,0,1,0,0.0
2046,51,28,32,16,3,255,92,36.1
2047,0,0,0,0,0,1,0,0.0
2048,26,18,16,8,2,153,44,28.8
2049,0,0,0,0,0,0,0,
2050,0,0,0,0,0,24,8,33.3
2051,3,3,1,1,1,14,5,35.7
2052,76,53,34,36,6,508,161,31.7
2053,2,2,0,2,0,38,13,34.2
2054,2,2,2,0,0,10,4,40.0
2055,43,32,36,6,1,256,100,39.1
2056,1,1,1,0,0,2,2,100.0
2057,25,19,7,12,6,293,96,32.8
2058,16,7,3,6,7,448,110,24.6
2059,31,20,12,12,7,378,89,23.5
2060,9,9,1,4,4,249,49,19.7
2061,6,2,5,1,0,25,7,28.0
2062,3,1,0,1,2,38,8,21.1
2063,60,46,37,23,0,266,102,38.3
2064,0,0,0,0,0,8,1,12.5
2065,28,19,8,13,7,229,65,28.4
2066,0,0,0,0,0,0,0,
2067,4,2,3,1,0,21,10,47.6
2068,19,9,9,9,1,102,38,37.3
2069,0,0,0,0,0,8,1,12.5
2070,12,6,1,7,4,378,102,27.0
2071,24,16,14,6,4,456,139,30.5
2072,10,8,5,2,3,51,16,31.4
2073,0,0,0,0,0,12,1,8.3
2074,0,0,0,0,0,18,1,5.6
2075,20,12,6,7,7,326,82,25.2
2076,46,27,28,10,8,325,96,29.5
2077,31,23,13,15,3,301,69,22.9
2078,0,0,0,0,0,2,0,0.0
2079,57,46,16,25,16,643,193,30.0
2080,1,1,1,0,0,20,4,20.0
2081,4,1,3,1,0,26,8,30.8
2082,0,0,0,0,0,3,0,0.0
2083,57,33,31,22,4,351,100,28.5
2084,10,7,6,3,1,75,15,20.0
2085,0,0,0,0,0,5,1,20.0
2086,0,0,0,0,0,4,1,25.0
2087,0,0,0,0,0,0,0,
2088,11,8,4,3,4,188,45,23.9
2089,3,1,1,2,0,11,3,27.3
2090,17,11,10,7,0,132,39,29.5
2091,0,0,0,0,0,1,0,0.0
2092,6,4,2,1,3,144,46,31.9
2093,5,0,4,1,0,23,7,30.4
2094,32,22,8,15,9,442,121,27.4
2095,12,10,6,4,2,141,45,31.9
2096,5,4,2,3,0,80,18,22.5
2097,0,0,0,0,0,5,1,20.0
2098,3,1,2,0,1,43,11,25.6
2099,16,12,8,6,2,278,74,26.6
2100,0,0,0,0,0,2,0,0.0
2101,122,89,66,52,4,819,237,28.9
2102,0,0,0,0,0,1,0,0.0
2103,68,45,26,28,14,709,188,26.5
2104,24,15,10,7,7,464,110,23.7
2105,65,42,41,21,3,407,126,31.0
2106,0,0,0,0,0,0,0,
2107,15,12,5,8,2,118,40,33.9
2108,5,5,2,2,1,120,25,20.8
2109,60,35,27,25,8,479,126,26.3
2110,18,14,9,8,1,291,60,20.6
2111,33,15,13,15,5,430,122,28.4
2112,0,0,0,0,0,2,0,0.0
2113,29,22,13,12,4,197,49,24.9
2114,3,1,2,1,0,27,4,14.8
2115,19,8,13,6,0,157,31,19.7
2116,24,17,11,10,3,208,49,23.6
2117,9,3,6,3,0,72,15,20.8
2118,3,3,1,1,1,48,12,25.0
2119,0,0,0,0,0,9,5,55.6
2120,3,2,2,0,1,25,7,28.0
2121,0,0,0,0,0,0,0,
2122,1,1,1,0,0,1,0,0.0
2123,27,19,13,9,5,237,70,29.5
2124,0,0,0,0,0,4,1,25.0
2125,60,32,19,25,16,390,134,34.4
2126,4,4,1,1,2,178,50,28.1
2127,9,3,5,4,0,53,16,30.2
2128,0,0,0,0,0,4,0,0.0
2129,85,61,35,43,7,708,205,29.0
2130,44,25,25,11,8,333,89,26.7
2131,65,41,32,25,8,573,163,28.4
2132,64,44,23,33,8,462,137,29.7
2133,11,7,4,5,2,327,94,28.7
2134,63,32,30,23,10,386,113,29.3
2135,1,0,1,0,0,5,1,20.0
2136,20,10,8,7,5,356,76,21.3
2137,15,12,1,6,8,301,80,26.6
2138,64,36,25,27,12,762,199,26.1
2139,30,21,13,14,3,180,56,31.1
2140,17,11,6,8,3,77,27,35.1
2141,33,17,7,16,10,574,150,26.1
2142,0,0,0,0,0,1,1,100.0
2143,8,4,4,1,3,51,15,29.4
2144,5,4,1,4,0,182,43,23.6
2145,0,0,0,0,0,1,0,0.0
2146,86,61,42,34,10,633,187,29.5
2147,11,7,7,4,0,80,22,27.5
2148,25,12,13,7,5,122,38,31.1
2149,2,1,1,1,0,16,4,25.0
2150,14,7,9,5,0,100,32,32.0
2151,36,25,24,11,1,301,102,33.9
2152,59,36,29,29,1,375,125,33.3
2153,61,37,46,12,3,474,155,32.7
2154,0,0,0,0,0,2,0,0.0
2155,56,39,22,28,6,441,141,32.0
2156,32,16,12,14,6,344,68,19.8
2157,1,0,0,1,0,4,0,0.0
2158,16,10,4,6,6,249,55,22.1
2159,29,18,15,12,2,149,53,35.6
2160,76,51,30,41,5,614,160,26.1
2161,4,3,0,2,2,81,21,25.9
2162,75,49,28,33,14,654,201,30.7
2163,39,23,23,14,2,236,72,30.5
2164,0,0,0,0,0,0,0,
2165,16,13,5,7,4,103,34,33.0
2166,26,15,15,10,1,92,29,31.5
2167,24,16,18,6,0,180,55,30.6
2168,0,0,0,0,0,0,0,
2169,42,27,21,17,4,366,132,36.1
2170,4,1,1,2,1,133,37,27.8
2171,1,1,0,1,0,24,5,20.8
2172,63,39,35,23,5,483,139,28.8
2173,0,0,0,0,0,1,1,100.0
2174,15,9,9,3,3,171,40,23.4
2175,43,24,28,13,2,166,64,38.6
2176,76,53,39,24,13,459,134,29.2
2177,0,0,0,0,0,1,1,100.0
2178,0,0,0,0,0,0,0,
2179,8,6,5,3,0,53,15,28.3
2180,37,25,17,13,7,229,81,35.4
2181,30,18,16,13,1,284,79,27.8
2182,48,33,22,20,6,552,163,29.5
2183,0,0,0,0,0,2,0,0.0
2184,13,9,7,3,3,192,48,25.0
2185,11,3,3,7,1,74,18,24.3
2186,0,0,0,0,0,10,4,40.0
2187,8,5,2,2,4,64,22,34.4
2188,0,0,0,0,0,2,0,0.0
2189,38,22,18,11,9,401,114,28.4
2190,0,0,0,0,0,1,0,0.0
2191,24,19,13,5,6,149,50,33.6
2192,104,60,61,37,6,716,183,25.6
2193,22,17,8,13,1,202,58,28.7
2194,38,29,13,18,7,485,179,36.9
2195,1,1,1,0,0,25,7,28.0
2196,14,6,4,7,3,130,34,26.2
2197,4,0,4,0,0,52,13,25.0
2198,31,22,13,13,5,272,95,34.9
2199,15,12,10,4,1,208,47,22.6
2200,17,11,11,2,4,251,62,24.7
2201,0,0,0,0,0,4,2,50.0
2202,16,11,4,10,2,203,40,19.7
2203,66,30,46,20,0,343,116,33.8
2204,38,22,20,11,7,288,84,29.2
2205,63,35,28,26,9,231,81,35.1
2206,12,7,10,1,1,53,15,28.3
2207,24,9,17,5,2,163,45,27.6
2208,21,13,3,5,13,552,180,32.6
2209,1,1,1,0,0,25,6,24.0
2210,3,1,2,0,1,128,35,27.3
2211,26,19,21,5,0,88,39,44.3
2212,0,0,0,0,0,12,4,33.3
2213,0,0,0,0,0,1,0,0.0
2214,52,33,40,12,0,235,72,30.6
2215,22,17,9,6,7,197,56,28.4
2216,4,3,2,1,1,26,7,26.9
2217,41,30,19,15,7,259,83,32.0
2218,9,7,1,6,2,173,45,26.0
2219,36,23,12,13,11,372,84,22.6
2220,14,12,8,3,3,121,34,28.1
2221,12,7,4,7,1,88,24,27.3
2222,27,17,13,13,1,401,108,26.9
2223,8,7,3,2,3,70,21,30.0
2224,13,10,3,6,4,309,80,25.9
2225,8,6,3,4,1,212,52,24.5
2226,32,25,12,15,5,413,126,30.5
2227,0,0,0,0,0,1,1,100.0
2228,9,8,1,5,3,209,63,30.1
2229,2,1,0,2,0,26,6,23.1
2230,49,36,37,12,0,278,105,37.8
2231,20,12,16,4,0,113,33,29.2
2232,10,6,7,3,0,39,14,35.9
2233,14,6,2,7,5,69,19,27.5
2234,63,35,35,20,8,482,130,27.0
2235,17,14,5,8,4,412,131,31.8
2236,43,25,23,13,7,298,84,28.2
2237,0,0,0,0,0,0,0,
2238,20,14,16,4,0,115,37,32.2
2239,1,1,0,0,1,59,17,28.8
2240,86,68,42,40,4,563,183,32.5
2241,69,41,31,30,8,510,164,32.2
2242,5,2,1,2,2,209,56,26.8
2243,64,44,26,31,7,719,200,27.8
2244,34,20,12,16,6,458,125,27.3
2245,93,58,38,45,10,632,210,33.2
2246,10,6,2,1,7,159,53,33.3
2247,13,9,6,6,1,104,33,31.7
2248,44,28,29,12,3,218,83,38.1
2249,4,3,3,1,0,30,5,16.7
2250,10,7,2,7,1,114,25,21.9
2251,0,0,0,0,0,2,1,50.0
2252,18,10,5,7,6,260,70,26.9
2253,6,3,2,3,1,37,13,35.1
2254,15,13,4,3,8,369,101,27.4
2255,58,30,36,13,9,337,95,28.2
2256,25,19,13,5,7,423,102,24.1
2257,20,7,16,3,1,119,35,29.4
2258,39,27,18,19,2,220,62,28.2
2259,25,17,22,1,2,182,42,23.1
2260,59,37,22,30,7,361,107,29.6
2261,16,8,12,3,1,95,41,43.2
2262,49,27,35,12,2,225,60,26.7
2263,14,9,4,7,3,172,38,22.1
2264,6,5,4,1,1,47,14,29.8
2265,7,4,1,5,1,243,60,24.7
2266,1,1,0,1,0,18,2,11.1
2267,5,4,2,3,0,205,38,18.5
2268,56,44,16,33,7,462,155,33.5
2269,61,38,43,16,2,253,92,36.4
2270,8,5,4,4,0,37,10,27.0
2271,20,6,12,8,0,149,36,24.2
2272,0,0,0,0,0,5,2,40.0
2273,0,0,0,0,0,13,4,30.8
2274,47,31,22,17,8,321,83,25.9
2275,3,2,1,2,0,58,17,29.3
2276,31,14,13,14,4,206,70,34.0
2277,32,19,14,16,2,230,58,25.2
2278,46,28,12,32,2,488,139,28.5
2279,66,35,52,14,0,228,74,32.5
2280,31,22,9,11,11,301,99,32.9
2281,26,21,11,14,1,232,72,31.0
2282,0,0,0,0,0,3,0,0.0
2283,15,8,3,9,3,74,26,35.1
2284,0,0,0,0,0,0,0,
2285,22,15,11,9,2,171,39,22.8
2286,16,8,11,4,1,87,25,28.7
2287,4,3,2,1,1,190,44,23.2
2288,4,3,1,2,1,117,31,26.5
2289,0,0,0,0,0,1,0,0.0
2290,48,27,39,8,1,413,108,26.2
2291,54,37,28,18,8,295,84,28.5
2292,10,3,7,3,0,82,17,20.7
2293,3,1,2,0,1,40,12,30.0
2294,15,11,7,7,1,181,51,28.2
2295,1,0,1,0,0,5,1,20.0
2296,64,46,20,32,12,413,131,31.7
2297,5,0,2,3,0,51,11,21.6
2298,31,20,13,14,4,346,92,26.6
2299,34,22,16,13,5,287,74,25.8
2300,1,0,0,1,0,39,12,30.8
2301,9,5,3,2,4,217,55,25.3
2302,34,24,18,10,6,274,78,28.5
2303,0,0,0,0,0,12,5,41.7
2304,30,16,15,14,1,392,88,22.4
2305,1,1,1,0,0,1,1,100.0
2306,84,40,48,21,15,392,114,29.1
2307,3,2,0,3,0,14,2,14.3
2308,20,13,16,4,0,128,53,41.4
2309,6,5,1,3,2,105,23,21.9
2310,0,0,0,0,0,2,0,0.0
2311,60,45,15,31,14,652,165,25.3
2312,7,3,3,3,1,73,19,26.0
2313,38,28,16,18,4,349,116,33.2
2314,7,4,0,4,3,270,98,36.3
2315,3,1,0,1,2,15,2,13.3
2316,39,26,15,14,10,408,124,30.4
2317,26,16,3,14,9,302,96,31.8
2318,5,2,2,2,1,32,6,18.8
2319,53,19,29,18,6,405,105,25.9
2320,12,4,1,5,6,130,35,26.9
2321,0,0,0,0,0,3,1,33.3
2322,33,21,18,14,1,91,41,45.1
2323,0,0,0,0,0,4,0,0.0
2324,58,28,35,19,4,283,94,33.2
2325,30,11,9,12,9,489,128,26.2
2326,14,10,4,3,7,318,72,22.6
2327,0,0,0,0,0,4,1,25.0
2328,5,2,5,0,0,32,4,12.5
2329,1,0,0,1,0,17,5,29.4
2330,2,0,1,1,0,11,4,36.4
2331,24,16,12,9,3,135,51,37.8
2332,40,25,24,14,2,194,74,38.1
2333,0,0,0,0,0,2,0,0.0
2334,50,35,20,22,8,392,111,28.3
2335,56,35,36,19,1,437,126,28.8
2336,0,0,0,0,0,12,3,25.0
2337,18,10,8,8,2,161,51,31.7
2338,0,0,0,0,0,0,0,
2339,73,49,35,31,7,712,220,30.9
2340,3,2,1,2,0,31,6,19.4
2341,1,0,1,0,0,6,2,33.3
2342,13,7,6,6,1,215,47,21.9
2343,47,30,34,11,2,291,93,32.0
2344,7,4,2,3,2,72,18,25.0
2345,47,29,28,17,2,291,82,28.2
2346,6,3,0,5,1,167,55,32.9
2347,3,0,1,1,1,20,4,20.0
2348,10,7,0,4,6,208,54,26.0
2349,12,8,3,8,1,72,27,37.5
2350,36,23,22,13,1,187,62,33.2
2351,0,0,0,0,0,0,0,
2352,52,30,32,15,5,406,111,27.3
2353,1,1,1,0,0,22,7,31.8
2354,2,1,0,2,0,139,32,23.0
2355,27,10,17,9,1,367,90,24.5
2356,6,5,2,4,0,55,15,27.3
2357,46,24,22,21,3,298,92,30.9
2358,5,2,4,0,1,55,16,29.1
2359,1,0,0,1,0,15,5,33.3
2360,17,12,5,9,3,144,34,23.6
2361,6,4,2,3,1,60,14,23.3
2362,11,10,2,9,0,643,151,23.5
2363,16,7,2,7,7,366,98,26.8
2364,28,17,9,16,3,432,112,25.9
2365,0,0,0,0,0,1,0,0.0
2366,0,0,0,0,0,2,0,0.0
2367,0,0,0,0,0,0,0,
2368,0,0,0,0,0,3,1,33.3
2369,5,4,1,3,1,40,10,25.0
2370,0,0,0,0,0,0,0,
2371,52,37,15,28,9,455,134,29.5
2372,5,3,4,1,0,73,12,16.4
2373,35,25,15,17,3,240,77,32.1
2374,3,2,1,2,0,32,10,31.3
2375,6,5,4,2,0,48,17,35.4
2376,22,17,8,14,0,233,72,30.9
2377,10,7,5,5,0,77,25,32.5
2378,57,28,39,12,6,433,111,25.6
2379,62,39,27,25,10,497,154,31.0
2380,73,47,49,23,1,298,119,39.9
2381,21,14,6,11,4,497,116,23.3
2382,18,10,9,7,2,203,62,30.5
2383,0,0,0,0,0,0,0,
2384,4,3,4,0,0,92,31,33.7
2385,0,0,0,0,0,23,2,8.7
2386,5,4,3,2,0,20,9,45.0
2387,14,10,3,8,3,305,81,26.6
2388,53,36,35,17,1,342,124,36.3
2389,21,13,13,5,3,241,62,25.7
2390,7,0,5,2,0,41,7,17.1
2391,28,21,13,12,3,131,49,37.4
2392,10,6,2,2,6,107,34,31.8
2393,39,24,29,9,1,272,73,26.8
2394,0,0,0,0,0,0,0,
2395,27,17,9,12,6,397,121,30.5
2396,0,0,0,0,0,4,0,0.0
2397,76,40,32,35,9,465,150,32.3
2398,56,35,41,14,1,223,78,35.0
2399,6,4,1,3,2,138,38,27.5
2400,41,29,8,19,14,412,132,32.0
2401,76,43,43,25,8,609,162,26.6
2402,18,7,9,7,2,257,53,20.6
2403,37,25,6,24,7,378,108,28.6
2404,26,20,13,8,5,263,87,33.1
2405,2,2,0,2,0,19,7,36.8
2406,19,12,10,7,2,90,39,43.3
2407,0,0,0,0,0,4,0,0.0
2408,18,14,9,5,4,124,39,31.5
2409,28,15,21,7,0,135,36,26.7
2410,45,27,16,21,8,294,88,29.9
2411,39,22,24,11,4,336,85,25.3
2412,35,26,11,17,7,285,86,30.2
2413,69,49,33,28,8,493,154,31.2
2414,25,16,14,10,1,314,77,24.5
2415,3,2,0,2,1,191,48,25.1
2416,2,2,2,0,0,11,2,18.2
2417,39,22,22,14,3,250,93,37.2
2418,0,0,0,0,0,14,2,14.3
2419,8,4,7,1,0,18,8,44.4
2420,9,4,7,2,0,45,16,35.6
2421,1,1,1,0,0,39,4,10.3
2422,0,0,0,0,0,4,1,25.0
2423,21,12,17,4,0,122,33,27.0
2424,5,2,2,3,0,45,11,24.4
2425,0,0,0,0,0,17,3,17.6
2426,7,2,4,2,1,82,26,31.7
2427,17,14,5,10,2,206,45,21.8
2428,3,2,1,1,1,43,11,25.6
2429,28,17,13,14,1,214,60,28.0
2430,17,14,9,5,3,268,56,20.9
2431,74,51,43,24,7,409,127,31.1
2432,0,0,0,0,0,2,0,0.0
2433,0,0,0,0,0,5,1,20.0
2434,7,4,0,6,1,221,57,25.8
2435,0,0,0,0,0,1,0,0.0
2436,18,12,7,8,3,206,47,22.8
2437,2,1,2,0,0,24,6,25.0
2438,62,45,32,21,9,437,127,29.1
2439,39,18,26,10,3,240,82,34.2
2440,23,14,12,5,6,213,56,26.3
2441,0,0,0,0,0,12,3,25.0
2442,10,7,6,2,2,141,31,22.0
2443,4,3,2,1,1,52,16,30.8
2444,20,15,14,5,1,95,30,31.6
2445,0,2,0,0,0,3,0,0.0
2446,30,19,22,6,2,128,42,32.8
2447,57,33,38,16,3,372,109,29.3
2448,11,7,8,2,1,72,25,34.7
2449,76,51,54,22,0,313,100,31.9
2450,0,0,0,0,0,0,0,
2451,10,7,3,4,3,357,88,24.6
2452,43,16,26,14,3,224,65,29.0
2453,19,9,14,5,0,121,33,27.3
2454,21,18,10,8,3,221,76,34.4
2455,0,0,0,0,0,9,2,22.2
2456,0,0,0,0,0,18,5,27.8
2457,30,12,17,10,3,191,51,26.7
2458,6,6,3,1,2,100,31,31.0
2459,0,0,0,0,0,2,0,0.0
2460,10,7,3,4,3,102,28,27.5
2461,1,0,1,0,0,4,0,0.0
2462,8,5,2,4,2,79,18,22.8
2463,17,8,11,3,3,117,23,19.7
2464,1,0,1,0,0,5,2,40.0
2465,13,5,6,6,1,217,54,24.9
2466,0,0,0,0,0,1,0,0.0
2467,21,15,8,8,5,298,75,25.2
2468,0,0,0,0,0,2,0,0.0
2469,37,25,20,13,4,150,48,32.0
2470,31,20,11,18,2,383,98,25.6
2471,1,0,0,1,0,9,1,11.1
2472,0,0,0,0,0,0,0,
2473,2,1,0,2,0,14,3,21.4
2474,0,0,0,0,0,0,0,
2475,10,7,3,7,0,139,36,25.9
2476,21,15,12,6,3,347,84,24.2
2477,0,0,0,0,0,0,0,
2478,4,3,2,2,0,36,8,22.2
2479,29,23,17,12,0,227,90,39.6
2480,33,24,9,13,11,638,172,27.0
2481,39,27,17,14,8,480,144,30.0
2482,0,0,0,0,0,0,0,
2483,48,28,17,18,13,387,102,26.4
2484,24,18,9,8,7,457,105,23.0
2485,26,14,20,6,0,123,29,23.6
2486,57,40,18,28,11,608,168,27.6
2487,21,11,12,5,4,126,39,31.0
2488,0,0,0,0,0,21,7,33.3
2489,11,6,4,7,0,138,38,27.5
2490,23,11,13,10,0,132,46,34.8
2491,1,1,1,0,0,7,3,42.9
2492,15,10,13,2,0,75,29,38.7
2493,4,2,0,1,3,177,56,31.6
2494,6,5,2,1,3,67,16,23.9
2495,11,8,5,3,3,112,43,38.4
2496,38,19,27,7,4,342,105,30.7
2497,69,51,37,27,5,351,125,35.6
2498,7,5,3,4,0,200,44,22.0
2499,48,28,29,11,8,420,128,30.5
2500,30,14,23,7,0,138,45,32.6
2501,30,15,19,10,1,149,48,32.2
2502,21,11,15,4,2,202,49,24.3
2503,52,41,22,27,3,557,140,25.1
2504,17,11,15,1,1,72,23,31.9
2505,28,13,20,7,1,175,53,30.3
2506,10,6,5,4,1,73,19,26.0
2507,15,8,5,8,2,318,61,19.2
2508,37,24,17,16,4,403,102,25.3
2509,20,15,8,11,1,462,95,20.6
2510,50,31,14,31,5,426,117,27.5
2511,37,23,27,8,2,261,81,31.0
2512,24,20,9,13,2,383,96,25.1
2513,12,8,5,7,0,73,24,32.9
2514,31,17,17,14,0,215,80,37.2
2515,2,2,2,0,0,70,11,15.7
2516,2,0,0,0,2,54,16,29.6
2517,36,28,13,22,1,405,120,29.6
2518,35,24,19,13,3,217,70,32.3
2519,66,39,26,34,6,494,158,32.0
2520,32,20,14,13,5,290,65,22.4
2521,3,2,2,1,0,61,14,23.0
2522,41,23,15,14,12,404,108,26.7
2523,0,0,0,0,0,1,0,0.0
2524,6,3,1,5,0,176,37,21.0
2525,1,1,0,1,0,8,5,62.5
2526,27,12,11,10,6,236,66,28.0
2527,54,29,33,18,3,301,83,27.6
2528,65,39,35,26,4,356,104,29.2
2529,5,2,1,1,3,33,6,18.2
2530,32,22,22,9,1,218,79,36.2
2531,0,0,0,0,0,4,2,50.0
2532,37,21,17,16,4,241,78,32.4
2533,0,0,0,0,0,0,0,
2534,0,0,0,0,0,6,1,16.7
2535,42,28,20,14,8,530,129,24.3
2536,31,21,7,18,6,412,102,24.8
2537,80,44,48,29,3,439,136,31.0
2538,4,1,1,3,0,23,4,17.4
2539,49,28,26,20,3,240,73,30.4
2540,35,19,23,11,1,252,82,32.5
2541,28,16,13,12,3,373,100,26.8
2542,49,30,26,18,5,392,112,28.6
2543,3,3,0,3,0,30,8,26.7
2544,8,7,6,2,0,70,21,30.0
2545,0,0,0,0,0,0,0,
2546,1,0,0,0,1,42,9,21.4
2547,33,17,19,9,5,211,64,30.3
2548,9,7,2,6,1,247,58,23.5
2549,8,5,3,2,3,169,39,23.1
2550,0,0,0,0,0,0,0,
2551,0,0,0,0,0,0,0,
2552,15,9,5,9,1,95,41,43.2
2553,20,12,6,11,3,470,100,21.3
2554,12,7,4,4,4,126,34,27.0
2555,56,44,41,15,0,314,134,42.7
2556,23,18,6,13,4,350,96,27.4
2557,4,3,2,2,0,113,31,27.4
2558,0,0,0,0,0,0,0,
2559,12,9,4,7,1,159,51,32.1
2560,64,45,33,27,4,383,105,27.4
2561,27,21,12,15,0,225,66,29.3
2562,1,1,0,0,1,8,1,12.5
2563,0,0,0,0,0,2,2,100.0
2564,2,2,0,2,0,31,10,32.3
2565,15,9,7,5,3,192,42,21.9
2566,21,13,12,6,3,171,49,28.7
2567,34,21,20,13,1,208,62,29.8
2568,4,3,4,0,0,20,6,30.0
2569,4,2,2,2,0,61,20,32.8
2570,6,2,0,4,2,122,27,22.1
2571,1,0,1,0,0,3,0,0.0
2572,31,19,9,20,2,313,83,26.5
2573,49,33,26,21,2,366,85,23.2
2574,36,19,10,17,9,375,93,24.8
2575,33,23,24,9,0,223,87,39.0
2576,17,11,1,10,6,497,146,29.4
2577,13,10,7,4,2,178,58,32.6
2578,35,24,15,13,7,554,135,24.4
2579,1,0,1,0,0,33,6,18.2
2580,88,49,42,37,9,756,221,29.2
2581,1,1,0,1,0,24,7,29.2
2582,4,1,2,2,0,22,9,40.9
2583,31,19,17,12,2,255,66,25.9
2584,30,15,19,6,5,233,66,28.3
2585,21,15,8,11,2,236,81,34.3
2586,28,17,12,10,6,271,69,25.5
2587,0,0,0,0,0,1,0,0.0
2588,53,26,33,20,0,290,96,33.1
2589,60,43,27,27,6,613,172,28.1
2590,0,0,0,0,0,9,2,22.2
2591,17,9,13,3,1,132,32,24.2
2592,6,4,3,2,1,58,13,22.4
2593,19,12,4,11,4,368,95,25.8
2594,45,25,21,17,7,528,146,27.7
2595,58,43,23,23,12,375,111,29.6
2596,24,17,4,11,9,347,113,32.6
2597,21,12,10,8,3,198,51,25.8
2598,31,21,17,13,1,154,51,33.1
2599,34,23,11,15,8,341,83,24.3
2600,25,12,19,5,1,134,49,36.6
2601,51,26,39,9,3,194,64,33.0
2602,30,20,24,5,1,231,74,32.0
2603,4,1,1,3,0,172,42,24.4
2604,23,16,6,13,4,434,98,22.6
2605,61,38,22,30,9,495,152,30.7
2606,0,0,0,0,0,14,2,14.3
2607,53,28,29,18,6,273,85,31.1
2608,46,30,20,22,4,485,114,23.5
2609,0,0,0,0,0,2,0,0.0
2610,72,46,42,26,4,460,120,26.1
2611,25,21,11,11,3,313,82,26.2
2612,4,2,0,1,3,86,25,29.1
2613,4,2,4,0,0,79,18,22.8
2614,0,0,0,0,0,0,0,
2615,0,0,0,0,0,39,10,25.6
2616,25,13,18,5,2,117,38,32.5
2617,0,0,0,0,0,8,0,0.0
2618,17,12,7,9,1,265,82,30.9
2619,1,1,0,1,0,121,15,12.4
2620,4,2,1,2,1,240,60,25.0
2621,11,6,9,2,0,96,34,35.4
2622,19,8,13,5,1,128,48,37.5
2623,2,0,1,1,0,13,6,46.2
2624,17,11,4,9,4,429,130,30.3
2625,27,14,13,13,1,132,31,23.5
2626,39,25,17,21,1,289,92,31.8
2627,0,0,0,0,0,5,0,0.0
2628,8,4,6,1,1,38,15,39.5
2629,39,24,12,22,5,290,66,22.8
2630,4,2,1,2,1,184,47,25.5
2631,20,14,17,3,0,73,26,35.6
2632,3,3,1,1,1,8,3,37.5
2633,7,5,3,3,1,48,11,22.9
2634,51,28,29,19,3,339,89,26.3
2635,34,25,19,11,4,264,69,26.1
2636,17,8,10,5,2,190,46,24.2
2637,9,6,2,7,0,205,57,27.8
2638,33,23,14,17,2,256,101,39.5
2639,14,8,8,4,2,98,29,29.6
2640,5,3,5,0,0,36,12,33.3
2641,1,1,0,0,1,4,2,50.0
2642,16,9,8,7,1,140,37,26.4
2643,138,65,82,48,8,611,176,28.8
2644,1,0,0,1,0,6,0,0.0
2645,67,31,44,18,5,318,84,26.4
2646,95,56,31,52,12,826,244,29.5
2647,50,32,29,15,6,370,93,25.1
2648,1,0,1,0,0,0,0,
2649,1,1,0,1,0,16,7,43.8
2650,37,25,25,10,2,222,86,38.7
2651,15,9,4,7,4,759,213,28.1
2652,21,12,14,5,2,176,55,31.3
2653,47,30,26,15,6,234,81,34.6
2654,10,9,4,5,1,163,52,31.9
2655,74,50,31,32,11,312,124,39.7
2656,30,17,19,7,4,273,84,30.8
2657,14,11,1,7,6,422,104,24.6
2658,49,31,18,23,8,609,152,25.0
2659,2,2,1,1,0,28,10,35.7
2660,0,0,0,0,0,1,0,0.0
2661,37,29,13,17,7,489,160,32.7
2662,32,19,27,4,1,230,65,28.3
2663,54,34,34,11,9,353,113,32.0
2664,19,5,12,5,2,166,40,24.1
2665,17,13,2,5,10,405,116,28.6
2666,6,2,1,3,2,36,12,33.3
2667,43,27,13,22,8,529,150,28.4
2668,22,15,6,10,6,242,67,27.7
2669,1,0,0,1,0,63,21,33.3
2670,15,12,2,6,7,770,206,26.8
2671,25,11,7,12,6,411,96,23.4
2672,42,23,19,21,2,435,130,29.9
2673,6,3,1,4,1,67,14,20.9
2674,42,31,14,26,2,343,105,30.6
2675,3,2,0,1,2,28,9,32.1
2676,19,13,7,9,3,320,76,23.8
2677,1,1,0,1,0,38,12,31.6
2678,9,6,1,3,5,408,92,22.5
2679,21,13,3,14,4,209,43,20.6
2680,46,27,27,15,4,433,126,29.1
2681,3,3,3,0,0,28,7,25.0
2682,15,10,7,7,1,167,46,27.5
2683,17,12,2,9,6,248,65,26.2
2684,19,14,13,5,1,181,38,21.0
2685,0,0,0,0,0,2,0,0.0
2686,38,26,20,16,2,267,81,30.3
2687,7,5,4,0,3,43,12,27.9
2688,5,3,3,1,1,83,33,39.8
2689,1,0,0,1,0,51,11,21.6
2690,4,3,1,2,1,40,13,32.5
2691,10,4,4,3,3,119,35,29.4
2692,17,9,5,5,7,125,36,28.8
2693,40,23,15,22,3,204,65,31.9
2694,15,10,9,5,1,93,27,29.0
2695,19,12,9,4,6,363,102,28.1
2696,17,12,10,7,0,91,44,48.4
2697,2,0,1,0,1,7,2,28.6
2698,45,31,16,15,14,813,237,29.2
2699,71,54,30,37,4,373,124,33.2
2700,62,39,39,16,7,309,81,26.2
2701,79,45,27,45,7,592,157,26.5
2702,5,1,2,1,2,11,3,27.3
2703,15,11,5,5,5,295,71,24.1
2704,33,21,26,6,1,215,74,34.4
2705,7,4,2,2,3,237,68,28.7
2706,7,3,3,3,1,68,15,22.1
2707,15,9,6,5,4,261,59,22.6
2708,18,8,10,7,1,120,31,25.8
2709,0,0,0,0,0,0,0,
2710,0,0,0,0,0,0,0,
2711,0,0,0,0,0,1,1,100.0
2712,29,17,11,12,6,466,130,27.9
2713,10,4,6,3,1,105,20,19.0
2714,31,21,23,7,1,123,38,30.9
2715,74,39,37,30,7,433,129,29.8
2716,28,16,15,11,2,139,45,32.4
2717,1,1,1,0,0,8,2,25.0
2718,5,2,0,2,3,84,24,28.6
2719,2,2,0,2,0,39,13,33.3
2720,11,5,5,4,2,217,49,22.6
2721,9,7,3,4,2,100,25,25.0
2722,16,6,7,7,2,380,76,20.0
2723,33,17,25,8,0,177,55,31.1
2724,57,37,26,25,6,371,108,29.1
2725,12,6,8,4,0,75,27,36.0
2726,18,13,8,10,0,140,44,31.4
2727,1,1,1,0,0,16,4,25.0
2728,26,12,9,13,4,227,68,30.0
2729,0,0,0,0,0,3,1,33.3
2730,2,1,0,2,0,26,6,23.1
2731,28,18,7,16,5,517,125,24.2
2732,28,19,6,12,10,318,104,32.7
