Rk,Touches,Live,Succ,Att,Succ%
1,1839,1458,18,36,50.0
2,2133,1821,49,94,52.1
3,1856,1782,21,26,80.8
4,62,62,2,4,50.0
5,1176,1091,12,22,54.5
6,208,196,16,21,76.2
7,1072,1021,9,11,81.8
8,739,688,21,36,58.3
9,438,423,7,10,70.0
10,2365,2287,15,17,88.2
11,441,433,15,27,55.6
12,813,737,6,11,54.5
13,309,297,11,24,45.8
14,7,6,0,0,
15,70,68,4,4,100.0
16,112,98,1,3,33.3
17,33,28,3,4,75.0
18,737,697,24,42,57.1
19,338,244,0,0,
20,82,81,2,2,100.0
21,1182,964,26,45,57.8
22,1231,986,14,26,53.8
23,48,48,0,0,
24,47,47,2,2,100.0
25,402,396,21,33,63.6
26,717,700,1,2,50.0
27,572,551,27,45,60.0
28,926,816,15,26,57.7
29,129,128,0,1,0.0
30,409,405,10,13,76.9
31,1518,1475,11,15,73.3
32,1476,1243,56,94,59.6
33,470,463,6,12,50.0
34,996,846,19,41,46.3
35,33,32,0,0,
36,755,731,14,27,51.9
37,2161,2093,8,12,66.7
38,43,41,3,4,75.0
39,1508,1455,5,5,100.0
40,281,278,11,19,57.9
41,908,882,3,4,75.0
42,2662,2555,6,10,60.0
43,991,801,19,33,57.6
44,466,436,16,21,76.2
45,2322,2125,10,19,52.6
46,2663,2387,72,105,68.6
47,2261,2209,3,3,100.0
48,622,587,10,29,34.5
49,316,291,4,8,50.0
50,167,150,4,7,57.1
51,2018,1962,59,70,84.3
52,1330,1236,21,29,72.4
53,2265,2185,0,2,0.0
54,1436,1209,19,32,59.4
55,49,49,1,2,50.0
56,170,165,2,3,66.7
57,469,465,16,23,69.6
58,351,246,1,1,100.0
59,3520,2865,26,56,46.4
60,85,48,0,0,
61,656,610,23,30,76.7
62,984,760,0,0,
63,994,966,18,29,62.1
64,1132,1076,32,63,50.8
65,1309,1297,46,93,49.5
66,1313,1146,12,19,63.2
67,945,779,18,30,60.0
68,55,33,0,0,
69,569,560,6,9,66.7
70,1817,1754,11,13,84.6
71,1608,1510,2,3,66.7
72,838,787,33,50,66.0
73,470,464,2,3,66.7
74,343,341,3,4,75.0
75,1092,1071,28,43,65.1
76,36,34,4,8,50.0
77,1590,1379,28,56,50.0
78,312,310,24,45,53.3
79,837,697,8,18,44.4
80,1374,1221,32,54,59.3
81,93,92,0,0,
82,205,200,18,41,43.9
83,2087,2017,84,111,75.7
84,1476,1449,2,2,100.0
85,92,73,2,5,40.0
86,1163,1138,66,97,68.0
87,1211,1185,25,42,59.5
88,29,28,2,4,50.0
89,1515,1499,23,27,85.2
90,185,102,0,0,
91,1547,1511,27,38,71.1
92,719,698,18,21,85.7
93,276,258,11,16,68.8
94,490,357,2,2,100.0
95,1754,1380,20,24,83.3
96,891,742,21,27,77.8
97,477,429,5,8,62.5
98,12,12,1,1,100.0
99,726,653,12,18,66.7
100,1085,935,53,84,63.1
101,11,8,1,1,100.0
102,851,811,72,108,66.7
103,574,478,6,16,37.5
104,40,40,0,0,
105,3,3,0,0,
106,1181,1044,36,80,45.0
107,127,125,2,3,66.7
108,1366,1325,65,104,62.5
109,40,40,3,3,100.0
110,1158,967,21,27,77.8
111,1363,1318,29,43,67.4
112,68,58,0,2,0.0
113,1868,1836,13,22,59.1
114,447,427,26,38,68.4
115,1824,1763,1,1,100.0
116,233,229,1,1,100.0
117,1412,1266,4,6,66.7
118,142,104,0,0,
119,60,48,0,0,
120,780,667,4,7,57.1
121,4,4,0,0,
122,882,863,31,53,58.5
123,304,291,3,8,37.5
124,169,164,13,23,56.5
125,1860,1598,22,30,73.3
126,1133,881,0,0,
127,428,386,13,15,86.7
128,402,383,7,10,70.0
129,1123,752,1,1,100.0
130,203,198,6,8,75.0
131,43,43,2,3,66.7
132,1676,1585,60,97,61.9
133,192,189,16,20,80.0
134,21,21,0,0,
135,332,323,19,40,47.5
136,741,678,41,85,48.2
137,1248,1214,25,49,51.0
138,1127,727,1,1,100.0
139,916,790,21,30,70.0
140,80,79,8,12,66.7
141,665,539,6,9,66.7
142,2057,1789,46,73,63.0
143,724,644,12,27,44.4
144,575,554,15,33,45.5
145,103,103,4,7,57.1
146,1012,915,3,5,60.0
147,178,175,10,18,55.6
148,504,493,22,33,66.7
149,1366,1331,75,117,64.1
150,2017,1888,11,13,84.6
151,522,506,3,8,37.5
152,3273,2878,15,24,62.5
153,750,650,17,27,63.0
154,1614,1595,46,54,85.2
155,537,521,17,31,54.8
156,205,193,6,11,54.5
157,1157,1111,21,26,80.8
158,8,4,0,0,
159,7,7,0,0,
160,6,5,0,0,
161,340,320,3,13,23.1
162,1097,1067,11,15,73.3
163,637,591,43,74,58.1
164,87,87,1,1,100.0
165,820,799,0,1,0.0
166,255,203,1,2,50.0
167,23,13,0,0,
168,1233,1222,31,56,55.4
169,283,276,10,12,83.3
170,100,95,1,1,100.0
171,1524,1356,31,63,49.2
172,653,635,0,0,
173,417,401,6,12,50.0
174,1937,1641,43,67,64.2
175,618,601,17,30,56.7
176,317,261,1,2,50.0
177,142,138,1,3,33.3
178,5,5,0,0,
179,1067,914,30,50,60.0
180,315,297,1,3,33.3
181,571,538,11,22,50.0
182,321,263,4,4,100.0
183,1110,1054,48,80,60.0
184,2637,2393,45,63,71.4
185,1436,1388,2,4,50.0
186,135,130,6,6,100.0
187,865,853,10,24,41.7
188,275,235,1,2,50.0
189,959,942,10,16,62.5
190,47,42,0,0,
191,1133,1061,38,59,64.4
192,1130,898,5,8,62.5
193,1471,1452,40,62,64.5
194,345,342,6,7,85.7
195,732,715,7,17,41.2
196,138,136,11,17,64.7
197,779,769,33,42,78.6
198,45,44,0,1,0.0
199,435,426,11,17,64.7
200,1019,1016,37,78,47.4
201,518,460,3,4,75.0
202,505,423,7,20,35.0
203,498,485,4,8,50.0
204,280,271,22,45,48.9
205,42,40,0,0,
206,841,766,43,68,63.2
207,93,91,5,6,83.3
208,208,202,6,10,60.0
209,2000,1934,13,19,68.4
210,897,802,13,20,65.0
211,1951,1788,27,32,84.4
212,729,676,18,23,78.3
213,293,267,1,1,100.0
214,189,172,9,11,81.8
215,813,717,28,43,65.1
216,7,7,0,0,
217,1623,1553,8,15,53.3
218,509,499,14,19,73.7
219,6,6,0,0,
220,120,114,4,8,50.0
221,1000,924,10,13,76.9
222,1381,1022,0,0,
223,1338,1299,9,10,90.0
224,770,741,22,55,40.0
225,146,145,8,15,53.3
226,992,964,53,96,55.2
227,1298,1253,2,6,33.3
228,172,171,9,13,69.2
229,201,178,4,9,44.4
230,1939,1878,2,2,100.0
231,39,22,0,0,
232,568,557,7,7,100.0
233,48,44,1,5,20.0
234,437,367,3,7,42.9
235,94,91,10,14,71.4
236,1075,1060,22,30,73.3
237,36,28,0,0,
238,15,14,0,0,
239,933,884,50,87,57.5
240,920,896,32,50,64.0
241,837,710,16,35,45.7
242,1234,1173,40,77,51.9
243,1047,1016,17,26,65.4
244,13,13,0,0,
245,77,72,10,15,66.7
246,1064,1013,37,56,66.1
247,449,438,7,13,53.8
248,207,199,4,10,40.0
249,1263,1109,12,16,75.0
250,2864,2812,5,5,100.0
251,739,684,21,30,70.0
252,622,548,12,16,75.0
253,842,600,0,0,
254,1518,1330,8,16,50.0
255,86,80,1,3,33.3
256,2083,1971,66,82,80.5
257,315,300,0,0,
258,248,228,0,0,
259,1,1,0,0,
260,139,125,1,3,33.3
261,453,383,19,39,48.7
262,1154,986,22,37,59.5
263,482,471,6,8,75.0
264,1908,1827,27,40,67.5
265,540,527,15,25,60.0
266,77,65,1,1,100.0
267,1688,1628,39,72,54.2
268,106,98,3,8,37.5
269,1613,1513,44,78,56.4
270,2079,1769,47,71,66.2
271,1079,989,71,108,65.7
272,1652,1398,18,32,56.3
273,249,240,6,8,75.0
274,24,24,0,0,
275,497,488,14,17,82.4
276,351,339,10,26,38.5
277,115,107,2,6,33.3
278,964,657,1,1,100.0
279,11,11,0,0,
280,493,476,2,5,40.0
281,4,4,1,1,100.0
282,763,748,36,61,59.0
283,901,854,26,42,61.9
284,483,433,9,12,75.0
285,779,500,0,0,
286,1303,1183,32,49,65.3
287,69,48,2,2,100.0
288,314,306,7,11,63.6
289,1984,1578,9,26,34.6
290,137,136,9,10,90.0
291,57,53,1,1,100.0
292,950,930,1,3,33.3
293,907,854,0,2,0.0
294,508,473,6,8,75.0
295,125,116,3,6,50.0
296,1632,1576,20,38,52.6
297,1086,884,8,19,42.1
298,1422,1245,37,53,69.8
299,364,327,1,2,50.0
300,1134,1110,22,34,64.7
301,840,830,26,43,60.5
302,6,6,0,0,
303,1226,1117,26,56,46.4
304,333,323,2,6,33.3
305,1068,664,0,0,
306,978,954,52,93,55.9
307,1132,963,13,25,52.0
308,7,7,0,0,
309,1240,1209,13,16,81.3
310,1857,1817,0,0,
311,273,259,10,14,71.4
312,121,107,2,5,40.0
313,373,349,6,10,60.0
314,224,215,0,2,0.0
315,104,103,2,2,100.0
316,898,879,4,6,66.7
317,1288,1260,43,66,65.2
318,103,92,1,1,100.0
319,1381,1372,140,221,63.3
320,45,44,0,0,
321,691,650,42,54,77.8
322,1235,1218,10,12,83.3
323,887,862,27,38,71.1
324,341,330,10,18,55.6
325,44,41,0,1,0.0
326,124,122,1,1,100.0
327,803,779,13,15,86.7
328,5,5,0,0,
329,2365,2283,4,6,66.7
330,391,374,10,17,58.8
331,35,35,1,1,100.0
332,5,5,2,4,50.0
333,97,94,0,0,
334,1496,1467,7,11,63.6
335,149,147,6,15,40.0
336,95,88,3,3,100.0
337,1029,962,64,120,53.3
338,277,275,9,16,56.3
339,1141,1023,32,48,66.7
340,515,507,54,96,56.3
341,205,201,2,6,33.3
342,540,502,14,27,51.9
343,185,128,0,0,
344,889,862,11,13,84.6
345,1441,1304,15,22,68.2
346,6,6,1,1,100.0
347,421,393,16,33,48.5
348,1684,1664,12,12,100.0
349,1168,1147,6,7,85.7
350,103,102,10,15,66.7
351,1000,827,9,17,52.9
352,485,475,4,5,80.0
353,249,238,4,10,40.0
354,170,168,5,8,62.5
355,607,602,32,52,61.5
356,3,2,0,0,
357,174,166,3,8,37.5
358,1987,1949,63,90,70.0
359,242,237,0,0,
360,976,968,12,22,54.5
361,367,342,12,27,44.4
362,137,101,1,1,100.0
363,1086,989,40,77,51.9
364,1482,1449,14,18,77.8
365,25,25,0,0,
366,1072,1007,5,6,83.3
367,503,466,4,15,26.7
368,583,577,13,20,65.0
369,5,5,0,0,
370,395,383,1,2,50.0
371,236,214,13,25,52.0
372,1480,1437,5,6,83.3
373,1269,909,13,26,50.0
374,410,403,7,7,100.0
375,2492,2372,21,28,75.0
376,828,790,9,15,60.0
377,425,408,2,3,66.7
378,392,383,1,1,100.0
379,181,175,13,21,61.9
380,36,36,1,3,33.3
381,310,294,11,20,55.0
382,34,34,3,5,60.0
383,41,41,1,3,33.3
384,927,893,21,38,55.3
385,1983,1798,106,139,76.3
386,228,162,0,0,
387,1047,1021,66,106,62.3
388,515,494,7,7,100.0
389,470,441,20,33,60.6
390,10,9,0,0,
391,93,85,6,11,54.5
392,526,516,26,44,59.1
393,1102,852,0,2,0.0
394,2247,1975,25,43,58.1
395,1235,1087,20,32,62.5
396,2844,2770,22,27,81.5
397,1628,1449,6,15,40.0
398,739,461,0,0,
399,20,13,0,0,
400,1013,875,5,14,35.7
401,169,135,0,0,
402,469,450,4,5,80.0
403,177,146,0,0,
404,613,587,7,9,77.8
405,181,136,2,2,100.0
406,20,17,0,2,0.0
407,730,672,5,6,83.3
408,993,906,5,6,83.3
409,808,679,5,9,55.6
410,1551,1412,4,5,80.0
411,624,542,4,10,40.0
412,335,316,26,36,72.2
413,495,435,23,41,56.1
414,126,116,3,6,50.0
415,1207,1170,8,10,80.0
416,557,553,15,23,65.2
417,1240,1005,24,35,68.6
418,1376,1201,11,24,45.8
419,19,19,0,0,
420,531,519,2,2,100.0
421,1368,1144,12,18,66.7
422,699,680,1,1,100.0
423,1282,1246,0,0,
424,1996,1834,39,59,66.1
425,1422,1279,45,90,50.0
426,1430,1318,9,24,37.5
427,623,603,15,28,53.6
428,973,949,15,34,44.1
429,584,581,10,14,71.4
430,62,61,2,2,100.0
431,3,3,0,0,
432,662,624,16,29,55.2
433,1298,1274,14,18,77.8
434,8,8,0,0,
435,2504,2311,53,85,62.4
436,264,255,0,0,
437,267,252,10,14,71.4
438,862,849,15,25,60.0
439,204,200,7,10,70.0
440,2527,2294,47,69,68.1
441,1295,1195,46,63,73.0
442,1568,1356,10,27,37.0
443,16,15,3,4,75.0
444,1511,1479,57,94,60.6
445,1951,1570,52,76,68.4
446,1052,1009,26,39,66.7
447,1748,1671,32,44,72.7
448,369,333,15,25,60.0
449,292,268,13,22,59.1
450,1088,1008,23,41,56.1
451,468,467,6,14,42.9
452,207,192,0,0,
453,666,653,12,37,32.4
454,270,250,10,17,58.8
455,2225,2165,8,9,88.9
456,918,800,16,24,66.7
457,353,324,18,33,54.5
458,617,598,3,3,100.0
459,492,484,5,8,62.5
460,320,315,5,8,62.5
461,2739,2428,30,57,52.6
462,31,18,0,0,
463,702,686,15,17,88.2
464,2615,2571,23,33,69.7
465,570,538,15,18,83.3
466,822,798,20,40,50.0
467,1322,1181,14,25,56.0
468,1037,805,1,1,100.0
469,1192,1172,8,8,100.0
470,755,709,24,45,53.3
471,1866,1562,30,76,39.5
472,278,276,6,11,54.5
473,388,380,15,20,75.0
474,1609,1573,94,135,69.6
475,510,461,3,5,60.0
476,1157,1135,4,6,66.7
477,205,192,6,7,85.7
478,2006,1830,52,71,73.2
479,1492,1397,29,41,70.7
480,499,476,4,6,66.7
481,1,1,0,0,
482,1613,1347,19,42,45.2
483,1695,1435,28,49,57.1
484,670,649,0,2,0.0
485,189,181,9,12,75.0
486,135,128,3,3,100.0
487,314,302,4,4,100.0
488,19,19,0,1,0.0
489,1077,907,17,31,54.8
490,107,98,0,0,
491,488,465,6,14,42.9
492,1028,936,13,18,72.2
493,1171,1144,8,9,88.9
494,589,524,4,10,40.0
495,386,384,10,17,58.8
496,1140,1076,25,48,52.1
497,648,636,3,3,100.0
498,475,439,4,6,66.7
499,1344,1219,20,29,69.0
500,95,94,0,0,
501,1277,1237,13,15,86.7
502,322,315,6,8,75.0
503,155,146,1,1,100.0
504,87,83,6,9,66.7
505,480,469,13,28,46.4
506,126,125,0,0,
507,1225,1164,60,92,65.2
508,2310,2015,23,46,50.0
509,573,560,2,2,100.0
510,20,20,1,3,33.3
511,692,674,11,21,52.4
512,609,599,7,13,53.8
513,882,768,75,112,67.0
514,1449,1417,2,2,100.0
515,1066,1053,60,99,60.6
516,16,16,0,2,0.0
517,108,71,0,0,
518,1391,1234,10,12,83.3
519,853,830,9,12,75.0
520,806,547,0,0,
521,1643,1418,9,14,64.3
522,69,54,3,4,75.0
523,53,51,0,0,
524,1049,1009,4,6,66.7
525,495,471,5,7,71.4
526,11,11,0,0,
527,882,856,47,72,65.3
528,5,4,0,0,
529,4,4,0,0,
530,61,39,0,0,
531,11,11,0,0,
532,1188,993,25,39,64.1
533,583,555,4,6,66.7
534,2046,2012,6,6,100.0
535,3,3,0,0,
536,674,635,4,9,44.4
537,697,592,15,27,55.6
538,1307,1089,38,62,61.3
539,10,10,0,0,
540,68,68,4,5,80.0
541,1706,1664,6,6,100.0
542,2194,1864,45,79,57.0
543,113,66,0,0,
544,4,3,0,0,
545,628,540,7,13,53.8
546,1034,1029,60,101,59.4
547,1106,1069,4,7,57.1
548,349,334,6,16,37.5
549,1084,797,2,3,66.7
550,1236,1067,9,11,81.8
551,862,844,35,43,81.4
552,1559,1500,4,4,100.0
553,1184,1162,21,29,72.4
554,74,73,0,0,
555,233,198,6,10,60.0
556,652,645,17,32,53.1
557,738,693,26,48,54.2
558,122,117,3,5,60.0
559,105,99,1,5,20.0
560,1229,1222,26,35,74.3
561,648,629,18,31,58.1
562,890,800,22,33,66.7
563,220,202,9,21,42.9
564,942,930,41,74,55.4
565,989,957,53,83,63.9
566,628,493,5,7,71.4
567,172,141,1,2,50.0
568,68,67,4,9,44.4
569,28,21,0,0,
570,806,697,23,40,57.5
571,533,517,15,27,55.6
572,613,584,36,58,62.1
573,981,858,12,19,63.2
574,255,253,18,28,64.3
575,240,233,0,0,
576,947,634,2,2,100.0
577,597,586,14,39,35.9
578,484,473,0,0,
579,770,726,15,27,55.6
580,1153,869,0,0,
581,1071,1012,45,69,65.2
582,288,280,2,4,50.0
583,528,317,0,0,
584,1971,1581,16,38,42.1
585,1522,1309,9,11,81.8
586,1229,1201,14,17,82.4
587,62,53,0,0,
588,469,458,10,17,58.8
589,2671,2444,51,80,63.8
590,690,679,33,51,64.7
591,1819,1643,24,48,50.0
592,905,561,0,0,
593,24,23,2,2,100.0
594,231,212,11,18,61.1
595,315,308,34,43,79.1
596,156,154,7,11,63.6
597,12,11,0,0,
598,275,271,7,13,53.8
599,105,98,5,9,55.6
600,1525,1365,11,19,57.9
601,1472,1409,5,7,71.4
602,13,12,0,0,
603,352,343,19,28,67.9
604,1039,943,12,20,60.0
605,10,8,0,0,
606,29,28,1,2,50.0
607,2,2,0,0,
608,1515,1467,10,11,90.9
609,700,689,12,23,52.2
610,366,356,12,26,46.2
611,28,27,0,0,
612,467,413,9,13,69.2
613,578,572,13,17,76.5
614,7,6,0,0,
615,556,516,2,4,50.0
616,0,0,0,0,
617,78,64,0,0,
618,62,52,0,0,
619,1372,1254,14,22,63.6
620,683,655,5,6,83.3
621,206,173,3,6,50.0
622,1821,1773,10,10,100.0
623,1,1,0,0,
624,1369,1276,21,47,44.7
625,1468,1363,31,50,62.0
626,1828,1540,14,30,46.7
627,2213,1948,90,145,62.1
628,1138,968,8,15,53.3
629,1118,1097,21,34,61.8
630,224,219,9,15,60.0
631,506,487,4,5,80.0
632,1225,1197,2,2,100.0
633,2577,2305,63,97,64.9
634,850,818,2,3,66.7
635,2268,2062,55,96,57.3
636,400,350,8,11,72.7
637,1196,1015,6,14,42.9
638,881,864,14,20,70.0
639,1352,1128,15,24,62.5
640,951,924,11,22,50.0
641,452,432,12,17,70.6
642,2,2,0,0,
643,383,373,10,14,71.4
644,669,656,37,57,64.9
645,831,684,18,32,56.3
646,709,696,4,7,57.1
647,47,32,0,0,
648,672,611,4,11,36.4
649,1117,1048,28,74,37.8
650,895,882,20,24,83.3
651,807,781,23,50,46.0
652,310,286,16,31,51.6
653,358,356,0,1,0.0
654,1410,1260,35,44,79.5
655,1235,1205,12,21,57.1
656,850,835,3,4,75.0
657,1768,1725,9,13,69.2
658,1599,1583,17,21,81.0
659,229,219,8,12,66.7
660,1519,1400,7,11,63.6
661,948,876,22,35,62.9
662,640,576,34,53,64.2
663,501,480,2,2,100.0
664,875,851,12,19,63.2
665,39,39,1,1,100.0
666,42,37,3,3,100.0
667,1126,1036,63,108,58.3
668,96,93,4,6,66.7
669,387,360,5,7,71.4
670,478,439,16,28,57.1
671,2562,2291,27,41,65.9
672,1593,1452,72,136,52.9
673,579,548,30,60,50.0
674,648,641,27,45,60.0
675,947,927,72,117,61.5
676,956,930,8,8,100.0
677,805,762,6,9,66.7
678,1169,1122,17,21,81.0
679,778,739,28,53,52.8
680,1005,983,23,36,63.9
681,65,61,0,0,
682,971,879,58,110,52.7
683,116,66,0,0,
684,1111,1084,10,10,100.0
685,63,63,2,7,28.6
686,1878,1512,15,26,57.7
687,1139,1083,10,12,83.3
688,1035,1015,3,5,60.0
689,2366,1827,25,43,58.1
690,3465,3382,3,5,60.0
691,650,547,9,26,34.6
692,611,594,48,66,72.7
693,476,414,4,6,66.7
694,19,16,0,0,
695,449,438,5,9,55.6
696,192,180,4,10,40.0
697,1268,1226,4,5,80.0
698,1049,1036,6,10,60.0
699,65,64,2,2,100.0
700,1717,1685,10,14,71.4
701,505,486,1,3,33.3
702,1295,1254,11,14,78.6
703,468,458,48,70,68.6
704,531,517,7,8,87.5
705,1503,1476,13,17,76.5
706,2163,2062,13,17,76.5
707,25,25,1,2,50.0
708,1158,742,1,1,100.0
709,2157,1822,29,52,55.8
710,552,507,18,38,47.4
711,92,86,3,5,60.0
712,500,322,0,0,
713,488,462,6,9,66.7
714,1150,1004,9,20,45.0
715,36,35,0,2,0.0
716,205,194,25,35,71.4
717,613,578,14,26,53.8
718,1245,897,0,0,
719,1726,1675,5,7,71.4
720,977,875,32,57,56.1
721,584,570,4,7,57.1
722,2065,2053,49,78,62.8
723,9,9,0,0,
724,982,945,61,103,59.2
725,362,299,4,7,57.1
726,59,49,4,5,80.0
727,20,20,0,0,
728,1040,871,21,52,40.4
729,1051,1004,1,1,100.0
730,984,686,0,0,
731,560,545,13,21,61.9
732,872,830,23,40,57.5
733,199,195,2,3,66.7
734,26,25,0,1,0.0
735,240,228,6,14,42.9
736,1566,1470,6,9,66.7
737,233,217,0,0,
738,299,289,1,1,100.0
739,1651,1323,4,10,40.0
740,2,2,0,0,
741,1106,943,12,22,54.5
742,1201,719,0,0,
743,467,429,5,12,41.7
744,257,240,13,22,59.1
745,800,766,2,5,40.0
746,235,224,12,20,60.0
747,663,613,1,3,33.3
748,515,504,25,39,64.1
749,597,582,17,32,53.1
750,2547,2448,3,7,42.9
751,322,276,5,7,71.4
752,117,94,1,3,33.3
753,145,142,0,1,0.0
754,999,975,8,13,61.5
755,1884,1737,65,112,58.0
756,1223,1182,40,74,54.1
757,456,437,7,13,53.8
758,1617,1564,6,9,66.7
759,200,184,4,14,28.6
760,1133,950,0,0,
761,1670,1638,3,3,100.0
762,273,267,1,5,20.0
763,1831,1757,21,44,47.7
764,1523,1298,36,65,55.4
765,1454,1393,24,33,72.7
766,16,12,1,1,100.0
767,812,804,27,33,81.8
768,5,5,0,0,
769,718,622,6,9,66.7
770,1145,1094,2,5,40.0
771,2022,1973,8,9,88.9
772,1111,1075,4,4,100.0
773,682,611,35,70,50.0
774,701,680,36,83,43.4
775,2008,1719,21,40,52.5
776,113,110,2,4,50.0
777,571,547,3,3,100.0
778,469,458,17,35,48.6
779,261,248,6,14,42.9
780,776,757,2,2,100.0
781,746,717,9,12,75.0
782,387,358,3,5,60.0
783,868,779,3,12,25.0
784,537,472,6,10,60.0
785,851,833,18,24,75.0
786,133,95,0,0,
787,707,610,7,11,63.6
788,1227,1147,53,87,60.9
789,1335,1299,1,1,100.0
790,103,94,1,4,25.0
791,17,17,0,1,0.0
792,129,122,2,3,66.7
793,2256,1873,63,108,58.3
794,293,289,6,9,66.7
795,235,203,0,1,0.0
796,581,564,0,0,
797,95,80,2,4,50.0
798,2810,2732,9,10,90.0
799,1175,1154,26,36,72.2
800,178,158,2,5,40.0
801,31,28,1,1,100.0
802,728,465,1,1,100.0
803,1735,1715,10,12,83.3
804,638,534,6,6,100.0
805,825,763,6,8,75.0
806,35,23,0,0,
807,12,9,0,0,
808,227,187,2,2,100.0
809,2,2,0,0,
810,1278,1163,57,79,72.2
811,28,26,2,2,100.0
812,69,44,0,0,
813,74,70,1,1,100.0
814,76,72,3,4,75.0
815,375,352,14,21,66.7
816,0,0,0,0,
817,77,76,2,3,66.7
818,1084,942,10,15,66.7
819,2161,1851,41,69,59.4
820,262,240,5,8,62.5
821,477,452,24,36,66.7
822,724,708,23,56,41.1
823,1502,1215,6,18,33.3
824,293,279,6,11,54.5
825,793,764,9,12,75.0
826,906,889,30,48,62.5
827,1236,1193,4,5,80.0
828,357,355,3,4,75.0
829,1524,1472,84,127,66.1
830,1175,1144,4,5,80.0
831,1405,1363,7,10,70.0
832,25,25,0,0,
833,1193,1170,4,5,80.0
834,772,748,21,59,35.6
835,1505,1231,25,36,69.4
836,1264,1143,55,106,51.9
837,1000,894,15,21,71.4
838,944,932,15,27,55.6
839,66,59,2,5,40.0
840,336,335,3,4,75.0
841,,,,,
842,1258,792,0,0,
843,164,111,0,0,
844,941,914,33,58,56.9
845,1561,1433,11,14,78.6
846,192,187,8,13,61.5
847,947,915,8,10,80.0
848,2435,2381,12,14,85.7
849,1866,1816,16,22,72.7
850,541,519,13,40,32.5
851,548,512,7,9,77.8
852,172,164,3,5,60.0
853,882,849,22,33,66.7
854,379,374,6,11,54.5
855,352,336,4,11,36.4
856,1573,1543,59,97,60.8
857,948,858,11,20,55.0
858,1406,1277,43,62,69.4
859,475,345,2,2,100.0
860,365,344,14,24,58.3
861,780,703,2,11,18.2
862,552,477,7,10,70.0
863,628,616,24,31,77.4
864,938,922,5,6,83.3
865,1329,1319,76,105,72.4
866,822,786,6,8,75.0
867,579,578,11,20,55.0
868,449,444,11,19,57.9
869,1558,1264,15,28,53.6
870,636,630,19,32,59.4
871,1663,1612,5,6,83.3
872,1149,1113,20,39,51.3
873,675,642,26,31,83.9
874,276,269,11,29,37.9
875,1309,845,3,3,100.0
876,24,21,1,2,50.0
877,84,77,1,1,100.0
878,20,19,2,2,100.0
879,551,453,12,23,52.2
880,77,69,1,3,33.3
881,72,67,1,3,33.3
882,678,529,6,11,54.5
883,695,655,4,7,57.1
884,171,161,1,1,100.0
885,1135,1014,10,23,43.5
886,2035,1943,40,52,76.9
887,1382,1174,13,29,44.8
888,3,3,0,0,
889,204,197,7,8,87.5
890,1941,1849,21,37,56.8
891,1583,1326,13,18,72.2
892,1533,1498,12,18,66.7
893,128,127,1,2,50.0
894,29,28,0,1,0.0
895,735,647,4,7,57.1
896,1196,1126,61,80,76.3
897,174,165,5,9,55.6
898,310,303,1,1,100.0
899,45,34,0,0,
900,505,495,0,0,
901,839,754,22,39,56.4
902,1116,700,0,0,
903,354,345,3,3,100.0
904,528,509,19,36,52.8
905,17,15,0,0,
906,1172,1154,9,16,56.3
907,1686,1465,16,23,69.6
908,39,36,2,3,66.7
909,325,295,7,14,50.0
910,380,366,6,13,46.2
911,80,78,2,4,50.0
912,597,555,22,31,71.0
913,1104,927,16,22,72.7
914,1807,1793,23,35,65.7
915,521,509,23,53,43.4
916,997,976,0,0,
917,1782,1746,9,11,81.8
918,1540,1485,2,3,66.7
919,785,778,7,7,100.0
920,239,229,1,2,50.0
921,961,951,10,15,66.7
922,588,462,3,8,37.5
923,174,137,4,5,80.0
924,1366,1344,8,16,50.0
925,1354,1200,31,44,70.5
926,281,248,3,4,75.0
927,42,42,3,5,60.0
928,17,17,0,0,
929,42,40,2,3,66.7
930,1325,1103,3,10,30.0
931,202,191,1,1,100.0
932,243,227,4,5,80.0
933,553,391,0,0,
934,85,83,1,1,100.0
935,93,92,7,10,70.0
936,997,658,0,0,
937,1631,1406,7,19,36.8
938,724,646,7,10,70.0
939,632,616,1,1,100.0
940,1371,1317,20,26,76.9
941,512,503,4,11,36.4
942,605,589,4,12,33.3
943,775,757,60,104,57.7
944,843,798,35,56,62.5
945,618,587,16,32,50.0
946,17,16,0,1,0.0
947,1128,987,25,52,48.1
948,54,52,0,1,0.0
949,129,115,3,5,60.0
950,340,283,5,5,100.0
951,99,97,1,5,20.0
952,1379,1130,8,15,53.3
953,1464,1042,0,0,
954,622,577,3,3,100.0
955,196,195,3,6,50.0
956,294,281,5,13,38.5
957,2445,2379,6,8,75.0
958,1517,1481,4,7,57.1
959,415,389,2,3,66.7
960,1432,1413,26,31,83.9
961,1352,1323,0,0,
962,1469,1434,64,107,59.8
963,786,769,1,2,50.0
964,874,844,6,7,85.7
965,1907,1861,7,14,50.0
966,1286,1254,12,13,92.3
967,67,63,6,9,66.7
968,72,46,0,0,
969,510,477,1,1,100.0
970,138,134,13,24,54.2
971,1037,766,0,0,
972,1410,1286,54,76,71.1
973,989,965,26,35,74.3
974,15,15,0,0,
975,400,316,8,15,53.3
976,2141,2097,11,16,68.8
977,589,560,5,10,50.0
978,1404,1389,21,48,43.8
979,2405,2186,75,122,61.5
980,557,544,1,1,100.0
981,786,556,1,1,100.0
982,744,724,14,18,77.8
983,169,168,1,1,100.0
984,64,63,4,5,80.0
985,1013,994,1,2,50.0
986,75,71,0,0,
987,261,255,0,0,
988,425,421,4,7,57.1
989,197,189,9,20,45.0
990,1092,1077,19,28,67.9
991,543,458,5,8,62.5
992,1840,1690,16,46,34.8
993,717,708,6,14,42.9
994,357,337,5,12,41.7
995,124,119,0,0,
996,0,0,0,0,
997,952,905,5,7,71.4
998,870,810,36,71,50.7
999,754,745,26,54,48.1
1000,277,243,5,6,83.3
1001,340,334,4,9,44.4
1002,239,231,6,13,46.2
1003,431,415,11,27,40.7
1004,2029,1857,71,120,59.2
1005,645,642,21,31,67.7
1006,130,127,2,4,50.0
1007,314,289,3,6,50.0
1008,530,482,6,10,60.0
1009,1408,1373,18,37,48.6
1010,14,11,0,1,0.0
1011,992,878,26,54,48.1
1012,2072,1998,24,35,68.6
1013,0,0,0,0,
1014,310,303,21,37,56.8
1015,595,583,8,10,80.0
1016,1222,1083,10,19,52.6
1017,366,359,4,5,80.0
1018,1423,1402,30,38,78.9
1019,1148,796,0,0,
1020,1227,1194,18,23,78.3
1021,1032,993,36,63,57.1
1022,811,783,11,14,78.6
1023,651,637,45,63,71.4
1024,1357,1332,29,42,69.0
1025,2417,2180,50,77,64.9
1026,92,80,2,4,50.0
1027,788,767,10,12,83.3
1028,45,40,2,3,66.7
1029,46,43,2,4,50.0
1030,1261,1244,19,25,76.0
1031,1359,1146,24,41,58.5
1032,379,368,1,3,33.3
1033,226,221,6,6,100.0
1034,913,886,22,38,57.9
1035,15,15,0,0,
1036,1347,1051,1,1,100.0
1037,1015,977,7,8,87.5
1038,43,41,1,1,100.0
1039,2117,2057,22,27,81.5
1040,278,167,0,0,
1041,1934,1459,19,47,40.4
1042,1692,1639,10,11,90.9
1043,897,569,1,1,100.0
1044,126,124,0,0,
1045,42,42,0,0,
1046,124,109,1,2,50.0
1047,1106,1078,19,28,67.9
1048,591,578,4,6,66.7
1049,652,628,15,21,71.4
1050,322,312,8,12,66.7
1051,680,673,18,26,69.2
1052,2826,2548,66,117,56.4
1053,1062,1031,24,38,63.2
1054,2195,1966,24,34,70.6
1055,381,351,12,27,44.4
1056,1178,860,1,1,100.0
1057,831,801,2,3,66.7
1058,191,175,11,22,50.0
1059,1213,1184,59,90,65.6
1060,6,6,0,0,
1061,1565,1477,4,4,100.0
1062,1677,1475,10,25,40.0
1063,1024,980,11,14,78.6
1064,1826,1783,59,115,51.3
1065,1091,1048,31,45,68.9
1066,787,781,41,66,62.1
1067,1563,1451,56,97,57.7
1068,671,399,0,0,
1069,1589,1493,11,18,61.1
1070,1597,1550,18,22,81.8
1071,1125,751,0,0,
1072,2098,2055,18,33,54.5
1073,83,81,0,0,
1074,780,752,25,48,52.1
1075,116,64,0,0,
1076,872,796,19,35,54.3
1077,647,590,8,19,42.1
1078,1591,1375,18,39,46.2
1079,985,923,4,11,36.4
1080,763,732,3,3,100.0
1081,1286,1240,3,4,75.0
1082,29,24,0,1,0.0
1083,142,134,1,2,50.0
1084,29,27,3,5,60.0
1085,925,871,10,11,90.9
1086,565,556,43,68,63.2
1087,2402,2101,59,93,63.4
1088,1396,1279,40,57,70.2
1089,564,547,3,5,60.0
1090,929,883,16,19,84.2
1091,672,443,3,3,100.0
1092,1257,1244,21,27,77.8
1093,175,127,0,0,
1094,716,682,16,22,72.7
1095,541,491,29,51,56.9
1096,1241,1162,67,116,57.8
1097,855,822,28,41,68.3
1098,1667,1617,5,7,71.4
1099,2040,1854,10,22,45.5
1100,14,14,0,0,
1101,104,76,0,0,
1102,1596,1540,4,4,100.0
1103,1833,1775,34,45,75.6
1104,1065,951,18,36,50.0
1105,4,4,0,0,
1106,477,457,8,14,57.1
1107,421,413,2,6,33.3
1108,720,537,6,14,42.9
1109,1098,1077,37,66,56.1
1110,1268,1233,10,12,83.3
1111,21,20,3,4,75.0
1112,579,528,22,61,36.1
1113,39,35,0,0,
1114,494,440,7,18,38.9
1115,8,5,0,0,
1116,1289,915,0,0,
1117,23,19,1,3,33.3
1118,855,703,6,9,66.7
1119,1687,1393,0,0,
1120,1847,1805,5,9,55.6
1121,386,375,1,1,100.0
1122,624,599,34,54,63.0
1123,1260,1198,25,31,80.6
1124,2588,2530,8,10,80.0
1125,966,934,2,2,100.0
1126,509,501,12,18,66.7
1127,268,202,0,0,
1128,1426,1281,16,24,66.7
1129,105,104,1,5,20.0
1130,2214,2158,41,55,74.5
1131,1702,1605,7,11,63.6
1132,392,322,2,5,40.0
1133,269,269,15,25,60.0
1134,402,391,3,5,60.0
1135,31,28,1,3,33.3
1136,381,353,10,20,50.0
1137,1715,1667,10,15,66.7
1138,1683,1652,22,37,59.5
1139,813,781,12,22,54.5
1140,284,261,5,9,55.6
1141,88,83,0,3,0.0
1142,46,46,4,7,57.1
1143,524,480,17,37,45.9
1144,826,758,13,15,86.7
1145,400,370,3,4,75.0
1146,426,420,19,29,65.5
1147,6,6,0,0,
1148,997,960,64,119,53.8
1149,67,66,4,7,57.1
1150,1306,1228,63,109,57.8
1151,203,197,0,1,0.0
1152,420,412,1,2,50.0
1153,640,617,2,3,66.7
1154,78,77,4,6,66.7
1155,1337,1297,32,65,49.2
1156,21,21,1,1,100.0
1157,262,247,10,16,62.5
1158,1115,1099,57,93,61.3
1159,736,725,22,36,61.1
1160,2181,2050,66,114,57.9
1161,837,822,18,40,45.0
1162,884,855,15,22,68.2
1163,497,465,24,42,57.1
1164,1002,975,34,54,63.0
1165,677,662,1,1,100.0
1166,57,54,2,2,100.0
1167,29,25,2,2,100.0
1168,82,81,0,0,
1169,787,776,27,40,67.5
1170,1732,1666,11,14,78.6
1171,49,43,0,1,0.0
1172,117,114,0,0,
1173,358,345,5,8,62.5
1174,194,190,7,13,53.8
1175,1227,1168,28,42,66.7
1176,831,777,9,19,47.4
1177,662,530,6,8,75.0
1178,1085,1074,28,63,44.4
1179,6,6,0,0,
1180,1482,1299,28,38,73.7
1181,77,73,2,3,66.7
1182,1000,960,12,26,46.2
1183,409,355,9,12,75.0
1184,1034,853,9,13,69.2
1185,802,767,1,1,100.0
1186,703,649,34,65,52.3
1187,1070,770,1,1,100.0
1188,611,546,20,50,40.0
1189,81,75,1,3,33.3
1190,12,10,0,1,0.0
1191,90,82,0,0,
1192,1472,1325,6,10,60.0
1193,736,680,1,1,100.0
1194,130,128,5,10,50.0
1195,2,2,0,0,
1196,916,896,51,73,69.9
1197,85,81,0,0,
1198,1489,1448,75,110,68.2
1199,1379,1254,58,82,70.7
1200,1224,1185,48,74,64.9
1201,196,167,1,1,100.0
1202,136,121,1,3,33.3
1203,146,146,4,4,100.0
1204,116,113,0,0,
1205,1835,1813,38,53,71.7
1206,786,748,11,17,64.7
1207,768,630,11,22,50.0
1208,1999,1874,43,54,79.6
1209,6,6,0,0,
1210,2472,2418,17,24,70.8
1211,964,552,0,0,
1212,764,719,9,19,47.4
1213,1435,1411,12,25,48.0
1214,145,140,8,17,47.1
1215,1248,1209,76,132,57.6
1216,522,507,2,2,100.0
1217,40,39,1,2,50.0
1218,278,267,15,24,62.5
1219,177,171,4,7,57.1
1220,84,82,1,2,50.0
1221,170,147,3,5,60.0
1222,1032,943,26,36,72.2
1223,1075,1050,29,67,43.3
1224,766,762,53,109,48.6
1225,944,834,13,17,76.5
1226,105,102,6,8,75.0
1227,282,270,0,0,
1228,1313,1292,17,23,73.9
1229,947,936,7,8,87.5
1230,960,921,55,98,56.1
1231,1622,1423,7,17,41.2
1232,942,821,26,47,55.3
1233,1211,1140,49,85,57.6
1234,129,78,0,0,
1235,192,184,1,2,50.0
1236,75,74,1,4,25.0
1237,784,752,54,88,61.4
1238,1052,956,37,56,66.1
1239,396,379,11,26,42.3
1240,1547,1499,14,22,63.6
1241,1424,1269,33,51,64.7
1242,584,566,8,12,66.7
1243,923,886,28,59,47.5
1244,29,27,1,1,100.0
1245,288,269,9,11,81.8
1246,1398,1389,28,46,60.9
1247,37,24,0,0,
1248,102,100,2,2,100.0
1249,523,505,24,37,64.9
1250,244,242,15,26,57.7
1251,8,8,0,1,0.0
1252,676,514,3,3,100.0
1253,901,755,31,42,73.8
1254,275,270,30,44,68.2
1255,1720,1681,0,0,
1256,428,407,0,2,0.0
1257,68,68,9,20,45.0
1258,783,775,20,26,76.9
1259,87,85,3,4,75.0
1260,283,246,1,1,100.0
1261,865,738,3,5,60.0
1262,315,305,19,30,63.3
1263,1882,1529,16,26,61.5
1264,2030,1999,31,44,70.5
1265,82,75,2,4,50.0
1266,547,478,19,41,46.3
1267,1169,1161,8,12,66.7
1268,416,405,2,3,66.7
1269,770,754,8,17,47.1
1270,866,837,2,4,50.0
1271,118,118,1,1,100.0
1272,3149,2799,27,43,62.8
1273,1227,1205,12,13,92.3
1274,824,809,62,122,50.8
1275,1341,1167,21,38,55.3
1276,183,178,0,1,0.0
1277,824,800,0,0,
1278,1624,1581,13,20,65.0
1279,354,347,6,13,46.2
1280,1439,1403,6,8,75.0
1281,452,438,0,1,0.0
1282,2095,1985,17,23,73.9
1283,679,669,28,52,53.8
1284,1061,877,16,34,47.1
1285,1159,1121,7,8,87.5
1286,1789,1755,5,8,62.5
1287,1,1,0,0,
1288,49,43,2,2,100.0
1289,119,112,3,3,100.0
1290,992,974,21,32,65.6
1291,2054,1893,19,29,65.5
1292,2129,1785,22,30,73.3
1293,1182,1071,14,18,77.8
1294,867,795,4,6,66.7
1295,1117,941,39,64,60.9
1296,414,408,4,5,80.0
1297,192,176,6,10,60.0
1298,1365,1339,16,19,84.2
1299,520,515,12,15,80.0
1300,878,848,6,7,85.7
1301,43,42,1,2,50.0
1302,730,648,17,26,65.4
1303,1066,968,7,11,63.6
1304,57,56,1,1,100.0
1305,1605,1560,1,2,50.0
1306,2063,1744,86,141,61.0
1307,168,163,10,18,55.6
1308,381,368,10,22,45.5
1309,368,364,2,2,100.0
1310,940,666,1,1,100.0
1311,1884,1820,12,18,66.7
1312,670,638,10,19,52.6
1313,1743,1670,18,22,81.8
1314,67,50,0,0,
1315,1210,1194,18,35,51.4
1316,2085,2048,59,77,76.6
1317,497,479,32,59,54.2
1318,114,96,2,5,40.0
1319,136,94,0,0,
1320,540,465,6,6,100.0
1321,719,681,26,36,72.2
1322,1098,1066,17,20,85.0
1323,7,7,0,0,
1324,744,637,8,12,66.7
1325,195,192,0,0,
1326,220,211,0,0,
1327,2736,2477,22,27,81.5
1328,1658,1221,0,1,0.0
1329,307,304,8,13,61.5
1330,110,101,5,5,100.0
1331,1161,1119,72,120,60.0
1332,1049,1030,42,62,67.7
1333,1646,1583,84,150,56.0
1334,1166,1138,4,6,66.7
1335,1276,1197,42,53,79.2
1336,880,847,27,39,69.2
1337,971,933,6,10,60.0
1338,798,727,11,17,64.7
1339,227,226,14,26,53.8
1340,286,278,21,33,63.6
1341,756,659,9,14,64.3
1342,51,48,1,2,50.0
1343,184,182,3,4,75.0
1344,1003,991,27,73,37.0
1345,786,742,25,46,54.3
1346,83,77,0,0,
1347,957,696,0,0,
1348,1316,1257,3,5,60.0
1349,4,4,0,0,
1350,1593,1559,35,51,68.6
1351,1894,1593,43,76,56.6
1352,182,174,17,26,65.4
1353,1578,1267,43,66,65.2
1354,333,331,2,6,33.3
1355,772,717,31,45,68.9
1356,18,13,0,0,
1357,326,280,23,30,76.7
1358,491,478,0,0,
1359,389,329,2,3,66.7
1360,231,225,1,1,100.0
1361,105,104,1,1,100.0
1362,941,881,28,42,66.7
1363,604,550,22,35,62.9
1364,1192,1172,2,2,100.0
1365,1571,1482,7,7,100.0
1366,112,105,3,7,42.9
1367,1117,827,3,3,100.0
1368,836,801,14,40,35.0
1369,1074,1059,8,12,66.7
1370,784,778,7,8,87.5
1371,326,259,9,10,90.0
1372,800,776,19,32,59.4
1373,637,539,9,11,81.8
1374,1222,1187,13,17,76.5
1375,396,345,3,12,25.0
1376,133,117,1,2,50.0
1377,240,211,12,20,60.0
1378,244,206,6,14,42.9
1379,1972,1659,45,99,45.5
1380,1295,1126,37,73,50.7
1381,32,30,0,0,
1382,1943,1885,0,0,
1383,1260,1222,4,7,57.1
1384,574,560,9,16,56.3
1385,649,641,41,63,65.1
1386,7,6,1,1,100.0
1387,117,109,2,2,100.0
1388,944,654,0,0,
1389,1565,1517,30,40,75.0
1390,565,524,5,6,83.3
1391,516,505,17,32,53.1
1392,766,746,5,5,100.0
1393,645,623,7,13,53.8
1394,1346,1314,7,12,58.3
1395,249,231,2,3,66.7
1396,388,343,11,37,29.7
1397,30,21,0,0,
1398,524,486,21,38,55.3
1399,7,7,0,1,0.0
1400,2376,2322,5,9,55.6
1401,189,187,6,8,75.0
1402,1074,768,1,2,50.0
1403,1479,1161,25,39,64.1
1404,49,34,0,0,
1405,945,819,20,38,52.6
1406,191,180,2,10,20.0
1407,748,739,4,11,36.4
1408,313,304,13,22,59.1
1409,1700,1677,26,34,76.5
1410,341,212,1,1,100.0
1411,1205,1176,61,106,57.5
1412,1599,1352,37,62,59.7
1413,300,277,7,13,53.8
1414,731,559,5,10,50.0
1415,1214,1091,15,25,60.0
1416,1236,1202,3,3,100.0
1417,1796,1760,1,1,100.0
1418,20,18,0,0,
1419,146,118,1,1,100.0
1420,47,44,3,3,100.0
1421,201,164,2,3,66.7
1422,78,75,1,4,25.0
1423,2308,2252,3,8,37.5
1424,1032,1009,29,50,58.0
1425,520,500,9,18,50.0
1426,1569,1370,51,76,67.1
1427,1841,1807,6,8,75.0
1428,237,230,5,9,55.6
1429,676,671,25,33,75.8
1430,198,196,0,0,
1431,622,435,0,1,0.0
1432,1233,1156,38,68,55.9
1433,695,683,7,9,77.8
1434,883,872,10,15,66.7
1435,194,183,2,4,50.0
1436,34,34,1,1,100.0
1437,2528,2433,49,72,68.1
1438,1570,1279,14,30,46.7
1439,145,144,2,2,100.0
1440,138,133,0,1,0.0
1441,254,251,1,1,100.0
1442,611,606,8,18,44.4
1443,274,270,5,7,71.4
1444,850,806,9,14,64.3
1445,211,199,7,16,43.8
1446,867,638,0,0,
1447,65,60,2,3,66.7
1448,34,33,1,1,100.0
1449,657,640,15,30,50.0
1450,1623,1583,8,9,88.9
1451,1232,797,3,4,75.0
1452,45,37,0,0,
1453,888,742,14,21,66.7
1454,269,258,0,2,0.0
1455,982,953,15,29,51.7
1456,1116,832,0,0,
1457,37,36,2,2,100.0
1458,1374,1240,19,23,82.6
1459,12,12,0,0,
1460,28,28,2,3,66.7
1461,1413,1289,26,52,50.0
1462,2,2,0,0,
1463,730,715,1,1,100.0
1464,365,329,9,19,47.4
1465,190,183,11,13,84.6
1466,928,769,11,18,61.1
1467,535,524,24,44,54.5
1468,105,103,1,1,100.0
1469,60,49,0,0,
1470,36,34,2,4,50.0
1471,188,186,6,9,66.7
1472,1930,1840,7,11,63.6
1473,1255,1064,31,51,60.8
1474,999,970,51,104,49.0
1475,1667,1585,4,6,66.7
1476,8,8,1,1,100.0
1477,2050,1946,4,9,44.4
1478,1521,1458,30,41,73.2
1479,201,176,6,11,54.5
1480,1179,1132,24,40,60.0
1481,929,879,54,82,65.9
1482,1030,990,19,34,55.9
1483,1035,937,37,57,64.9
1484,1488,1466,17,34,50.0
1485,427,410,0,0,
1486,559,526,21,31,67.7
1487,445,329,0,0,
1488,810,785,10,16,62.5
1489,810,685,11,20,55.0
1490,1362,1338,6,8,75.0
1491,183,152,3,6,50.0
1492,896,821,51,87,58.6
1493,84,65,1,1,100.0
1494,2010,1779,56,83,67.5
1495,566,540,2,3,66.7
1496,1318,1258,9,10,90.0
1497,52,52,1,1,100.0
1498,97,92,0,0,
1499,211,210,3,4,75.0
1500,2828,2756,10,13,76.9
1501,61,61,3,4,75.0
1502,1476,1401,60,94,63.8
1503,44,41,0,0,
1504,381,368,7,7,100.0
1505,1647,1628,36,48,75.0
1506,804,530,0,0,
1507,1179,1002,22,44,50.0
1508,306,291,16,23,69.6
1509,157,155,9,20,45.0
1510,938,909,13,24,54.2
1511,569,564,17,31,54.8
1512,988,925,8,14,57.1
1513,1546,1501,6,9,66.7
1514,203,168,6,9,66.7
1515,21,21,0,1,0.0
1516,1266,1175,59,81,72.8
1517,303,295,5,11,45.5
1518,1570,1308,8,12,66.7
1519,466,433,16,29,55.2
1520,105,105,2,2,100.0
1521,1535,1285,6,14,42.9
1522,1973,1913,10,14,71.4
1523,1200,1160,27,42,64.3
1524,906,687,1,2,50.0
1525,797,691,12,20,60.0
1526,2045,1949,6,9,66.7
1527,1245,1158,13,30,43.3
1528,1590,1572,76,116,65.5
1529,353,347,0,1,0.0
1530,1560,1404,23,28,82.1
1531,540,479,0,0,
1532,1677,1630,2,2,100.0
1533,815,685,13,20,65.0
1534,8,8,1,1,100.0
1535,415,411,12,22,54.5
1536,1284,1076,28,52,53.8
1537,866,780,9,13,69.2
1538,1212,1087,10,13,76.9
1539,1333,1296,0,1,0.0
1540,759,675,18,30,60.0
1541,1610,1561,4,4,100.0
1542,275,242,2,4,50.0
1543,73,72,0,0,
1544,5,5,0,0,
1545,111,110,0,0,
1546,1040,987,1,1,100.0
1547,23,21,2,2,100.0
1548,762,628,1,3,33.3
1549,140,134,3,4,75.0
1550,18,18,0,0,
1551,466,368,8,22,36.4
1552,21,20,0,0,
1553,1262,1225,3,6,50.0
1554,1640,1607,7,7,100.0
1555,33,33,1,7,14.3
1556,105,94,2,3,66.7
1557,1453,1429,9,10,90.0
1558,719,617,12,25,48.0
1559,710,694,12,26,46.2
1560,1074,1048,64,104,61.5
1561,1081,819,24,40,60.0
1562,201,153,0,0,
1563,134,72,0,0,
1564,93,88,0,0,
1565,215,195,3,3,100.0
1566,20,20,1,1,100.0
1567,275,273,12,30,40.0
1568,10,6,0,0,
1569,308,226,0,0,
1570,1904,1789,8,11,72.7
1571,9,9,0,0,
1572,675,668,3,4,75.0
1573,978,956,47,83,56.6
1574,1340,1289,6,7,85.7
1575,31,28,0,2,0.0
1576,1018,945,61,104,58.7
1577,497,425,9,18,50.0
1578,1532,1487,11,15,73.3
1579,938,880,6,7,85.7
1580,358,335,1,1,100.0
1581,1186,973,11,18,61.1
1582,1107,656,0,0,
1583,745,659,31,39,79.5
1584,1136,1122,18,37,48.6
1585,589,560,5,12,41.7
1586,1436,1295,18,19,94.7
1587,355,330,19,31,61.3
1588,1416,1388,23,29,79.3
1589,626,610,2,2,100.0
1590,421,411,32,62,51.6
1591,50,46,2,5,40.0
1592,550,506,10,16,62.5
1593,1374,1334,13,28,46.4
1594,1063,999,34,70,48.6
1595,582,574,39,76,51.3
1596,1680,1238,8,10,80.0
1597,180,176,12,18,66.7
1598,101,84,6,8,75.0
1599,1,1,0,1,0.0
1600,782,758,30,57,52.6
1601,31,31,0,0,
1602,1218,992,52,80,65.0
1603,937,904,59,115,51.3
1604,992,833,11,15,73.3
1605,83,79,0,1,0.0
1606,48,42,1,4,25.0
1607,183,177,14,24,58.3
1608,1935,1868,32,49,65.3
1609,933,917,25,44,56.8
1610,896,617,2,2,100.0
1611,1018,948,6,11,54.5
1612,1106,1043,53,69,76.8
1613,895,881,31,47,66.0
1614,57,38,0,0,
1615,1345,1306,26,44,59.1
1616,2028,1950,34,49,69.4
1617,1700,1575,79,134,59.0
1618,1289,1268,31,47,66.0
1619,490,448,6,8,75.0
1620,1256,1205,12,15,80.0
1621,1609,1553,6,7,85.7
1622,122,121,0,3,0.0
1623,711,658,7,13,53.8
1624,1213,1195,63,89,70.8
1625,181,181,9,22,40.9
1626,461,456,9,19,47.4
1627,703,690,12,22,54.5
1628,1183,1149,29,33,87.9
1629,867,842,6,7,85.7
1630,1429,1387,15,20,75.0
1631,907,868,25,42,59.5
1632,317,314,12,17,70.6
1633,574,559,27,46,58.7
1634,266,258,8,11,72.7
1635,1419,1294,23,31,74.2
1636,844,632,1,1,100.0
1637,1489,1304,52,72,72.2
1638,246,245,2,3,66.7
1639,1066,907,26,50,52.0
1640,626,618,2,4,50.0
1641,42,41,3,4,75.0
1642,470,455,0,1,0.0
1643,638,463,0,0,
1644,904,874,24,35,68.6
1645,2407,2382,34,58,58.6
1646,28,27,1,1,100.0
1647,165,160,3,3,100.0
1648,909,828,26,48,54.2
1649,1152,1096,32,55,58.2
1650,2615,2412,185,276,67.0
1651,1040,918,9,19,47.4
1652,1247,1141,11,18,61.1
1653,300,299,4,12,33.3
1654,63,60,0,0,
1655,1613,1427,18,26,69.2
1656,624,584,24,53,45.3
1657,71,70,5,6,83.3
1658,1237,977,13,34,38.2
1659,7,7,0,1,0.0
1660,2115,2007,7,8,87.5
1661,663,626,15,24,62.5
1662,2269,2224,42,64,65.6
1663,803,767,1,2,50.0
1664,1784,1529,11,17,64.7
1665,114,104,6,9,66.7
1666,875,811,9,13,69.2
1667,996,969,11,30,36.7
1668,1573,1540,3,5,60.0
1669,156,155,4,8,50.0
1670,1694,1645,11,14,78.6
1671,1542,1295,22,34,64.7
1672,510,424,3,8,37.5
1673,192,143,1,1,100.0
1674,1746,1692,25,33,75.8
1675,142,114,2,2,100.0
1676,1132,1107,0,0,
1677,1451,1244,19,29,65.5
1678,98,94,2,5,40.0
1679,915,897,21,41,51.2
1680,367,332,9,10,90.0
1681,1696,1638,40,64,62.5
1682,50,49,0,0,
1683,1778,1725,13,20,65.0
1684,837,819,22,34,64.7
1685,1068,951,15,33,45.5
1686,831,799,11,16,68.8
1687,36,33,0,0,
1688,861,795,11,17,64.7
1689,231,205,1,3,33.3
1690,1640,1364,10,15,66.7
1691,8,8,1,1,100.0
1692,4,4,0,0,
1693,683,606,6,10,60.0
1694,1485,1252,19,34,55.9
1695,51,28,0,0,
1696,1359,1279,37,51,72.5
1697,600,583,14,22,63.6
1698,835,826,23,34,67.6
1699,850,839,19,33,57.6
1700,247,242,9,10,90.0
1701,873,730,11,16,68.8
1702,1175,1086,7,9,77.8
1703,1158,970,11,23,47.8
1704,1623,1376,48,83,57.8
1705,1447,1408,61,101,60.4
1706,192,185,4,5,80.0
1707,288,284,2,2,100.0
1708,207,199,3,3,100.0
1709,1,1,0,0,
1710,576,532,20,34,58.8
1711,9,9,1,1,100.0
1712,8,8,0,0,
1713,325,286,12,18,66.7
1714,364,353,20,25,80.0
1715,699,680,10,13,76.9
1716,191,130,0,0,
1717,1757,1609,47,77,61.0
1718,1190,1177,71,114,62.3
1719,431,423,35,54,64.8
1720,34,29,0,0,
1721,2294,1973,21,29,72.4
1722,380,350,7,20,35.0
1723,0,0,0,0,
1724,1273,1038,19,22,86.4
1725,1571,1404,12,27,44.4
1726,1084,1063,5,7,71.4
1727,987,877,24,43,55.8
1728,524,382,1,1,100.0
1729,1650,1578,23,45,51.1
1730,515,509,14,25,56.0
1731,1358,1285,54,93,58.1
1732,754,610,6,13,46.2
1733,20,20,0,0,
1734,154,152,1,1,100.0
1735,1009,896,13,17,76.5
1736,798,742,31,62,50.0
1737,351,312,3,4,75.0
1738,892,842,1,2,50.0
1739,273,267,1,5,20.0
1740,1293,1090,28,44,63.6
1741,1119,1084,3,4,75.0
1742,1,1,0,0,
1743,7,7,0,0,
1744,1283,842,1,1,100.0
1745,954,939,2,2,100.0
1746,51,50,6,7,85.7
1747,82,68,1,1,100.0
1748,205,151,2,4,50.0
1749,1269,1139,21,31,67.7
1750,1080,1056,22,34,64.7
1751,246,215,1,3,33.3
1752,20,18,2,3,66.7
1753,2,2,0,0,
1754,1,1,0,0,
1755,1163,1070,25,37,67.6
1756,354,319,1,5,20.0
1757,1354,1087,13,25,52.0
1758,1448,1381,44,63,69.8
1759,1013,991,14,20,70.0
1760,821,796,3,4,75.0
1761,1689,1611,52,80,65.0
1762,1078,1056,0,0,
1763,102,85,2,2,100.0
1764,1119,949,14,21,66.7
1765,2954,2541,47,67,70.1
1766,578,420,0,0,
1767,351,322,5,6,83.3
1768,8,8,0,0,
1769,3,3,0,0,
1770,2049,2032,24,30,80.0
1771,305,302,18,26,69.2
1772,772,758,36,50,72.0
1773,328,310,16,29,55.2
1774,540,518,9,16,56.3
1775,64,44,0,0,
1776,538,511,32,58,55.2
1777,1505,1268,1,2,50.0
1778,1553,1499,47,64,73.4
1779,1112,878,6,12,50.0
1780,2285,2221,25,32,78.1
1781,1307,1223,86,151,57.0
1782,220,177,8,12,66.7
1783,29,27,1,4,25.0
1784,412,334,3,7,42.9
1785,,,,,
1786,864,858,87,144,60.4
1787,1835,1763,3,11,27.3
1788,468,445,26,53,49.1
1789,848,802,19,53,35.8
1790,9,9,0,0,
1791,18,18,1,1,100.0
1792,39,29,0,0,
1793,887,814,33,72,45.8
1794,2170,2077,24,37,64.9
1795,334,329,15,38,39.5
1796,33,33,2,2,100.0
1797,41,41,2,6,33.3
1798,234,223,10,16,62.5
1799,1512,1462,10,11,90.9
1800,1145,1014,55,97,56.7
1801,57,55,6,9,66.7
1802,1735,1626,29,41,70.7
1803,438,425,12,16,75.0
1804,210,193,1,6,16.7
1805,410,394,26,35,74.3
1806,588,572,6,7,85.7
1807,2410,2194,15,17,88.2
1808,1078,805,0,0,
1809,654,638,11,13,84.6
1810,874,856,6,7,85.7
1811,1539,1500,3,6,50.0
1812,59,58,1,1,100.0
1813,194,123,0,0,
1814,1170,937,14,29,48.3
1815,339,334,2,3,66.7
1816,1964,1880,8,13,61.5
1817,238,236,18,31,58.1
1818,1289,1256,19,23,82.6
1819,1011,599,1,1,100.0
1820,4,4,0,0,
1821,1524,1493,83,168,49.4
1822,2110,1731,42,70,60.0
1823,127,114,3,6,50.0
1824,212,170,9,13,69.2
1825,31,31,0,4,0.0
1826,1278,1259,2,3,66.7
1827,1013,984,44,74,59.5
1828,5,5,1,1,100.0
1829,2302,1918,15,26,57.7
1830,64,50,0,0,
1831,292,283,1,2,50.0
1832,1555,1493,12,12,100.0
1833,365,312,19,30,63.3
1834,1048,1024,3,3,100.0
1835,1170,912,20,33,60.6
1836,7,7,0,0,
1837,22,20,1,1,100.0
1838,489,474,9,21,42.9
1839,558,342,0,0,
1840,884,867,3,3,100.0
1841,55,54,0,0,
1842,661,642,56,82,68.3
1843,680,649,29,58,50.0
1844,69,66,5,10,50.0
1845,,,,,
1846,,,,,
1847,715,687,3,4,75.0
1848,1485,1364,70,135,51.9
1849,342,340,11,26,42.3
1850,7,7,0,0,
1851,1570,1439,72,135,53.3
1852,943,913,24,45,53.3
1853,323,309,3,6,50.0
1854,704,676,15,36,41.7
1855,497,380,0,0,
1856,1660,1647,3,3,100.0
1857,1745,1709,16,19,84.2
1858,256,212,8,13,61.5
1859,6,6,0,0,
1860,353,340,10,11,90.9
1861,628,606,13,22,59.1
1862,966,654,2,2,100.0
1863,38,38,1,1,100.0
1864,659,617,39,68,57.4
1865,135,133,0,0,
1866,965,951,35,55,63.6
1867,1571,1497,61,89,68.5
1868,1095,899,23,50,46.0
1869,1016,931,21,31,67.7
1870,801,772,38,62,61.3
1871,1790,1741,5,7,71.4
1872,864,519,0,0,
1873,45,43,1,1,100.0
1874,547,525,26,47,55.3
1875,97,69,0,0,
1876,538,460,8,14,57.1
1877,63,63,1,1,100.0
1878,310,285,3,7,42.9
1879,1433,1360,40,77,51.9
1880,174,172,3,3,100.0
1881,329,270,5,6,83.3
1882,1294,1231,16,18,88.9
1883,990,859,14,22,63.6
1884,116,108,4,5,80.0
1885,66,64,2,5,40.0
1886,0,0,0,0,
1887,852,837,30,64,46.9
1888,88,86,0,0,
1889,1166,1126,5,6,83.3
1890,427,410,10,12,83.3
1891,790,780,27,45,60.0
1892,972,766,11,21,52.4
1893,131,125,0,1,0.0
1894,1002,979,13,14,92.9
1895,2689,2394,40,57,70.2
1896,376,367,3,5,60.0
1897,28,23,0,0,
1898,992,979,5,9,55.6
1899,5,4,0,0,
1900,1990,1928,46,55,83.6
1901,1735,1702,22,40,55.0
1902,367,359,14,17,82.4
1903,1352,1304,6,9,66.7
1904,903,547,0,0,
1905,187,184,14,22,63.6
1906,45,42,1,4,25.0
1907,2028,1961,6,7,85.7
1908,2802,2559,17,32,53.1
1909,1309,910,0,0,
1910,414,408,0,0,
1911,25,24,0,0,
1912,1350,1152,59,98,60.2
1913,69,67,0,0,
1914,544,533,1,1,100.0
1915,114,105,3,4,75.0
1916,50,36,1,5,20.0
1917,971,843,20,34,58.8
1918,41,41,1,1,100.0
1919,29,29,0,2,0.0
1920,424,422,16,27,59.3
1921,1283,1244,33,55,60.0
1922,18,18,3,3,100.0
1923,674,571,21,41,51.2
1924,13,13,0,0,
1925,175,130,0,0,
1926,524,449,7,11,63.6
1927,51,35,0,0,
1928,1526,1350,27,58,46.6
1929,1322,1130,29,51,56.9
1930,326,278,3,6,50.0
1931,675,643,4,5,80.0
1932,1148,1054,7,9,77.8
1933,1579,1360,22,50,44.0
1934,179,136,0,0,
1935,1126,1043,72,132,54.5
1936,9,9,0,0,
1937,828,674,4,10,40.0
1938,5,5,0,0,
1939,774,757,18,44,40.9
1940,990,911,20,38,52.6
1941,2330,2018,59,88,67.0
1942,169,149,5,6,83.3
1943,752,651,9,16,56.3
1944,898,854,25,61,41.0
1945,1107,1087,44,68,64.7
1946,360,348,10,22,45.5
1947,308,295,13,23,56.5
1948,696,627,8,10,80.0
1949,72,46,0,0,
1950,136,134,6,13,46.2
1951,938,766,21,46,45.7
1952,1378,1337,9,18,50.0
1953,7,2,0,0,
1954,786,534,0,0,
1955,782,746,12,22,54.5
1956,503,479,27,40,67.5
1957,1398,1131,14,31,45.2
1958,1258,1220,4,4,100.0
1959,306,295,2,3,66.7
1960,286,210,0,0,
1961,1661,1613,29,49,59.2
1962,1319,1260,58,91,63.7
1963,818,805,9,19,47.4
1964,60,33,0,0,
1965,25,11,0,0,
1966,1460,1352,16,28,57.1
1967,1524,1484,2,3,66.7
1968,55,47,1,1,100.0
1969,611,511,11,18,61.1
1970,10,10,0,0,
1971,849,805,28,66,42.4
1972,332,312,11,16,68.8
1973,402,388,15,20,75.0
1974,43,38,0,0,
1975,63,58,3,4,75.0
1976,22,19,0,0,
1977,9,8,0,0,
1978,1456,1042,0,1,0.0
1979,395,329,6,11,54.5
1980,357,297,10,10,100.0
1981,,,,,
1982,1211,1028,4,13,30.8
1983,671,662,9,10,90.0
1984,939,884,21,44,47.7
1985,90,82,0,1,0.0
1986,3,1,0,0,
1987,283,235,4,9,44.4
1988,2996,2891,9,9,100.0
1989,9,9,0,0,
1990,1363,1328,3,4,75.0
1991,2192,2077,13,23,56.5
1992,124,120,3,5,60.0
1993,2220,2035,16,22,72.7
1994,1073,1056,11,22,50.0
1995,902,693,5,8,62.5
1996,1031,989,48,77,62.3
1997,55,53,2,3,66.7
1998,153,150,9,13,69.2
1999,1178,1151,22,35,62.9
2000,0,0,0,0,
2001,1256,1221,20,27,74.1
2002,460,429,17,24,70.8
2003,167,150,8,13,61.5
2004,131,127,3,3,100.0
2005,683,661,9,12,75.0
2006,509,498,4,15,26.7
2007,1284,829,0,0,
2008,457,368,10,20,50.0
2009,211,208,9,11,81.8
2010,926,868,10,25,40.0
2011,1858,1716,10,14,71.4
2012,1296,1239,5,9,55.6
2013,1,1,0,0,
2014,548,525,13,25,52.0
2015,5,3,0,0,
2016,6,6,0,0,
2017,1013,850,14,29,48.3
2018,23,23,0,2,0.0
2019,124,98,0,0,
2020,695,689,16,32,50.0
2021,114,108,2,5,40.0
2022,67,63,1,2,50.0
2023,1335,1195,34,74,45.9
2024,16,16,0,0,
2025,980,828,66,112,58.9
2026,465,455,8,14,57.1
2027,2097,2076,40,65,61.5
2028,1103,1079,54,92,58.7
2029,481,474,14,16,87.5
2030,794,725,27,46,58.7
2031,2067,1742,12,20,60.0
2032,1027,1020,50,101,49.5
2033,198,184,9,15,60.0
2034,58,54,1,5,20.0
2035,836,772,13,29,44.8
2036,900,868,41,62,66.1
2037,19,19,1,2,50.0
2038,395,330,6,11,54.5
2039,1171,997,4,6,66.7
2040,192,184,3,4,75.0
2041,1396,1380,37,48,77.1
2042,1159,1144,30,40,75.0
2043,524,516,33,60,55.0
2044,951,924,7,9,77.8
2045,694,504,1,1,100.0
2046,1597,1543,15,19,78.9
2047,64,47,0,0,
2048,553,487,11,20,55.0
2049,160,94,0,0,
2050,65,60,4,4,100.0
2051,201,193,5,11,45.5
2052,1686,1655,56,74,75.7
2053,214,205,11,17,64.7
2054,74,56,0,1,0.0
2055,1408,1352,2,2,100.0
2056,1067,783,0,0,
2057,1657,1590,8,17,47.1
2058,517,482,19,40,47.5
2059,882,781,40,66,60.6
2060,559,517,22,44,50.0
2061,269,256,3,3,100.0
2062,107,104,0,1,0.0
2063,2428,2363,11,13,84.6
2064,1245,826,0,0,
2065,903,886,16,23,69.6
2066,47,29,0,0,
2067,186,172,4,5,80.0
2068,408,399,1,1,100.0
2069,17,17,0,0,
2070,1378,1332,72,132,54.5
2071,1068,976,65,106,61.3
2072,161,158,5,8,62.5
2073,8,7,0,1,0.0
2074,649,631,32,55,58.2
2075,31,29,1,2,50.0
2076,1193,1009,30,57,52.6
2077,1049,1009,13,24,54.2
2078,9,9,1,2,50.0
2079,1443,1424,90,146,61.6
2080,36,35,3,6,50.0
2081,84,78,0,0,
2082,26,25,0,0,
2083,2136,1884,41,70,58.6
2084,327,263,2,4,50.0
2085,1273,854,0,0,
2086,427,288,0,0,
2087,41,30,0,0,
2088,51,49,7,8,87.5
2089,517,500,33,45,73.3
2090,847,820,4,7,57.1
2091,975,745,1,1,100.0
2092,324,311,16,23,69.6
2093,110,102,1,1,100.0
2094,895,858,29,53,54.7
2095,315,308,6,11,54.5
2096,280,277,19,26,73.1
2097,912,612,0,0,
2098,99,98,5,10,50.0
2099,971,961,58,95,61.1
2100,4,4,0,0,
2101,2084,2052,41,53,77.4
2102,5,5,0,0,
2103,1374,1352,66,106,62.3
2104,1017,988,49,112,43.8
2105,1825,1452,19,40,47.5
2106,55,38,1,1,100.0
2107,482,408,11,15,73.3
2108,260,229,16,32,50.0
2109,1626,1537,37,47,78.7
2110,597,577,24,44,54.5
2111,974,892,28,66,42.4
2112,8,8,0,0,
2113,1301,1158,5,8,62.5
2114,81,67,1,2,50.0
2115,468,413,6,12,50.0
2116,850,697,11,16,68.8
2117,266,233,2,4,50.0
2118,165,161,2,3,66.7
2119,15,14,2,3,66.7
2120,101,99,2,2,100.0
2121,265,188,0,0,
2122,269,161,0,0,
2123,2359,2232,14,25,56.0
2124,13,12,3,3,100.0
2125,3265,2879,24,48,50.0
2126,230,221,7,15,46.7
2127,332,307,2,2,100.0
2128,1232,891,0,0,
2129,2036,1960,16,25,64.0
2130,1282,1189,42,65,64.6
2131,1415,1363,15,21,71.4
2132,2777,2754,25,31,80.6
2133,847,832,17,41,41.5
2134,1080,931,37,52,71.2
2135,9,9,0,0,
2136,1105,986,42,86,48.8
2137,555,547,15,26,57.7
2138,1591,1522,54,81,66.7
2139,626,608,12,15,80.0
2140,351,320,0,1,0.0
2141,805,790,19,42,45.2
2142,3,3,0,0,
2143,324,287,0,2,0.0
2144,648,639,24,48,50.0
2145,3,3,0,0,
2146,1487,1425,59,77,76.6
2147,428,416,1,1,100.0
2148,837,735,15,20,75.0
2149,70,60,0,1,0.0
2150,1169,1143,2,2,100.0
2151,2284,2226,4,6,66.7
2152,1204,1173,18,22,81.8
2153,1885,1773,14,18,77.8
2154,2,2,0,0,
2155,1261,1242,13,16,81.3
2156,722,694,29,45,64.4
2157,11,10,1,2,50.0
2158,1761,1699,56,87,64.4
2159,732,639,15,18,83.3
2160,1498,1477,24,32,75.0
2161,198,185,5,5,100.0
2162,2300,2241,12,17,70.6
2163,1114,888,11,18,61.1
2164,39,23,0,0,
2165,682,594,11,22,50.0
2166,505,449,3,6,50.0
2167,1287,1240,1,1,100.0
2168,3,3,0,0,
2169,1416,1171,42,71,59.2
2170,212,197,5,11,45.5
2171,76,75,0,0,
2172,1941,1862,12,23,52.2
2173,560,356,2,2,100.0
2174,424,415,20,42,47.6
2175,1642,1611,0,0,
2176,1808,1671,16,24,66.7
2177,663,439,0,0,
2178,1,1,0,0,
2179,514,505,0,0,
2180,2219,1988,26,38,68.4
2181,588,559,33,57,57.9
2182,2649,2587,30,43,69.8
2183,951,677,0,0,
2184,222,220,4,12,33.3
2185,342,335,9,15,60.0
2186,1547,1221,0,0,
2187,227,184,6,9,66.7
2188,373,294,0,0,
2189,691,681,35,53,66.0
2190,13,12,0,0,
2191,725,634,14,21,66.7
2192,2417,1990,27,49,55.1
2193,621,598,33,54,61.1
2194,1825,1698,25,39,64.1
2195,62,61,2,7,28.6
2196,420,392,5,10,50.0
2197,207,205,0,0,
2198,926,813,11,16,68.8
2199,533,516,31,43,72.1
2200,795,787,102,151,67.5
2201,4,4,0,0,
2202,239,238,11,27,40.7
2203,1932,1892,7,9,77.8
2204,1069,948,31,48,64.6
2205,1328,1134,12,26,46.2
2206,608,591,5,6,83.3
2207,576,504,9,17,52.9
2208,1405,1349,66,99,66.7
2209,179,175,0,0,
2210,326,317,10,17,58.8
2211,661,633,10,14,71.4
2212,53,52,2,3,66.7
2213,142,89,0,0,
2214,1419,1387,5,6,83.3
2215,540,534,28,48,58.3
2216,14,14,2,3,66.7
2217,758,751,14,18,77.8
2218,277,269,9,15,60.0
2219,662,652,32,61,52.5
2220,344,299,8,16,50.0
2221,334,287,5,10,50.0
2222,811,804,2,3,66.7
2223,176,175,0,4,0.0
2224,563,547,25,34,73.5
2225,313,307,17,28,60.7
2226,10,10,0,0,
2227,1230,1133,48,73,65.8
2228,542,498,28,37,75.7
2229,66,66,1,1,100.0
2230,1791,1754,8,11,72.7
2231,1137,1093,0,0,
2232,251,239,1,1,100.0
2233,205,176,4,11,36.4
2234,1165,1089,12,16,75.0
2235,1924,1829,93,164,56.7
2236,2244,2021,30,45,66.7
2237,9,8,0,0,
2238,840,804,12,14,85.7
2239,225,218,6,8,75.0
2240,1616,1577,37,52,71.2
2241,1280,1267,7,11,63.6
2242,301,290,4,7,57.1
2243,1255,1232,48,78,61.5
2244,1352,1248,46,89,51.7
2245,1674,1657,39,55,70.9
2246,391,377,11,14,78.6
2247,474,414,13,16,81.3
2248,935,892,4,6,66.7
2249,105,103,4,7,57.1
2250,634,603,20,29,69.0
2251,3,2,0,0,
2252,824,796,10,19,52.6
2253,157,138,5,7,71.4
2254,601,577,16,29,55.2
2255,1683,1484,52,97,53.6
2256,931,922,52,101,51.5
2257,1303,1240,4,5,80.0
2258,650,639,12,15,80.0
2259,817,670,2,12,16.7
2260,1161,1069,28,52,53.8
2261,1225,1183,4,5,80.0
2262,1016,953,16,19,84.2
2263,384,352,20,36,55.6
2264,232,192,6,9,66.7
2265,534,509,20,41,48.8
2266,17,15,0,0,
2267,372,363,11,20,55.0
2268,928,917,24,28,85.7
2269,1114,1082,6,7,85.7
2270,247,235,4,4,100.0
2271,496,476,13,23,56.5
2272,1245,889,0,1,0.0
2273,58,53,0,0,
2274,1906,1497,13,36,36.1
2275,69,68,0,0,
2276,884,730,2,8,25.0
2277,681,665,3,3,100.0
2278,1906,1720,39,64,60.9
2279,1760,1711,9,10,90.0
2280,869,857,26,50,52.0
2281,680,665,26,35,74.3
2282,349,270,0,0,
2283,515,467,6,11,54.5
2284,1058,756,0,0,
2285,619,549,8,14,57.1
2286,483,458,4,4,100.0
2287,366,347,7,14,50.0
2288,206,197,4,12,33.3
2289,905,642,0,0,
2290,1352,1145,49,88,55.7
2291,1904,1741,45,68,66.2
2292,424,349,5,7,71.4
2293,99,95,4,5,80.0
2294,626,567,13,21,61.9
2295,1210,781,0,0,
2296,778,774,46,72,63.9
2297,238,211,2,3,66.7
2298,1920,1598,10,21,47.6
2299,528,520,18,24,75.0
2300,129,116,2,4,50.0
2301,334,328,13,20,65.0
2302,1484,1329,24,33,72.7
2303,10,10,2,2,100.0
2304,1293,1162,20,26,76.9
2305,45,44,0,0,
2306,1420,1226,14,26,53.8
2307,51,51,1,1,100.0
2308,992,944,7,9,77.8
2309,171,165,6,6,100.0
2310,5,5,0,0,
2311,1410,1273,23,38,60.5
2312,209,197,6,11,54.5
2313,989,931,17,31,54.8
2314,23,23,1,3,33.3
2315,702,663,18,35,51.4
2316,1686,1633,43,64,67.2
2317,1702,1645,34,50,68.0
2318,121,101,0,1,0.0
2319,1628,1336,20,30,66.7
2320,303,287,6,9,66.7
2321,1367,928,1,1,100.0
2322,1666,1631,3,7,42.9
2323,1097,681,1,1,100.0
2324,1070,962,21,30,70.0
2325,910,857,32,64,50.0
2326,954,924,52,103,50.5
2327,1172,792,0,1,0.0
2328,129,115,2,3,66.7
2329,33,33,0,0,
2330,85,77,4,4,100.0
2331,828,743,10,17,58.8
2332,1077,968,9,12,75.0
2333,1266,802,1,1,100.0
2334,888,872,15,27,55.6
2335,1537,1476,41,67,61.2
2336,10,10,0,0,
2337,628,601,21,32,65.6
2338,88,47,0,0,
2339,1740,1685,31,40,77.5
2340,46,46,2,2,100.0
2341,1264,882,0,0,
2342,515,492,16,39,41.0
2343,1686,1418,41,71,57.7
2344,136,135,2,5,40.0
2345,2211,2145,10,11,90.9
2346,221,218,7,13,53.8
2347,46,45,0,1,0.0
2348,737,708,12,27,44.4
2349,251,244,2,4,50.0
2350,1748,1708,7,9,77.8
2351,79,60,0,0,
2352,1326,1128,26,52,50.0
2353,50,50,1,1,100.0
2354,299,282,11,23,47.8
2355,805,707,15,27,55.6
2356,161,141,2,2,100.0
2357,910,715,3,7,42.9
2358,255,183,1,3,33.3
2359,54,51,0,0,
2360,299,294,4,6,66.7
2361,90,89,4,7,57.1
2362,695,670,30,57,52.6
2363,789,723,13,26,50.0
2364,932,907,16,28,57.1
2365,7,7,0,0,
2366,1617,1270,1,1,100.0
2367,4,4,0,1,0.0
2368,1218,729,0,0,
2369,285,279,2,2,100.0
2370,317,205,0,0,
2371,1484,1459,30,42,71.4
2372,296,287,18,21,85.7
2373,530,525,1,6,16.7
2374,387,376,0,0,
2375,386,378,1,2,50.0
2376,851,841,19,21,90.5
2377,198,180,11,16,68.8
2378,1335,1090,23,48,47.9
2379,1128,1088,13,25,52.0
2380,2630,2580,18,22,81.8
2381,637,619,14,35,40.0
2382,1187,1021,24,45,53.3
2383,161,126,0,0,
2384,282,267,8,18,44.4
2385,64,62,1,2,50.0
2386,38,38,1,4,25.0
2387,423,396,16,21,76.2
2388,1261,1223,9,13,69.2
2389,961,809,16,26,61.5
2390,246,203,4,5,80.0
2391,557,547,4,5,80.0
2392,387,348,13,21,61.9
2393,1088,1058,5,8,62.5
2394,2,1,0,0,
2395,939,879,34,45,75.6
2396,674,464,0,0,
2397,1901,1884,10,11,90.9
2398,1545,1498,8,12,66.7
2399,276,267,2,6,33.3
2400,1635,1615,59,128,46.1
2401,2300,1980,61,86,70.9
2402,554,534,20,34,58.8
2403,948,916,14,26,53.8
2404,1115,1003,24,31,77.4
2405,40,39,1,2,50.0
2406,1100,1086,3,4,75.0
2407,1308,951,1,1,100.0
2408,448,438,5,5,100.0
2409,838,795,1,1,100.0
2410,1099,1050,3,6,50.0
2411,1831,1560,19,32,59.4
2412,703,668,16,30,53.3
2413,1775,1268,23,35,65.7
2414,1104,1014,56,101,55.4
2415,930,887,25,52,48.1
2416,37,24,0,1,0.0
2417,1005,981,3,5,60.0
2418,33,33,1,4,25.0
2419,233,229,1,1,100.0
2420,680,677,2,2,100.0
2421,5,4,0,1,0.0
2422,79,74,3,3,100.0
2423,681,668,2,3,66.7
2424,148,139,1,1,100.0
2425,20,20,1,2,50.0
2426,467,446,20,31,64.5
2427,898,837,33,52,63.5
2428,205,198,3,4,75.0
2429,997,859,5,8,62.5
2430,582,556,13,19,68.4
2431,1877,1601,27,48,56.3
2432,4,3,0,0,
2433,23,23,2,2,100.0
2434,483,463,14,23,60.9
2435,830,589,0,0,
2436,500,491,13,23,56.5
2437,93,80,0,0,
2438,1447,1385,24,32,75.0
2439,2298,2252,13,16,81.3
2440,541,526,19,38,50.0
2441,11,11,0,0,
2442,300,295,5,13,38.5
2443,217,215,5,7,71.4
2444,320,286,7,10,70.0
2445,4,4,0,0,
2446,1220,1195,5,8,62.5
2447,1501,1264,10,23,43.5
2448,353,341,0,0,
2449,1813,1785,15,16,93.8
2450,63,56,0,0,
2451,805,767,9,25,36.0
2452,1321,1048,19,39,48.7
2453,631,532,2,3,66.7
2454,807,795,13,17,76.5
2455,33,30,1,3,33.3
2456,41,35,1,1,100.0
2457,940,751,5,9,55.6
2458,194,188,10,18,55.6
2459,3,3,0,0,
2460,453,420,12,19,63.2
2461,14,14,1,1,100.0
2462,109,105,4,7,57.1
2463,444,386,3,5,60.0
2464,1493,1237,0,0,
2465,288,268,2,5,40.0
2466,232,149,0,0,
2467,583,557,18,30,60.0
2468,6,6,0,0,
2469,995,860,11,20,55.0
2470,1494,1482,16,24,66.7
2471,22,22,2,3,66.7
2472,77,43,0,0,
2473,49,49,0,0,
2474,43,34,0,0,
2475,249,241,2,6,33.3
2476,922,894,61,101,60.4
2477,0,0,0,0,
2478,220,195,2,3,66.7
2479,1425,1375,3,3,100.0
2480,1234,1186,28,50,56.0
2481,1235,1124,47,69,68.1
2482,0,0,0,0,
2483,1001,963,8,12,66.7
2484,1076,1064,69,114,60.5
2485,446,439,4,6,66.7
2486,2141,2049,30,45,66.7
2487,664,579,12,16,75.0
2488,53,52,0,1,0.0
2489,508,447,2,2,100.0
2490,897,869,9,11,81.8
2491,63,62,0,1,0.0
2492,331,327,9,10,90.0
2493,347,332,16,27,59.3
2494,254,248,8,13,61.5
2495,645,637,7,11,63.6
2496,1723,1472,20,28,71.4
2497,1981,1909,16,21,76.2
2498,434,409,31,48,64.6
2499,1985,1715,30,47,63.8
2500,857,829,1,1,100.0
2501,1277,1261,7,11,63.6
2502,1132,1043,4,7,57.1
2503,1905,1568,39,50,78.0
2504,437,423,6,6,100.0
2505,1104,934,27,40,67.5
2506,567,546,5,5,100.0
2507,856,840,35,66,53.0
2508,1091,1061,13,16,81.3
2509,1030,1004,56,94,59.6
2510,1172,1145,22,31,71.0
2511,2313,2254,10,13,76.9
2512,1473,1329,29,53,54.7
2513,227,221,2,4,50.0
2514,1016,985,10,16,62.5
2515,69,69,7,8,87.5
2516,96,95,1,5,20.0
2517,1624,1610,38,49,77.6
2518,895,810,20,25,80.0
2519,1170,1156,17,28,60.7
2520,647,618,36,51,70.6
2521,218,197,6,11,54.5
2522,608,540,30,38,78.9
2523,15,14,0,0,
2524,1400,1346,156,211,73.9
2525,23,22,2,2,100.0
2526,816,753,35,65,53.8
2527,1321,1098,16,24,66.7
2528,1834,1538,25,43,58.1
2529,92,89,5,11,45.5
2530,1251,1217,8,8,100.0
2531,990,776,0,0,
2532,1005,831,24,37,64.9
2533,33,24,0,0,
2534,7,6,0,0,
2535,775,752,40,75,53.3
2536,1098,1050,13,19,68.4
2537,1891,1347,22,33,66.7
2538,88,79,2,3,66.7
2539,1492,1169,14,21,66.7
2540,1324,1288,4,4,100.0
2541,1039,1000,34,60,56.7
2542,756,742,7,9,77.8
2543,166,154,0,3,0.0
2544,143,129,4,6,66.7
2545,57,39,0,0,
2546,107,103,3,5,60.0
2547,751,632,20,25,80.0
2548,614,610,19,34,55.9
2549,369,359,11,18,61.1
2550,55,41,0,0,
2551,56,46,0,0,
2552,899,868,4,6,66.7
2553,948,928,26,42,61.9
2554,466,451,32,41,78.0
2555,2240,2188,26,32,81.3
2556,692,602,18,31,58.1
2557,161,156,3,6,50.0
2558,970,677,0,0,
2559,590,500,20,42,47.6
2560,1200,1183,30,35,85.7
2561,998,877,6,8,75.0
2562,37,37,0,1,0.0
2563,3,3,0,0,
2564,47,44,3,3,100.0
2565,622,610,12,14,85.7
2566,455,361,12,25,48.0
2567,1528,1450,7,9,77.8
2568,124,124,1,1,100.0
2569,282,266,1,1,100.0
2570,151,148,8,10,80.0
2571,8,8,0,0,
2572,853,805,13,18,72.2
2573,823,812,31,41,75.6
2574,1316,1305,18,35,51.4
2575,1949,1890,10,16,62.5
2576,734,671,25,44,56.8
2577,557,535,25,45,55.6
2578,1045,1014,58,120,48.3
2579,88,74,1,4,25.0
2580,1483,1451,55,86,64.0
2581,16,15,1,2,50.0
2582,245,238,1,2,50.0
2583,793,783,18,23,78.3
2584,925,782,15,23,65.2
2585,708,668,14,21,66.7
2586,706,699,7,11,63.6
2587,67,43,0,0,
2588,1393,1338,2,2,100.0
2589,1966,1712,18,20,90.0
2590,42,34,1,1,100.0
2591,563,502,6,12,50.0
2592,106,92,1,2,50.0
2593,1158,1006,52,80,65.0
2594,1870,1769,22,27,81.5
2595,1870,1825,24,28,85.7
2596,946,907,22,45,48.9
2597,348,299,2,6,33.3
2598,1327,1227,2,5,40.0
2599,730,713,8,14,57.1
2600,1040,995,3,5,60.0
2601,1492,1416,4,6,66.7
2602,1574,1511,1,2,50.0
2603,430,394,10,20,50.0
2604,1078,939,22,50,44.0
2605,1452,1439,9,17,52.9
2606,54,52,0,0,
2607,1542,1297,27,36,75.0
2608,1153,1100,16,25,64.0
2609,173,110,0,0,
2610,1573,1327,13,21,61.9
2611,713,706,40,97,41.2
2612,178,173,5,11,45.5
2613,177,174,7,7,100.0
2614,100,61,0,0,
2615,115,108,1,1,100.0
2616,470,399,18,41,43.9
2617,18,17,0,2,0.0
2618,737,725,36,64,56.3
2619,217,201,3,3,100.0
2620,626,598,32,47,68.1
2621,945,929,4,4,100.0
2622,891,861,5,6,83.3
2623,82,70,0,0,
2624,881,841,24,44,54.5
2625,526,514,3,5,60.0
2626,1948,1918,12,13,92.3
2627,4,4,0,0,
2628,212,182,0,0,
2629,763,751,5,5,100.0
2630,238,235,7,17,41.2
2631,415,407,2,3,66.7
2632,183,168,3,8,37.5
2633,90,75,4,5,80.0
2634,672,646,24,36,66.7
2635,851,840,15,18,83.3
2636,575,564,21,36,58.3
2637,517,506,14,35,40.0
2638,2337,2117,25,32,78.1
2639,536,441,20,23,87.0
2640,244,219,3,4,75.0
2641,31,31,1,1,100.0
2642,712,665,9,10,90.0
2643,2560,2182,59,91,64.8
2644,21,19,1,1,100.0
2645,1544,1268,13,19,68.4
2646,2399,2022,15,21,71.4
2647,1914,1666,10,19,52.6
2648,5,5,0,0,
2649,44,42,4,4,100.0
2650,2175,2099,12,14,85.7
2651,1189,1139,28,47,59.6
2652,923,910,6,8,75.0
2653,1241,1079,21,30,70.0
2654,283,275,9,19,47.4
2655,2137,1907,11,14,78.6
2656,1250,986,5,8,62.5
2657,1455,1404,66,110,60.0
2658,2081,1883,10,23,43.5
2659,62,60,2,3,66.7
2660,114,83,0,0,
2661,1920,1893,49,78,62.8
2662,755,627,30,39,76.9
2663,1124,910,22,40,55.0
2664,764,683,14,20,70.0
2665,1074,1054,50,84,59.5
2666,245,210,6,13,46.2
2667,1928,1788,62,86,72.1
2668,515,505,22,33,66.7
2669,108,106,5,10,50.0
2670,881,854,24,48,50.0
2671,857,795,20,38,52.6
2672,1840,1773,14,22,63.6
2673,235,235,23,37,62.2
2674,2007,1956,22,27,81.5
2675,36,35,0,1,0.0
2676,863,782,30,56,53.6
2677,45,44,2,6,33.3
2678,763,749,9,20,45.0
2679,525,517,5,10,50.0
2680,2145,2095,27,32,84.4
2681,126,123,0,0,
2682,545,533,10,16,62.5
2683,577,480,15,33,45.5
2684,407,366,5,11,45.5
2685,105,64,0,0,
2686,1302,1272,23,33,69.7
2687,317,309,1,1,100.0
2688,693,667,3,3,100.0
2689,74,71,0,4,0.0
2690,143,142,3,8,37.5
2691,836,656,8,17,47.1
2692,759,659,12,18,66.7
2693,658,653,29,41,70.7
2694,398,332,0,2,0.0
2695,1081,1055,63,102,61.8
2696,934,924,6,6,100.0
2697,20,20,3,3,100.0
2698,1859,1831,162,262,61.8
2699,1162,1135,47,63,74.6
2700,1905,1572,17,40,42.5
2701,1884,1854,85,102,83.3
2702,82,78,0,3,0.0
2703,722,708,63,98,64.3
2704,1080,1035,7,9,77.8
2705,970,919,32,59,54.2
2706,304,257,7,26,26.9
2707,581,557,12,24,50.0
2708,371,326,4,7,57.1
2709,20,20,0,1,0.0
2710,3,3,2,3,66.7
2711,880,636,2,2,100.0
2712,2355,2318,42,72,58.3
2713,341,280,6,14,42.9
2714,826,807,4,6,66.7
2715,1991,1742,14,34,41.2
2716,1467,1353,5,10,50.0
2717,1301,1003,0,0,
2718,124,123,1,1,100.0
2719,31,28,1,3,33.3
2720,462,444,8,11,72.7
2721,228,222,16,25,64.0
2722,514,498,9,19,47.4
2723,2291,2263,8,12,66.7
2724,1954,1926,23,29,79.3
2725,498,440,11,16,68.8
2726,475,467,3,4,75.0
2727,146,146,1,1,100.0
2728,659,649,5,11,45.5
2729,8,8,0,0,
2730,103,100,1,2,50.0
2731,1904,1730,63,94,67.0
2732,961,929,38,61,62.3
