Rk,Cmp,Att,Cmp%,TotDist,Ast,xA,KP
1,1227,1558,78.8,21238,2,3.1,32
2,1316,1684,78.1,20283,1,3.4,24
3,1328,1515,87.7,29513,0,0.1,2
4,18,40,45.0,316,0,0.2,1
5,801,957,83.7,14638,2,1.4,26
6,74,132,56.1,1085,0,1.1,5
7,742,896,82.8,16639,0,0.1,2
8,288,412,69.9,4211,3,2.6,18
9,298,342,87.1,4705,0,0.1,4
10,1808,2010,90.0,41344,2,1.6,7
11,184,265,69.4,2932,2,1.3,11
12,595,699,85.1,9793,0,0.5,6
13,140,191,73.3,2008,1,0.9,7
14,4,6,66.7,121,0,0.0,0
15,41,46,89.1,546,0,0.1,2
16,61,80,76.3,1113,0,0.0,0
17,21,27,77.8,336,0,0.1,2
18,459,578,79.4,8478,3,2.0,18
19,227,314,72.3,6825,0,0.0,0
20,33,57,57.9,428,0,0.0,0
21,709,969,73.2,12415,0,1.9,16
22,722,1014,71.2,12629,1,1.0,12
23,36,39,92.3,671,0,0.1,1
24,29,36,80.6,458,0,0.1,2
25,245,301,81.4,3840,1,1.2,11
26,487,572,85.1,11845,0,0.0,0
27,284,367,77.4,3736,3,2.4,16
28,666,791,84.2,11011,2,1.5,14
29,91,104,87.5,1746,0,0.0,1
30,262,313,83.7,4836,1,0.1,3
31,1073,1223,87.7,23981,1,0.8,2
32,863,1160,74.4,15454,2,2.2,21
33,358,412,86.9,6349,1,0.1,4
34,625,801,78.0,10422,2,0.8,12
35,15,18,83.3,152,0,0.1,2
36,371,509,72.9,5861,4,3.0,14
37,1767,1929,91.6,36920,1,0.8,3
38,25,29,86.2,414,0,0.0,0
39,1042,1183,88.1,21680,2,0.5,4
40,172,206,83.5,2703,1,1.2,5
41,659,754,87.4,12650,0,0.0,1
42,2250,2478,90.8,47127,1,2.1,18
43,664,811,81.9,11890,0,1.1,13
44,227,308,73.7,3353,1,2.1,15
45,1864,2141,87.1,30213,5,3.3,28
46,1792,2263,79.2,33398,15,10.8,108
47,1619,1882,86.0,41782,0,0.4,5
48,344,508,67.7,6187,3,1.9,18
49,181,230,78.7,2575,1,1.4,9
50,84,112,75.0,1133,1,1.0,5
51,1649,1840,89.6,34565,0,1.0,22
52,831,1059,78.5,19154,2,0.8,14
53,1567,1895,82.7,37306,2,1.1,11
54,910,1170,77.8,15008,1,1.3,13
55,23,35,65.7,329,0,0.0,0
56,143,156,91.7,2693,0,0.0,0
57,333,389,85.6,6532,0,0.2,4
58,237,327,72.5,7495,0,0.1,2
59,2254,3147,71.6,49809,13,9.6,85
60,53,75,70.7,1492,0,0.0,0
61,342,467,73.2,5010,1,1.4,18
62,794,925,85.8,22277,1,0.4,2
63,718,829,86.6,13383,1,1.1,16
64,621,805,77.1,10289,4,2.0,22
65,682,894,76.3,10800,2,1.5,27
66,916,1108,82.7,16216,2,2.0,26
67,500,716,69.8,9888,1,0.3,9
68,39,53,73.6,1106,0,0.0,0
69,322,427,75.4,6679,0,0.2,7
70,1149,1403,81.9,26106,0,0.5,3
71,1096,1312,83.5,30909,0,0.5,7
72,564,664,84.9,8969,0,0.7,13
73,310,361,85.9,6360,0,0.0,1
74,231,292,79.1,3864,0,0.0,1
75,700,892,78.5,14195,1,0.8,8
76,12,17,70.6,201,0,0.0,0
77,983,1222,80.4,17616,1,1.3,14
78,140,193,72.5,2513,0,0.5,11
79,551,669,82.4,9532,2,0.4,3
80,906,1149,78.9,16090,2,5.9,54
81,74,78,94.9,1495,0,0.0,0
82,63,104,60.6,1201,0,0.3,8
83,1525,1738,87.7,31615,1,1.6,30
84,1192,1308,91.1,27967,0,0.2,4
85,58,68,85.3,1005,0,0.0,0
86,725,934,77.6,12045,4,2.9,26
87,495,795,62.3,6721,1,1.6,20
88,8,12,66.7,77,0,0.0,1
89,981,1239,79.2,17299,1,1.1,13
90,128,163,78.5,4227,0,0.0,0
91,857,1204,71.2,15609,2,2.1,31
92,548,622,88.1,10236,0,0.0,3
93,149,201,74.1,2142,0,0.6,8
94,363,458,79.3,11153,0,0.0,0
95,982,1466,67.0,21600,1,2.4,27
96,573,758,75.6,10452,2,2.3,20
97,335,426,78.6,6057,0,1.2,9
98,7,7,100.0,121,0,0.0,0
99,501,607,82.5,8128,1,0.7,8
100,582,825,70.5,12734,4,3.0,32
101,5,9,55.6,96,0,0.0,0
102,325,507,64.1,5127,3,2.8,21
103,321,453,70.9,5686,0,1.6,10
104,17,22,77.3,211,0,0.0,0
105,0,1,0.0,0,0,0.0,0
106,603,846,71.3,10471,2,3.1,42
107,86,101,85.1,1525,0,0.0,0
108,911,1076,84.7,15872,4,2.9,27
109,24,31,77.4,374,0,0.0,0
110,744,964,77.2,11758,0,0.3,8
111,649,972,66.8,14047,1,1.6,13
112,42,54,77.8,796,0,0.0,1
113,1397,1627,85.9,25553,3,1.8,23
114,223,309,72.2,3737,1,1.8,12
115,1290,1482,87.0,28790,2,0.2,2
116,197,208,94.7,3840,0,0.0,0
117,870,1169,74.4,21845,0,0.1,4
118,114,135,84.4,2998,0,0.0,0
119,56,58,96.6,1130,0,0.0,0
120,498,653,76.3,8487,1,1.1,10
121,2,2,100.0,26,0,0.0,0
122,466,612,76.1,7277,3,1.2,16
123,130,178,73.0,2089,1,0.2,5
124,73,97,75.3,1185,0,0.5,7
125,1152,1541,74.8,25934,8,6.0,68
126,877,1086,80.8,23680,0,0.0,0
127,296,372,79.6,4997,1,0.7,11
128,260,308,84.4,4750,1,0.1,2
129,742,1039,71.4,22187,0,0.0,0
130,134,163,82.2,2312,1,1.0,7
131,30,35,85.7,515,0,0.1,2
132,998,1283,77.8,15855,3,4.1,54
133,105,127,82.7,1701,1,1.1,6
134,10,14,71.4,169,0,0.0,0
135,163,208,78.4,2588,3,0.9,13
136,411,509,80.7,6491,1,0.6,9
137,612,888,68.9,9371,3,3.0,23
138,660,1037,63.6,21725,0,0.0,0
139,635,825,77.0,10865,2,1.5,21
140,33,40,82.5,490,0,0.0,0
141,387,534,72.5,6753,1,1.2,16
142,1262,1654,76.3,20964,5,3.0,30
143,381,562,67.8,7335,3,3.0,30
144,185,323,57.3,3456,2,2.7,21
145,48,71,67.6,862,1,0.9,5
146,597,766,77.9,12888,0,0.1,4
147,74,102,72.5,1205,0,0.9,7
148,219,308,71.1,3020,0,0.5,7
149,686,838,81.9,9691,2,2.1,26
150,1472,1756,83.8,34281,3,2.3,17
151,316,394,80.2,5621,0,0.3,6
152,2267,2838,79.9,40338,6,5.7,43
153,500,619,80.8,8858,0,0.7,14
154,1046,1285,81.4,19955,0,0.2,6
155,225,306,73.5,3297,0,0.7,12
156,101,133,75.9,1555,1,0.5,4
157,786,963,81.6,15714,0,1.0,20
158,4,7,57.1,56,0,0.0,0
159,6,6,100.0,95,0,0.0,0
160,4,4,100.0,58,0,0.0,0
161,150,204,73.5,2243,0,0.8,10
162,684,884,77.4,13902,0,0.4,8
163,326,481,67.8,6112,3,2.6,21
164,64,72,88.9,1266,0,0.0,0
165,610,655,93.1,13540,0,0.0,0
166,168,209,80.4,2952,0,0.8,6
167,19,19,100.0,509,0,0.0,0
168,831,961,86.5,14795,2,0.8,8
169,184,230,80.0,4067,0,0.3,6
170,91,94,96.8,1444,0,0.0,0
171,830,1158,71.7,16301,3,3.1,25
172,361,487,74.1,8135,0,0.0,0
173,207,295,70.2,3023,1,0.8,3
174,1173,1552,75.6,18040,3,2.6,27
175,360,480,75.0,6349,2,1.3,11
176,188,258,72.9,3272,0,0.0,0
177,114,128,89.1,2210,0,0.0,0
178,5,5,100.0,106,0,0.0,0
179,686,861,79.7,11942,0,1.4,14
180,222,266,83.5,3875,0,0.0,2
181,238,368,64.7,4650,0,0.4,8
182,207,279,74.2,3542,0,0.3,3
183,669,831,80.5,11101,4,2.3,35
184,1950,2372,82.2,42571,7,5.1,59
185,908,1109,81.9,21183,0,0.0,1
186,76,104,73.1,1162,0,0.2,4
187,571,701,81.5,9723,1,1.3,16
188,146,218,67.0,2704,0,0.1,2
189,731,800,91.4,14004,0,0.4,7
190,40,47,85.1,639,0,0.1,2
191,625,853,73.3,10379,2,1.9,28
192,599,897,66.8,11391,1,0.7,7
193,1015,1237,82.1,19860,4,1.6,22
194,204,268,76.1,3743,0,0.1,2
195,402,521,77.2,7181,2,2.1,15
196,62,89,69.7,966,1,1.0,3
197,540,616,87.7,10336,4,2.7,25
198,17,29,58.6,345,0,0.0,0
199,155,253,61.3,2120,0,0.5,4
200,559,729,76.7,8289,8,3.5,31
201,377,460,82.0,6658,1,0.6,8
202,266,400,66.5,4975,1,0.4,5
203,275,368,74.7,5103,2,0.2,5
204,139,191,72.8,2344,0,0.5,10
205,28,33,84.8,532,0,0.0,0
206,431,598,72.1,7549,2,3.2,35
207,43,52,82.7,717,2,0.6,3
208,112,151,74.2,1911,0,0.4,4
209,1421,1635,86.9,30955,1,1.0,3
210,584,724,80.7,11724,2,1.0,17
211,1084,1461,74.2,20414,1,1.0,12
212,456,580,78.6,9458,3,3.0,23
213,208,249,83.5,4086,0,0.1,1
214,100,138,72.5,1707,1,0.4,7
215,517,639,80.9,8625,0,1.7,13
216,4,5,80.0,81,0,0.0,0
217,1256,1428,88.0,26106,0,1.6,16
218,378,416,90.9,7006,0,0.0,0
219,3,4,75.0,36,0,0.0,0
220,61,76,80.3,776,1,0.2,3
221,667,839,79.5,13788,1,1.2,16
222,1012,1303,77.7,25497,0,0.1,1
223,1030,1141,90.3,17772,2,1.9,14
224,354,496,71.4,5397,2,2.2,17
225,39,71,54.9,629,0,0.4,4
226,456,643,70.9,6793,1,3.3,31
227,899,1042,86.3,18662,1,0.3,3
228,81,133,60.9,1385,2,0.8,8
229,120,150,80.0,2384,0,0.2,4
230,1143,1434,79.7,23194,1,0.1,2
231,29,36,80.6,744,0,0.0,0
232,369,440,83.9,6278,0,0.0,0
233,15,22,68.2,199,0,0.1,1
234,286,365,78.4,5960,0,0.3,2
235,49,65,75.4,695,0,0.2,5
236,731,845,86.5,14104,0,0.5,8
237,23,29,79.3,393,0,0.0,0
238,12,13,92.3,183,0,0.0,0
239,487,707,68.9,8072,6,4.2,24
240,604,700,86.3,12345,0,1.3,20
241,558,686,81.3,9186,0,0.3,2
242,502,750,66.9,7545,3,4.1,37
243,781,881,88.6,14451,0,0.6,12
244,6,8,75.0,125,0,0.0,0
245,42,55,76.4,797,0,0.0,1
246,613,812,75.5,8993,4,7.0,45
247,262,342,76.6,4465,1,1.2,18
248,124,156,79.5,1960,1,0.6,7
249,915,1074,85.2,15899,1,1.0,17
250,2318,2499,92.8,49836,1,0.1,3
251,342,503,68.0,6435,0,1.0,17
252,399,522,76.4,8174,4,2.7,25
253,654,785,83.3,15652,0,0.0,0
254,1104,1315,84.0,19603,0,1.0,15
255,46,64,71.9,747,0,0.3,4
256,1585,1808,87.7,29381,0,1.4,28
257,185,239,77.4,4158,0,0.1,2
258,174,221,78.7,3565,0,0.0,0
259,1,1,100.0,18,0,0.0,0
260,83,106,78.3,1320,2,0.2,5
261,208,315,66.0,3733,3,2.9,18
262,732,925,79.1,12832,3,2.5,13
263,347,404,85.9,6806,0,0.2,8
264,1434,1640,87.4,25829,7,3.7,45
265,190,326,58.3,2802,1,2.1,17
266,50,69,72.5,806,0,0.1,2
267,1119,1329,84.2,16894,8,8.4,61
268,60,81,74.1,988,0,0.4,4
269,879,1192,73.7,15862,10,7.1,53
270,1351,1695,79.7,25057,1,2.6,27
271,587,791,74.2,9679,2,3.1,32
272,1040,1332,78.1,17589,0,0.7,10
273,132,192,68.8,2533,1,0.8,10
274,10,19,52.6,148,0,0.2,1
275,298,386,77.2,5251,1,0.4,2
276,225,259,86.9,3150,1,1.0,13
277,46,71,64.8,525,0,0.2,3
278,623,884,70.5,20114,0,0.1,1
279,5,7,71.4,83,0,0.0,0
280,331,401,82.5,5983,1,0.6,12
281,3,3,100.0,45,0,0.0,0
282,426,573,74.3,6997,2,2.0,22
283,561,685,81.9,9310,1,3.4,33
284,286,383,74.7,4721,0,0.2,3
285,425,704,60.4,14558,0,0.0,0
286,1011,1122,90.1,15051,4,2.3,14
287,59,67,88.1,1821,0,0.0,0
288,205,255,80.4,3801,0,0.1,2
289,1244,1656,75.1,20897,1,3.5,34
290,86,106,81.1,1516,0,0.1,1
291,33,41,80.5,591,0,0.0,0
292,701,789,88.8,13746,0,0.4,2
293,480,699,68.7,11846,0,0.3,3
294,398,438,90.9,7458,1,0.4,7
295,50,68,73.5,686,0,0.1,3
296,878,1179,74.5,15926,1,1.2,16
297,646,901,71.7,11791,6,3.5,33
298,895,1194,75.0,17315,1,0.5,8
299,270,330,81.8,5730,0,0.4,9
300,509,781,65.2,8283,1,3.0,23
301,525,622,84.4,10231,0,0.2,4
302,2,3,66.7,37,0,0.0,0
303,671,908,73.9,10907,2,3.2,34
304,205,268,76.5,3814,1,0.4,4
305,615,990,62.1,21214,0,0.0,0
306,540,676,79.9,10016,1,2.2,24
307,668,956,69.9,13732,3,2.0,17
308,3,5,60.0,41,0,0.0,0
309,874,1040,84.0,16073,1,0.7,7
310,1532,1702,90.0,36584,2,1.5,4
311,155,199,77.9,2710,0,0.3,7
312,79,101,78.2,1868,0,0.1,2
313,221,283,78.1,3458,1,0.9,8
314,147,176,83.5,2720,0,0.0,0
315,76,93,81.7,1337,0,0.3,1
316,585,709,82.5,12587,0,0.3,6
317,698,919,76.0,13052,5,3.3,36
318,65,81,80.2,1130,0,0.1,2
319,840,986,85.2,11218,2,3.2,34
320,31,38,81.6,502,0,0.0,0
321,401,507,79.1,5726,1,1.5,16
322,793,959,82.7,15344,1,0.3,4
323,588,701,83.9,9030,5,2.5,27
324,146,209,69.9,2872,0,0.6,9
325,24,35,68.6,427,0,0.1,2
326,76,88,86.4,1761,0,0.0,1
327,575,670,85.8,11478,0,0.0,0
328,5,5,100.0,99,0,0.0,0
329,1829,2087,87.6,42155,0,0.9,11
330,181,263,68.8,3091,0,0.5,7
331,17,22,77.3,388,0,0.0,0
332,1,2,50.0,8,0,0.0,0
333,59,74,79.7,1437,0,0.0,0
334,995,1214,82.0,24980,0,0.5,5
335,59,76,77.6,954,0,0.2,2
336,59,79,74.7,891,0,0.0,0
337,408,600,68.0,6746,3,1.9,14
338,152,199,76.4,2257,2,1.0,6
339,696,964,72.2,13583,4,3.2,41
340,247,325,76.0,3762,2,2.7,15
341,118,147,80.3,2346,0,0.1,3
342,289,424,68.2,4935,1,1.7,21
343,127,170,74.7,4187,1,0.3,1
344,658,758,86.8,11293,2,0.6,8
345,924,1223,75.6,20444,2,2.3,26
346,3,6,50.0,63,0,0.0,0
347,188,276,68.1,3704,4,2.3,14
348,1219,1345,90.6,29167,1,1.0,3
349,772,891,86.6,17060,0,0.2,1
350,54,73,74.0,886,0,0.0,1
351,625,829,75.4,11205,1,1.7,19
352,323,411,78.6,5767,0,0.1,3
353,108,167,64.7,1703,2,0.3,8
354,99,128,77.3,1325,0,0.0,1
355,269,390,69.0,4023,1,1.1,12
356,3,3,100.0,122,0,0.0,0
357,82,117,70.1,1190,1,0.4,4
358,1395,1677,83.2,25259,7,5.6,38
359,187,212,88.2,4351,0,0.0,0
360,576,772,74.6,9704,1,1.6,19
361,174,236,73.7,2327,2,1.6,9
362,101,132,76.5,2698,0,0.0,0
363,569,822,69.2,10537,4,5.7,46
364,921,1125,81.9,19770,1,0.2,3
365,23,23,100.0,414,0,0.0,0
366,704,835,84.3,18033,0,0.1,2
367,274,343,79.9,3594,1,1.0,15
368,338,427,79.2,6083,0,0.1,3
369,2,2,100.0,13,0,0.0,0
370,239,293,81.6,6350,0,0.0,0
371,121,179,67.6,1938,0,0.4,5
372,990,1189,83.3,24792,1,0.5,4
373,664,1055,62.9,15086,4,3.6,54
374,276,340,81.2,4323,0,0.1,4
375,1905,2159,88.2,40559,6,2.8,39
376,567,678,83.6,12319,2,1.0,12
377,268,306,87.6,5979,0,0.0,0
378,261,296,88.2,6096,0,0.0,0
379,106,138,76.8,1741,1,1.2,13
380,22,27,81.5,324,1,0.4,1
381,139,212,65.6,2138,0,1.0,12
382,24,28,85.7,283,0,0.0,0
383,13,18,72.2,189,0,0.0,0
384,381,584,65.2,4536,2,1.0,12
385,1144,1534,74.6,20521,7,7.2,79
386,195,212,92.0,4527,0,0.2,1
387,411,655,62.7,6834,1,3.7,28
388,244,380,64.2,6711,0,0.1,1
389,207,302,68.5,2904,1,1.0,8
390,4,7,57.1,58,0,0.0,0
391,40,52,76.9,571,0,0.1,1
392,226,333,67.9,3022,2,1.2,6
393,831,1047,79.4,21508,0,0.0,0
394,1389,1841,75.4,23969,0,1.2,18
395,931,1089,85.5,16177,1,0.6,7
396,2331,2584,90.2,42547,2,2.7,22
397,902,1287,70.1,19192,1,1.4,14
398,449,696,64.5,15328,0,0.0,1
399,17,18,94.4,330,0,0.0,0
400,625,763,81.9,9863,0,0.5,7
401,85,138,61.6,2366,0,0.0,0
402,275,349,78.8,6649,0,0.1,2
403,121,165,73.3,3403,0,0.0,0
404,403,505,79.8,8262,1,0.6,9
405,104,155,67.1,1778,1,0.8,2
406,9,11,81.8,186,0,0.0,0
407,272,503,54.1,8768,0,0.2,2
408,553,819,67.5,13739,1,0.3,6
409,557,705,79.0,11570,0,0.5,5
410,1098,1306,84.1,22541,0,0.5,13
411,416,520,80.0,8754,4,2.0,12
412,120,189,63.5,1928,2,1.1,8
413,203,351,57.8,4411,2,1.8,15
414,75,92,81.5,1205,0,0.1,2
415,826,953,86.7,18611,1,0.2,2
416,321,404,79.5,4173,2,2.7,22
417,714,964,74.1,12771,1,0.9,5
418,945,1169,80.8,18603,1,0.7,13
419,10,14,71.4,186,0,0.0,0
420,381,424,89.9,7708,1,0.4,1
421,829,1122,73.9,15879,2,2.1,21
422,507,577,87.9,10183,0,0.0,1
423,941,1059,88.9,21303,1,0.3,3
424,1289,1649,78.2,23541,9,7.0,66
425,637,997,63.9,11598,2,3.5,39
426,993,1246,79.7,17855,7,6.4,65
427,199,365,54.5,2826,3,2.3,16
428,393,594,66.2,5941,1,1.0,15
429,388,463,83.8,6653,0,0.1,2
430,33,43,76.7,508,0,0.5,5
431,3,3,100.0,44,0,0.0,0
432,430,533,80.7,8342,1,1.6,14
433,879,985,89.2,18369,2,0.8,8
434,2,5,40.0,35,0,0.0,0
435,1650,2121,77.8,30022,7,5.1,74
436,153,198,77.3,3636,1,0.1,2
437,99,151,65.6,1404,0,0.1,2
438,651,739,88.1,13271,0,0.4,3
439,142,164,86.6,2309,0,0.6,5
440,1865,2221,84.0,35305,6,5.8,76
441,1008,1147,87.9,18391,0,1.7,15
442,1053,1371,76.8,21218,7,5.6,47
443,9,12,75.0,192,0,0.0,0
444,884,1107,79.9,13330,2,2.7,36
445,1188,1598,74.3,20061,4,3.4,26
446,646,790,81.8,10775,2,1.5,21
447,1158,1430,81.0,24229,3,3.1,19
448,189,256,73.8,2996,0,0.5,8
449,169,212,79.7,2727,0,1.4,15
450,636,813,78.2,8701,7,6.0,50
451,338,390,86.7,6084,0,0.3,5
452,134,163,82.2,2875,0,0.0,0
453,290,441,65.8,4836,3,1.8,17
454,135,184,73.4,2024,2,1.4,10
455,1600,1845,86.7,37196,0,0.5,8
456,623,797,78.2,12767,0,0.7,14
457,174,232,75.0,2708,2,0.7,11
458,502,542,92.6,10515,0,0.0,1
459,232,340,68.2,3313,2,0.3,11
460,134,207,64.7,2212,4,1.6,11
461,2058,2432,84.6,36020,5,4.3,42
462,13,27,48.1,356,0,0.0,0
463,564,634,89.0,10681,0,0.8,8
464,1826,2186,83.5,37514,3,0.4,9
465,445,507,87.8,10195,1,0.4,9
466,511,653,78.3,8675,0,1.4,10
467,952,1133,84.0,14493,2,2.5,25
468,720,985,73.1,24473,0,0.0,1
469,845,956,88.4,18409,0,0.1,4
470,422,560,75.4,6955,3,3.0,41
471,1177,1445,81.5,17880,2,0.9,19
472,166,213,77.9,2727,0,0.3,6
473,218,294,74.1,3711,0,0.5,8
474,922,1141,80.8,15550,2,2.7,35
475,377,454,83.0,7610,0,0.6,12
476,719,864,83.2,15703,0,0.0,1
477,120,140,85.7,1823,1,1.5,10
478,1414,1733,81.6,29753,9,6.6,66
479,1096,1301,84.2,22106,2,1.8,29
480,346,395,87.6,7129,0,0.0,1
481,1,1,100.0,19,0,0.2,1
482,1094,1365,80.1,19713,2,1.8,17
483,980,1297,75.6,17235,3,2.3,21
484,403,505,79.8,9983,0,0.1,2
485,94,144,65.3,1456,0,0.8,8
486,70,103,68.0,1166,0,0.2,3
487,205,238,86.1,4419,0,0.0,0
488,14,16,87.5,170,0,0.0,0
489,702,914,76.8,13800,2,1.8,22
490,79,95,83.2,1839,0,0.0,0
491,263,358,73.5,4592,1,1.3,8
492,702,865,81.2,14269,1,0.7,4
493,745,849,87.8,16775,0,0.0,0
494,290,462,62.8,5690,1,1.0,12
495,198,275,72.0,3593,0,1.1,10
496,627,821,76.4,10587,5,3.1,32
497,478,536,89.2,11899,0,0.0,2
498,237,346,68.5,3241,0,0.8,10
499,848,1096,77.4,16922,3,2.1,38
500,40,63,63.5,494,0,0.7,2
501,828,994,83.3,19123,0,0.2,2
502,238,264,90.2,4096,1,0.3,5
503,76,123,61.8,1998,0,0.0,0
504,44,66,66.7,617,0,0.1,1
505,240,349,68.8,4058,2,1.2,8
506,97,106,91.5,2022,0,0.0,0
507,609,833,73.1,10231,6,5.5,46
508,1528,1956,78.1,26142,3,3.5,36
509,454,488,93.0,9089,0,0.0,0
510,9,14,64.3,136,0,0.0,0
511,429,556,77.2,9784,0,0.4,8
512,428,494,86.6,7799,1,0.1,3
513,459,640,71.7,8098,0,2.9,44
514,1166,1258,92.7,26592,0,1.1,4
515,553,750,73.7,10360,2,3.3,35
516,7,11,63.6,124,0,0.0,1
517,35,99,35.4,1422,0,0.0,0
518,992,1228,80.8,20141,4,3.0,42
519,597,712,83.8,11799,0,0.2,3
520,474,759,62.5,14582,1,0.1,1
521,1029,1360,75.7,18352,1,1.0,14
522,57,63,90.5,983,0,0.1,1
523,37,44,84.1,748,0,0.0,0
524,688,808,85.1,14976,0,0.6,5
525,253,322,78.6,5411,0,0.0,1
526,5,7,71.4,73,0,0.0,0
527,504,600,84.0,8313,1,0.8,21
528,0,3,0.0,0,0,0.0,0
529,2,2,100.0,33,0,0.0,0
530,41,61,67.2,894,0,0.0,0
531,7,7,100.0,74,0,0.0,0
532,709,968,73.2,11856,2,1.9,10
533,366,470,77.9,5942,0,0.5,14
534,1531,1782,85.9,42431,0,0.7,5
535,3,3,100.0,27,0,0.0,0
536,480,584,82.2,8886,0,0.5,9
537,463,577,80.2,8864,0,0.4,7
538,813,1058,76.8,14368,1,0.5,8
539,9,10,90.0,127,0,0.0,0
540,37,42,88.1,508,1,0.6,2
541,1089,1324,82.3,25579,1,0.4,6
542,1346,1768,76.1,25666,2,1.4,20
543,82,98,83.7,1914,0,0.0,0
544,2,2,100.0,44,0,0.0,0
545,466,540,86.3,8049,0,0.0,1
546,610,796,76.6,10975,3,3.9,33
547,755,900,83.9,15249,1,0.2,2
548,126,163,77.3,1737,1,0.3,6
549,778,995,78.2,18872,0,0.8,4
550,888,1060,83.8,15360,2,1.5,9
551,560,719,77.9,11160,0,0.9,13
552,993,1222,81.3,22730,0,0.3,3
553,885,984,89.9,17359,0,0.2,7
554,53,59,89.8,1177,0,0.0,0
555,149,186,80.1,2694,0,0.5,7
556,316,458,69.0,4632,4,1.1,14
557,320,408,78.4,5183,2,1.5,20
558,54,76,71.1,781,1,0.8,3
559,45,80,56.3,728,0,0.0,0
560,743,933,79.6,12442,0,0.7,10
561,293,413,70.9,4529,3,1.6,18
562,499,690,72.3,8222,3,2.7,25
563,77,141,54.6,1450,2,0.8,3
564,454,603,75.3,6249,6,4.2,29
565,578,697,82.9,8842,2,2.8,32
566,381,513,74.3,7041,0,0.2,6
567,107,134,79.9,2069,0,0.1,2
568,19,38,50.0,243,0,0.2,2
569,25,28,89.3,575,0,0.0,0
570,408,626,65.2,7946,4,3.7,21
571,260,366,71.0,3946,4,1.8,13
572,392,490,80.0,7019,4,3.4,33
573,672,818,82.2,12027,1,0.6,8
574,97,152,63.8,1384,0,0.3,5
575,182,198,91.9,3688,0,0.0,0
576,633,886,71.4,20378,0,0.0,0
577,199,336,59.2,2690,0,0.9,13
578,322,383,84.1,7610,0,0.0,1
579,378,549,68.9,6858,7,2.2,16
580,849,1084,78.3,21914,0,0.0,0
581,709,867,81.8,12745,6,3.5,31
582,193,233,82.8,4063,0,0.0,0
583,305,475,64.2,9238,0,0.0,1
584,1241,1681,73.8,21623,0,1.9,23
585,964,1250,77.1,20196,0,1.4,22
586,915,1072,85.4,19507,3,1.6,21
587,41,49,83.7,737,0,0.2,3
588,232,313,74.1,4126,0,0.5,7
589,2054,2321,88.5,37739,5,4.5,45
590,315,448,70.3,4812,1,1.3,17
591,939,1408,66.7,16001,5,4.7,49
592,423,823,51.4,19260,0,0.0,0
593,14,16,87.5,232,0,0.0,0
594,156,192,81.3,3057,0,0.2,4
595,120,176,68.2,2649,0,0.4,7
596,74,96,77.1,1208,1,0.3,3
597,8,12,66.7,114,0,0.0,0
598,120,169,71.0,1694,1,1.0,7
599,38,56,67.9,487,0,0.0,1
600,1122,1343,83.5,22657,3,2.7,35
601,990,1180,83.9,23215,1,0.3,3
602,8,10,80.0,104,0,0.0,0
603,191,259,73.7,2865,0,1.0,14
604,768,902,85.1,14021,0,1.4,8
605,4,5,80.0,49,0,0.0,0
606,18,22,81.8,230,0,0.1,2
607,2,2,100.0,24,0,0.0,1
608,1068,1220,87.5,24092,2,1.0,4
609,500,578,86.5,8394,4,0.8,12
610,189,260,72.7,2748,0,0.6,6
611,14,19,73.7,243,0,0.0,0
612,372,414,89.9,5527,0,0.6,5
613,447,496,90.1,8313,1,0.4,6
614,5,6,83.3,121,0,0.0,0
615,389,467,83.3,8321,0,0.0,1
616,0,0,,0,0,0.0,0
617,51,64,79.7,887,0,0.0,0
618,35,49,71.4,698,0,0.1,2
619,1050,1218,86.2,18748,0,0.6,12
620,461,555,83.1,9842,1,0.5,5
621,115,159,72.3,2054,1,0.2,1
622,1466,1588,92.3,30763,0,0.3,6
623,1,1,100.0,23,0,0.0,0
624,805,1076,74.8,16426,1,2.2,28
625,843,1153,73.1,17642,4,3.8,48
626,1208,1521,79.4,23692,1,0.8,12
627,1585,1834,86.4,25947,5,3.6,33
628,730,956,76.4,13128,0,0.7,10
629,681,870,78.3,13271,0,0.3,5
630,107,141,75.9,1475,0,0.2,7
631,366,407,89.9,7310,0,0.0,0
632,729,908,80.3,17549,0,0.3,4
633,1674,2244,74.6,34634,20,18.3,131
634,533,661,80.6,11243,0,0.0,0
635,1377,1843,74.7,28748,6,6.9,71
636,283,344,82.3,5053,0,0.1,2
637,693,959,72.3,11993,0,1.6,18
638,541,691,78.3,11214,1,0.9,13
639,808,1071,75.4,14546,1,1.1,16
640,405,707,57.3,6233,2,3.4,27
641,305,342,89.2,4157,3,1.4,8
642,0,1,0.0,0,0,0.0,0
643,224,296,75.7,4563,1,0.3,9
644,379,482,78.6,5931,5,2.9,22
645,468,677,69.1,7868,0,0.5,11
646,506,586,86.3,9520,0,0.0,1
647,27,44,61.4,1136,0,0.0,0
648,444,556,79.9,8924,1,0.5,6
649,451,765,59.0,8284,3,4.1,36
650,676,778,86.9,14008,0,0.3,6
651,347,469,74.0,4919,2,1.8,24
652,201,261,77.0,3426,0,0.6,8
653,290,306,94.8,5505,1,0.3,1
654,947,1214,78.0,18600,5,3.8,41
655,933,1076,86.7,16232,0,1.1,12
656,715,782,91.4,13894,0,0.4,9
657,1492,1568,95.2,33328,1,0.2,3
658,1087,1284,84.7,22070,0,0.6,7
659,102,149,68.5,1496,1,0.3,6
660,1092,1266,86.3,22657,1,0.5,9
661,479,697,68.7,8418,1,2.2,26
662,368,485,75.9,6162,2,2.9,22
663,321,377,85.1,7719,0,0.0,0
664,563,710,79.3,10529,0,0.2,3
665,14,20,70.0,247,0,0.9,2
666,20,26,76.9,223,0,0.0,0
667,603,823,73.3,10186,5,4.6,45
668,34,68,50.0,628,1,0.6,4
669,181,256,70.7,2206,0,0.6,5
670,264,346,76.3,4257,0,1.0,17
671,2003,2274,88.1,34218,3,2.8,30
672,940,1290,72.9,17535,14,13.7,76
673,251,328,76.5,3609,1,2.2,23
674,362,482,75.1,5079,3,1.8,16
675,515,700,73.6,8277,5,4.7,34
676,726,804,90.3,15580,0,0.0,1
677,568,669,84.9,11551,0,0.0,1
678,986,1061,92.9,19786,1,0.1,3
679,318,451,70.5,4922,3,2.5,26
680,729,838,87.0,15945,1,0.7,9
681,41,56,73.2,823,0,0.0,0
682,454,685,66.3,8807,3,5.5,41
683,51,97,52.6,2198,0,0.0,0
684,888,996,89.2,18527,1,0.5,16
685,35,40,87.5,472,0,0.0,0
686,1020,1507,67.7,22122,5,2.9,27
687,732,902,81.2,13030,0,0.1,3
688,713,876,81.4,15425,2,0.1,4
689,1353,1946,69.5,25902,7,5.7,70
690,2791,3085,90.5,65378,1,1.3,7
691,432,545,79.3,7458,0,0.8,11
692,298,412,72.3,5142,2,1.2,13
693,314,417,75.3,5925,3,1.9,13
694,11,14,78.6,215,0,0.0,0
695,269,370,72.7,4847,1,1.0,12
696,71,117,60.7,1031,0,0.2,6
697,755,948,79.6,15502,1,0.8,4
698,593,806,73.6,12207,0,0.5,14
699,39,51,76.5,713,0,0.1,1
700,1237,1441,85.8,29035,0,0.5,4
701,380,432,88.0,8295,0,0.0,0
702,684,934,73.2,16425,0,0.4,6
703,191,264,72.3,2736,2,1.3,13
704,346,395,87.6,7235,0,0.1,2
705,1066,1198,89.0,23935,1,0.5,5
706,1612,1834,87.9,29384,1,0.5,10
707,15,23,65.2,232,1,0.2,2
708,479,1062,45.1,24007,0,0.0,1
709,1369,1793,76.4,22390,3,1.7,23
710,232,301,77.1,3534,3,1.1,7
711,57,75,76.0,888,0,0.1,4
712,300,457,65.6,10025,0,0.0,0
713,349,413,84.5,6736,1,0.9,12
714,853,997,85.6,16172,0,1.7,24
715,14,23,60.9,184,0,0.0,0
716,75,133,56.4,1233,0,0.3,6
717,307,445,69.0,4792,2,1.1,16
718,872,1142,76.4,25434,0,0.0,0
719,1228,1457,84.3,26925,0,0.1,3
720,463,735,63.0,8146,2,4.6,48
721,273,461,59.2,4417,2,1.4,18
722,1302,1658,78.5,21942,2,2.6,33
723,9,9,100.0,160,0,0.0,0
724,532,681,78.1,8993,1,1.9,25
725,233,303,76.9,3665,1,0.3,4
726,38,48,79.2,681,0,0.1,1
727,19,19,100.0,279,0,0.0,0
728,629,817,77.0,12640,3,0.8,12
729,849,936,90.7,18484,0,0.1,1
730,647,904,71.6,18757,0,0.0,0
731,431,485,88.9,7215,4,2.0,11
732,486,664,73.2,8604,4,3.4,27
733,136,167,81.4,2638,0,0.0,1
734,11,20,55.0,183,0,0.0,0
735,125,164,76.2,1674,0,0.5,3
736,970,1218,79.6,23651,1,0.1,2
737,172,195,88.2,3767,0,0.0,0
738,190,221,86.0,4634,0,0.0,0
739,933,1310,71.2,17336,1,1.0,11
740,1,2,50.0,31,0,0.0,0
741,772,966,79.9,14476,0,1.6,14
742,595,1093,54.4,25708,0,0.0,0
743,298,382,78.0,4770,0,1.0,14
744,152,192,79.2,2576,1,0.5,6
745,515,613,84.0,12117,0,0.0,1
746,116,161,72.0,1810,3,1.4,12
747,358,502,71.3,6793,0,0.1,4
748,346,411,84.2,6543,1,0.6,7
749,382,469,81.4,6439,5,0.9,12
750,1913,2192,87.3,45038,3,1.1,11
751,156,245,63.7,2751,0,0.1,3
752,81,100,81.0,1496,0,0.0,0
753,50,84,59.5,593,1,0.3,3
754,728,849,85.7,16465,0,0.2,2
755,1275,1528,83.4,21499,6,6.6,69
756,565,813,69.5,10536,7,4.9,50
757,286,347,82.4,5708,1,1.4,20
758,1143,1309,87.3,27068,0,0.1,4
759,102,130,78.5,1919,1,0.4,6
760,927,1063,87.2,23484,0,0.1,1
761,1017,1212,83.9,24161,0,0.1,1
762,145,203,71.4,2061,0,0.6,6
763,1151,1483,77.6,20371,3,1.7,29
764,850,1137,74.8,16175,1,1.2,17
765,1012,1161,87.2,18005,2,1.0,23
766,12,15,80.0,204,0,0.0,0
767,623,685,90.9,9225,1,0.9,15
768,4,4,100.0,37,0,0.0,0
769,484,633,76.5,9323,1,2.6,19
770,802,935,85.8,17054,1,0.2,3
771,1605,1740,92.2,33611,0,0.1,1
772,667,839,79.5,16672,0,0.1,1
773,246,442,55.7,4591,4,1.8,18
774,294,390,75.4,4508,5,4.8,20
775,1288,1603,80.3,21611,6,4.0,30
776,53,78,67.9,898,0,0.0,2
777,395,466,84.8,7715,0,0.0,1
778,163,266,61.3,2478,2,0.8,7
779,103,157,65.6,1562,0,0.2,4
780,503,605,83.1,11925,0,0.1,1
781,377,527,71.5,5236,4,1.4,8
782,215,280,76.8,3355,0,0.6,8
783,549,743,73.9,10139,2,1.9,23
784,358,473,75.7,6648,2,3.1,24
785,474,657,72.1,8866,1,0.7,8
786,77,128,60.2,2885,0,0.0,0
787,475,592,80.2,8427,0,0.5,6
788,680,870,78.2,10971,2,1.2,24
789,826,1060,77.9,19342,0,0.5,4
790,41,62,66.1,717,0,0.1,3
791,6,9,66.7,122,0,0.0,0
792,59,93,63.4,1025,0,1.0,3
793,1322,1823,72.5,23432,5,3.6,44
794,135,213,63.4,2516,0,0.2,2
795,161,194,83.0,3422,0,0.5,11
796,209,368,56.8,5358,0,0.0,1
797,39,71,54.9,931,0,0.6,6
798,2088,2372,88.0,47140,1,0.6,7
799,759,933,81.4,14891,1,1.3,19
800,116,147,78.9,2035,0,0.7,12
801,16,24,66.7,312,0,0.0,0
802,378,672,56.3,17199,0,0.0,0
803,1334,1528,87.3,27065,3,1.8,18
804,424,521,81.4,6906,0,0.3,6
805,623,761,81.9,11812,3,2.3,23
806,24,33,72.7,874,0,0.0,0
807,7,10,70.0,129,0,0.0,0
808,120,192,62.5,2963,0,0.5,9
809,1,2,50.0,35,0,0.0,0
810,812,1012,80.2,14148,6,4.3,51
811,22,24,91.7,470,0,0.0,0
812,39,61,63.9,969,0,0.0,0
813,46,57,80.7,1198,0,0.0,1
814,54,64,84.4,975,0,0.1,1
815,245,313,78.3,4441,1,0.9,10
816,0,0,,0,0,0.0,0
817,44,62,71.0,748,0,0.1,1
818,690,883,78.1,12901,1,0.7,13
819,1228,1709,71.9,23605,3,2.3,27
820,138,201,68.7,2449,0,0.7,2
821,294,363,81.0,5125,0,1.7,13
822,446,538,82.9,5570,1,1.8,17
823,921,1273,72.3,18550,3,1.8,28
824,141,193,73.1,2139,0,0.8,7
825,589,673,87.5,12539,0,0.4,1
826,585,691,84.7,8996,3,1.4,19
827,917,1062,86.3,21103,2,0.7,5
828,234,290,80.7,4376,0,0.0,1
829,839,1034,81.1,13881,4,2.6,37
830,707,887,79.7,14770,0,0.1,4
831,1048,1168,89.7,21793,1,0.3,4
832,21,22,95.5,384,0,0.0,0
833,734,882,83.2,16742,0,0.6,5
834,410,531,77.2,5830,1,2.6,17
835,995,1289,77.2,16211,0,1.6,19
836,599,946,63.3,10711,4,4.8,49
837,608,853,71.3,11698,7,2.5,34
838,614,723,84.9,12399,0,0.6,8
839,40,51,78.4,576,0,0.2,2
840,208,254,81.9,3673,0,0.0,1
841,,,,,0,,
842,751,1118,67.2,23462,0,0.2,1
843,119,152,78.3,3111,1,0.3,1
844,381,627,60.8,5946,3,1.7,17
845,907,1184,76.6,20097,2,0.2,3
846,84,123,68.3,1298,1,0.3,2
847,609,748,81.4,12948,0,0.1,4
848,1985,2190,90.6,44224,1,0.6,7
849,1380,1536,89.8,29498,3,0.6,11
850,241,362,66.6,3684,2,2.0,10
851,343,425,80.7,7985,0,0.0,0
852,74,113,65.5,1004,0,0.3,5
853,603,740,81.5,11865,0,0.8,19
854,160,266,60.2,2568,1,0.2,9
855,147,242,60.7,2156,1,2.0,19
856,931,1171,79.5,14337,8,5.8,49
857,749,834,89.8,11466,1,0.7,11
858,854,1164,73.4,15203,2,3.4,38
859,305,435,70.1,10092,0,0.0,0
860,206,261,78.9,3155,0,0.9,10
861,552,675,81.8,10878,1,2.0,13
862,360,477,75.5,7132,0,0.7,3
863,431,508,84.8,6922,2,1.9,18
864,645,738,87.4,13129,0,0.1,4
865,944,1078,87.6,17244,7,4.4,52
866,536,642,83.5,10878,0,0.1,2
867,381,443,86.0,7117,0,0.5,8
868,306,357,85.7,6096,2,0.6,5
869,1054,1308,80.6,19557,1,1.5,24
870,300,426,70.4,5150,0,0.4,7
871,1254,1418,88.4,27558,1,0.6,5
872,680,897,75.8,10962,5,2.1,18
873,429,538,79.7,7022,2,2.7,28
874,91,171,53.2,1706,0,1.6,11
875,535,1203,44.5,24926,0,0.0,0
876,11,14,78.6,141,0,0.0,0
877,62,73,84.9,1076,0,0.1,2
878,10,13,76.9,172,0,0.0,1
879,281,413,68.0,4809,0,0.1,4
880,53,60,88.3,1027,0,0.0,1
881,53,61,86.9,899,0,0.0,0
882,336,507,66.3,6179,2,0.7,5
883,425,544,78.1,8941,0,0.3,4
884,97,133,72.9,1726,1,0.7,7
885,648,950,68.2,11071,4,4.2,43
886,1463,1714,85.4,29437,0,2.6,37
887,795,1096,72.5,12813,3,2.4,25
888,2,2,100.0,28,0,0.0,0
889,110,150,73.3,1584,0,0.3,3
890,1467,1666,88.1,24974,2,2.6,27
891,989,1292,76.5,20285,3,1.9,22
892,918,1170,78.5,21727,0,0.6,3
893,87,103,84.5,1612,0,0.0,0
894,15,17,88.2,199,0,0.1,1
895,510,630,81.0,9900,0,0.1,2
896,741,930,79.7,12512,1,2.1,29
897,79,117,67.5,1246,1,0.9,4
898,224,270,83.0,5213,0,0.0,1
899,30,44,68.2,752,0,0.0,0
900,386,433,89.1,8572,0,0.0,0
901,377,581,64.9,5686,1,2.8,34
902,751,979,76.7,19653,0,0.0,0
903,234,278,84.2,4792,0,0.0,1
904,260,369,70.5,4739,1,1.2,13
905,9,12,75.0,207,1,0.0,1
906,799,938,85.2,14328,2,1.2,19
907,1020,1357,75.2,21739,2,2.3,23
908,17,28,60.7,306,0,0.0,1
909,190,257,73.9,3772,0,0.6,9
910,148,258,57.4,1985,0,0.8,9
911,26,48,54.2,353,0,0.0,0
912,331,436,75.9,4696,2,3.0,15
913,638,862,74.0,11807,1,0.9,14
914,1468,1590,92.3,24184,2,3.1,26
915,283,366,77.3,4490,1,0.8,11
916,759,853,89.0,17206,0,0.1,2
917,1225,1471,83.3,26372,1,1.0,15
918,861,1160,74.2,20513,0,0.3,6
919,672,705,95.3,13842,0,0.2,2
920,159,191,83.2,2983,0,0.0,0
921,521,710,73.4,9535,0,0.2,2
922,310,454,68.3,5945,1,0.3,8
923,89,136,65.4,1867,0,0.2,4
924,557,952,58.5,8973,1,0.9,17
925,719,1022,70.4,13702,2,3.9,50
926,155,215,72.1,3610,0,0.1,1
927,24,36,66.7,428,0,0.1,3
928,15,15,100.0,253,0,0.0,0
929,22,30,73.3,311,0,0.0,0
930,867,1092,79.4,15305,2,1.8,19
931,123,145,84.8,2809,0,0.0,0
932,110,150,73.3,1683,2,0.8,5
933,319,516,61.8,9683,0,0.3,1
934,50,67,74.6,779,0,0.0,0
935,38,52,73.1,525,1,0.2,4
936,726,934,77.7,18877,0,0.0,0
937,1118,1337,83.6,19319,2,1.4,18
938,516,621,83.1,9990,3,2.0,27
939,472,533,88.6,11520,0,0.0,2
940,755,1034,73.0,13013,2,2.3,25
941,302,390,77.4,5537,0,0.2,5
942,330,440,75.0,4972,4,1.6,11
943,402,512,78.5,6253,4,2.3,21
944,402,615,65.4,6816,4,2.8,32
945,406,495,82.0,7409,0,1.6,17
946,6,10,60.0,97,0,0.0,0
947,643,900,71.4,11937,5,2.0,22
948,48,49,98.0,715,0,0.1,3
949,73,96,76.0,1440,0,0.9,6
950,240,300,80.0,4163,1,1.0,8
951,66,82,80.5,1160,0,0.1,3
952,858,1136,75.5,19263,1,1.7,25
953,857,1356,63.2,36066,0,0.2,2
954,366,488,75.0,9139,1,0.0,0
955,151,169,89.3,2892,0,0.1,4
956,132,199,66.3,2108,1,1.4,7
957,1852,2156,85.9,41890,1,1.2,6
958,1024,1179,86.9,21050,0,0.5,3
959,207,306,67.6,2513,0,1.3,7
960,898,1154,77.8,20347,1,1.5,27
961,968,1080,89.6,22294,0,0.0,1
962,883,1127,78.3,13863,10,9.7,47
963,563,611,92.1,12508,1,0.7,3
964,665,726,91.6,11754,0,0.5,6
965,1413,1608,87.9,30189,0,0.1,3
966,936,1091,85.8,19451,1,0.9,10
967,28,43,65.1,512,0,0.3,3
968,35,64,54.7,1453,0,0.0,0
969,325,425,76.5,7503,0,0.2,4
970,58,87,66.7,741,0,0.1,2
971,725,968,74.9,23656,0,0.0,0
972,871,1137,76.6,16127,4,4.5,45
973,719,859,83.7,16374,1,0.8,12
974,11,13,84.6,235,0,0.1,2
975,202,319,63.3,3386,0,1.5,16
976,1743,1960,88.9,39368,0,0.2,5
977,255,393,64.9,4427,2,2.2,11
978,921,1135,81.1,15922,4,3.0,23
979,1598,2012,79.4,29823,16,10.3,106
980,434,486,89.3,9924,0,0.1,2
981,518,731,70.9,17088,0,0.0,0
982,482,579,83.2,10754,0,0.5,5
983,109,141,77.3,2090,0,0.0,0
984,30,39,76.9,507,0,0.0,1
985,753,849,88.7,16324,0,0.5,3
986,51,61,83.6,1251,0,0.0,1
987,170,201,84.6,4136,0,0.0,0
988,310,347,89.3,6142,0,0.0,0
989,96,124,77.4,1724,1,0.4,6
990,799,924,86.5,14795,5,2.9,19
991,343,446,76.9,5819,0,0.4,5
992,1179,1503,78.4,19069,7,3.4,36
993,405,510,79.4,6653,1,1.0,10
994,238,283,84.1,3111,0,1.4,12
995,86,99,86.9,2069,0,0.0,0
996,0,0,,0,0,0.0,0
997,578,755,76.6,14085,1,0.3,4
998,391,594,65.8,5943,2,2.1,21
999,391,537,72.8,6013,1,1.5,20
1000,161,224,71.9,2975,0,0.5,11
1001,217,256,84.8,3814,1,0.2,5
1002,102,155,65.8,1520,0,1.6,8
1003,271,326,83.1,4329,3,1.6,15
1004,1217,1538,79.1,23156,6,6.9,92
1005,416,488,85.2,6406,1,0.7,13
1006,65,97,67.0,1091,0,0.3,6
1007,141,213,66.2,1908,1,0.8,9
1008,334,450,74.2,6356,0,0.6,11
1009,935,1147,81.5,14373,4,3.7,33
1010,11,13,84.6,271,0,0.0,0
1011,553,764,72.4,10899,8,4.8,35
1012,1577,1775,88.8,33358,3,2.4,20
1013,0,0,,0,0,0.0,0
1014,181,227,79.7,3152,0,0.3,5
1015,411,461,89.2,8610,0,0.1,2
1016,762,1028,74.1,14861,4,5.1,62
1017,255,309,82.5,5797,1,0.2,3
1018,883,1096,80.6,17038,1,0.6,13
1019,591,1053,56.1,21593,0,0.0,0
1020,876,1041,84.1,17718,3,2.3,28
1021,455,668,68.1,7013,2,1.7,15
1022,614,678,90.6,11782,0,0.1,2
1023,363,478,75.9,6051,2,1.6,18
1024,1018,1144,89.0,20108,1,1.3,13
1025,1887,2145,88.0,29729,2,3.0,34
1026,60,81,74.1,956,0,0.0,0
1027,585,680,86.0,10880,0,0.4,8
1028,22,26,84.6,257,0,0.1,2
1029,22,35,62.9,350,0,0.0,1
1030,807,986,81.8,17549,1,0.8,10
1031,687,1026,67.0,13271,2,1.4,14
1032,287,315,91.1,6645,0,0.0,0
1033,175,194,90.2,3561,0,0.3,5
1034,455,622,73.2,6377,2,0.7,13
1035,7,11,63.6,115,0,0.0,1
1036,1015,1268,80.0,27353,1,1.0,3
1037,703,818,85.9,15993,0,0.2,5
1038,28,32,87.5,359,0,0.0,0
1039,1779,1956,91.0,33405,1,2.8,34
1040,111,256,43.4,4114,0,0.0,0
1041,1159,1644,70.5,22818,8,7.2,80
1042,1184,1362,86.9,25410,0,0.2,1
1043,520,821,63.3,20131,0,0.2,1
1044,88,95,92.6,1647,0,0.1,2
1045,24,27,88.9,369,0,0.0,0
1046,79,104,76.0,1456,1,0.5,5
1047,741,882,84.0,14439,2,0.7,14
1048,320,412,77.7,7448,0,0.2,4
1049,348,454,76.7,5432,2,1.3,16
1050,102,183,55.7,1776,0,0.8,8
1051,484,558,86.7,7577,1,2.6,12
1052,2042,2422,84.3,31904,10,4.4,35
1053,522,766,68.1,7368,1,1.9,24
1054,1605,1909,84.1,30109,3,2.8,35
1055,183,272,67.3,3165,1,1.7,19
1056,966,1114,86.7,24653,0,0.3,2
1057,538,639,84.2,11532,0,0.0,1
1058,97,131,74.0,1543,0,0.4,2
1059,754,909,82.9,12244,4,3.9,42
1060,4,4,100.0,37,0,0.0,0
1061,1210,1374,88.1,27587,0,0.8,11
1062,1219,1438,84.8,18263,4,3.6,43
1063,591,789,74.9,12375,0,0.2,1
1064,1207,1416,85.2,18815,6,6.2,53
1065,630,833,75.6,10884,2,1.5,15
1066,522,611,85.4,8034,3,2.6,22
1067,961,1251,76.8,15365,13,7.4,57
1068,350,614,57.0,12857,0,0.0,0
1069,1015,1271,79.9,21710,2,2.9,25
1070,1082,1283,84.3,25976,1,0.2,4
1071,424,1035,41.0,21129,0,0.0,1
1072,1582,1879,84.2,32654,5,2.9,22
1073,43,65,66.2,705,0,0.3,2
1074,420,575,73.0,6881,2,0.8,12
1075,44,103,42.7,2365,0,0.0,0
1076,430,619,69.5,6969,0,1.7,26
1077,425,527,80.6,7980,0,0.8,6
1078,972,1290,75.3,18219,5,3.7,37
1079,793,883,89.8,17062,0,0.3,3
1080,511,642,79.6,11693,0,0.1,2
1081,737,925,79.7,17878,0,0.2,4
1082,19,22,86.4,312,0,0.0,0
1083,58,79,73.4,766,0,0.3,4
1084,14,23,60.9,205,0,0.3,2
1085,723,819,88.3,14073,1,1.1,4
1086,248,335,74.0,3456,2,0.9,18
1087,1684,2020,83.4,28696,3,4.8,40
1088,782,1043,75.0,17157,4,1.8,27
1089,466,503,92.6,7483,1,0.5,6
1090,671,777,86.4,11474,2,1.7,21
1091,292,612,47.7,13464,0,0.2,1
1092,714,942,75.8,13566,3,1.2,19
1093,101,169,59.8,3877,0,0.0,0
1094,375,529,70.9,6177,6,4.7,24
1095,280,402,69.7,4544,0,0.8,12
1096,705,882,79.9,11216,10,6.8,43
1097,539,647,83.3,9845,4,4.3,38
1098,1093,1321,82.7,29670,2,1.0,11
1099,1280,1651,77.5,28579,1,0.6,7
1100,5,8,62.5,48,0,0.0,0
1101,84,100,84.0,2280,0,0.0,0
1102,1215,1335,91.0,28881,1,0.5,3
1103,1230,1467,83.8,23437,0,0.4,14
1104,702,882,79.6,14247,3,4.0,34
1105,1,2,50.0,7,0,0.0,0
1106,343,417,82.3,7215,0,0.1,7
1107,292,338,86.4,6532,0,0.0,0
1108,431,608,70.9,8294,0,0.7,10
1109,452,647,69.9,6312,2,2.1,23
1110,855,991,86.3,20925,3,0.4,2
1111,11,14,78.6,137,0,0.0,0
1112,288,398,72.4,4455,0,1.3,11
1113,17,24,70.8,284,0,0.0,0
1114,242,391,61.9,4083,3,2.4,14
1115,8,8,100.0,133,0,0.0,0
1116,868,1190,72.9,29609,0,0.0,0
1117,12,16,75.0,227,0,0.0,1
1118,542,721,75.2,10349,5,5.2,37
1119,1220,1596,76.4,35730,0,0.0,0
1120,1364,1569,86.9,27908,4,1.6,8
1121,231,278,83.1,4872,0,0.4,5
1122,384,476,80.7,7208,5,2.8,21
1123,676,920,73.5,10570,1,1.4,22
1124,1974,2234,88.4,46777,3,1.9,9
1125,699,804,86.9,16792,0,0.2,7
1126,247,317,77.9,3710,1,1.8,15
1127,202,254,79.5,5457,0,0.0,0
1128,1098,1299,84.5,18329,2,1.4,20
1129,28,57,49.1,349,1,0.5,3
1130,1413,1810,78.1,26872,1,2.0,30
1131,1171,1374,85.2,30136,0,0.3,3
1132,176,288,61.1,3060,1,0.1,3
1133,139,173,80.3,1998,0,0.2,3
1134,295,326,90.5,6090,0,0.0,2
1135,17,22,77.3,329,0,0.0,0
1136,171,241,71.0,2955,2,2.1,13
1137,1247,1446,86.2,25926,2,0.6,8
1138,1256,1429,87.9,24800,3,2.2,18
1139,435,623,69.8,6778,5,3.4,28
1140,149,178,83.7,2128,2,2.6,11
1141,37,48,77.1,495,0,0.0,1
1142,21,23,91.3,279,0,0.2,2
1143,239,320,74.7,3479,2,2.1,15
1144,560,667,84.0,11256,1,0.9,7
1145,302,342,88.3,5922,0,0.0,1
1146,217,268,81.0,3124,3,2.5,16
1147,1,4,25.0,7,0,0.0,0
1148,544,706,77.1,9070,6,3.8,34
1149,41,54,75.9,617,0,0.7,3
1150,773,964,80.2,13734,5,6.8,58
1151,168,183,91.8,3164,0,0.2,1
1152,328,362,90.6,6992,0,0.1,1
1153,436,540,80.7,9195,1,0.8,6
1154,57,66,86.4,988,0,0.0,0
1155,715,929,77.0,10806,9,6.5,54
1156,10,12,83.3,161,0,0.1,1
1157,102,153,66.7,1647,0,0.3,5
1158,437,678,64.5,6762,2,2.8,34
1159,342,502,68.1,5132,2,1.1,9
1160,1450,1784,81.3,24253,6,7.1,84
1161,436,591,73.8,6951,3,1.6,19
1162,599,708,84.6,9568,2,0.7,18
1163,222,304,73.0,3338,1,2.2,15
1164,735,856,85.9,12032,2,2.1,23
1165,424,495,85.7,9117,0,0.1,2
1166,43,50,86.0,747,0,0.0,0
1167,25,27,92.6,504,0,0.0,0
1168,53,70,75.7,898,0,0.0,0
1169,462,614,75.2,9220,0,2.3,22
1170,1102,1376,80.1,23159,0,1.0,15
1171,26,38,68.4,445,0,0.0,0
1172,59,74,79.7,1224,0,0.0,0
1173,268,314,85.4,4600,2,0.8,12
1174,84,140,60.0,1170,0,0.0,2
1175,842,1028,81.9,16122,0,0.6,12
1176,390,590,66.1,6626,2,1.0,11
1177,433,556,77.9,8045,1,0.7,11
1178,586,803,73.0,9009,6,4.0,26
1179,6,6,100.0,87,0,0.0,0
1180,1055,1268,83.2,19372,2,3.4,24
1181,45,59,76.3,670,0,0.3,1
1182,551,775,71.1,9437,4,4.6,45
1183,257,341,75.4,4290,1,0.4,7
1184,645,859,75.1,12814,1,0.8,10
1185,538,646,83.3,11907,0,0.9,8
1186,323,496,65.1,6350,3,2.5,22
1187,658,1007,65.3,24521,0,0.2,1
1188,236,407,58.0,4262,4,2.3,27
1189,38,53,71.7,633,0,0.2,2
1190,5,9,55.6,88,0,0.0,0
1191,54,68,79.4,1028,0,0.0,0
1192,854,1117,76.5,19177,0,0.2,6
1193,545,636,85.7,9874,0,0.1,2
1194,57,88,64.8,793,0,0.1,1
1195,2,2,100.0,16,0,0.0,0
1196,532,608,87.5,7634,7,3.7,30
1197,66,74,89.2,1249,0,0.0,0
1198,732,1009,72.5,11843,6,5.5,42
1199,935,1163,80.4,15558,3,5.4,61
1200,640,801,79.9,9487,2,2.4,28
1201,111,161,68.9,1947,0,0.2,2
1202,89,116,76.7,1416,0,0.1,1
1203,111,128,86.7,1843,0,0.0,0
1204,79,89,88.8,1388,0,0.0,0
1205,1536,1661,92.5,25880,2,2.3,23
1206,389,544,71.5,5635,1,2.5,18
1207,441,640,68.9,9161,1,1.1,17
1208,1497,1748,85.6,29876,2,3.5,36
1209,2,5,40.0,47,0,0.0,0
1210,1955,2221,88.0,37518,2,2.4,23
1211,573,849,67.5,18122,0,0.1,1
1212,406,565,71.9,6791,1,1.7,18
1213,541,995,54.4,8574,2,2.1,15
1214,73,98,74.5,1408,1,0.7,5
1215,681,861,79.1,11169,1,3.8,32
1216,405,453,89.4,8461,1,0.3,4
1217,22,28,78.6,270,0,0.0,0
1218,138,209,66.0,2333,0,0.6,5
1219,111,134,82.8,1548,1,0.7,3
1220,46,57,80.7,623,0,0.1,1
1221,115,152,75.7,2071,0,0.0,0
1222,631,813,77.6,10355,1,2.2,30
1223,526,729,72.2,7604,0,1.2,19
1224,421,544,77.4,6137,1,2.6,22
1225,651,802,81.2,10834,1,1.2,13
1226,51,80,63.8,831,0,0.1,4
1227,186,227,81.9,4006,1,0.1,1
1228,856,1024,83.6,19579,1,0.1,1
1229,484,637,76.0,11106,2,0.5,3
1230,571,721,79.2,8759,3,4.7,38
1231,970,1365,71.1,16660,7,3.4,36
1232,456,731,62.4,9983,6,7.1,48
1233,592,868,68.2,9356,5,2.5,28
1234,56,119,47.1,2205,0,0.0,0
1235,103,135,76.3,1493,1,1.0,7
1236,29,44,65.9,458,0,0.2,1
1237,388,524,74.0,6653,1,1.8,9
1238,579,773,74.9,10747,4,3.1,39
1239,246,310,79.4,3969,0,0.4,5
1240,1130,1280,88.3,23096,2,0.4,7
1241,896,1110,80.7,16199,0,0.5,11
1242,458,520,88.1,7977,2,2.7,10
1243,394,592,66.6,6928,2,2.5,24
1244,12,17,70.6,158,0,0.1,2
1245,188,239,78.7,3175,0,0.4,6
1246,975,1140,85.5,17336,0,2.0,26
1247,25,34,73.5,855,0,0.0,0
1248,59,71,83.1,958,0,0.0,1
1249,224,335,66.9,3099,1,1.8,24
1250,107,149,71.8,1710,1,0.9,10
1251,4,7,57.1,64,0,0.0,0
1252,433,630,68.7,14652,0,0.4,2
1253,520,733,70.9,10150,0,0.4,8
1254,104,142,73.2,1436,2,1.0,8
1255,1167,1379,84.6,27198,0,0.7,6
1256,376,402,93.5,6697,0,0.3,2
1257,27,35,77.1,349,0,0.3,1
1258,608,684,88.9,9688,3,2.1,15
1259,54,63,85.7,1125,0,0.1,1
1260,168,231,72.7,3670,0,0.2,2
1261,493,669,73.7,9627,1,0.9,6
1262,133,201,66.2,2275,3,0.9,9
1263,1180,1567,75.3,23017,3,1.2,15
1264,1532,1719,89.1,28066,1,2.4,31
1265,41,59,69.5,629,0,0.2,2
1266,224,357,62.7,4577,2,1.3,18
1267,637,885,72.0,10968,2,1.2,9
1268,275,330,83.3,4351,1,0.5,7
1269,328,488,67.2,4497,1,0.8,9
1270,633,698,90.7,14282,0,0.1,1
1271,72,90,80.0,1391,0,0.0,0
1272,2440,2847,85.7,51130,7,8.2,81
1273,1061,1119,94.8,20133,0,0.1,2
1274,362,498,72.7,5440,4,3.7,28
1275,961,1138,84.4,16059,1,0.5,8
1276,131,143,91.6,2913,0,0.0,0
1277,609,685,88.9,13499,0,0.0,0
1278,1005,1291,77.8,17653,5,3.4,38
1279,150,218,68.8,2235,1,1.4,12
1280,1072,1183,90.6,23229,0,0.6,5
1281,331,390,84.9,6617,0,0.0,0
1282,1553,1803,86.1,28771,1,1.7,14
1283,394,483,81.6,6658,1,1.1,22
1284,573,825,69.5,10844,2,1.8,13
1285,790,936,84.4,18843,0,0.1,2
1286,1253,1466,85.5,31226,0,1.5,13
1287,0,0,,0,0,0.0,0
1288,19,30,63.3,307,0,0.0,0
1289,55,86,64.0,661,0,0.0,1
1290,634,787,80.6,11129,3,1.1,15
1291,1436,1752,82.0,22521,5,5.4,57
1292,1446,1836,78.8,29136,3,4.9,56
1293,869,1031,84.3,14321,2,1.0,9
1294,563,721,78.1,10944,0,0.2,8
1295,711,897,79.3,12433,1,1.0,15
1296,303,342,88.6,5903,0,0.1,2
1297,87,118,73.7,1347,0,0.1,3
1298,946,1114,84.9,19637,1,0.2,6
1299,317,383,82.8,5329,0,0.1,5
1300,602,736,81.8,13848,0,0.4,4
1301,18,22,81.8,351,0,0.1,1
1302,561,648,86.6,10577,0,0.7,10
1303,674,853,79.0,13926,2,0.4,9
1304,25,36,69.4,359,0,0.0,1
1305,1219,1362,89.5,27059,0,0.4,4
1306,965,1613,59.8,19659,11,9.3,79
1307,75,104,72.1,1240,1,0.2,5
1308,182,242,75.2,2749,2,1.0,14
1309,309,336,92.0,6252,0,0.2,3
1310,500,840,59.5,17794,0,0.1,1
1311,1521,1651,92.1,31538,0,0.5,9
1312,362,496,73.0,5121,2,1.2,18
1313,1284,1489,86.2,26927,1,0.5,3
1314,41,56,73.2,682,0,0.2,1
1315,653,860,75.9,10612,1,0.8,8
1316,1665,1846,90.2,32399,3,2.0,29
1317,214,311,68.8,3517,0,0.6,11
1318,57,84,67.9,1056,0,0.2,1
1319,78,129,60.5,3102,0,0.0,0
1320,316,433,73.0,5629,1,0.4,1
1321,445,554,80.3,7451,2,3.2,23
1322,796,935,85.1,13898,0,0.4,7
1323,5,5,100.0,94,0,0.0,0
1324,533,647,82.4,9136,0,0.5,10
1325,137,156,87.8,2752,0,0.0,0
1326,129,159,81.1,2418,0,0.3,1
1327,2233,2512,88.9,44640,5,4.0,63
1328,1046,1550,67.5,32750,0,0.0,0
1329,196,235,83.4,3105,1,1.0,9
1330,77,96,80.2,1858,0,0.0,0
1331,539,764,70.5,8493,4,2.9,34
1332,508,729,69.7,8909,3,1.9,19
1333,905,1157,78.2,14342,8,9.0,76
1334,771,920,83.8,15790,0,0.1,2
1335,795,1022,77.8,16350,0,1.8,11
1336,513,679,75.6,9451,0,2.1,24
1337,681,810,84.1,13388,1,1.7,23
1338,605,671,90.2,8685,0,0.2,2
1339,112,152,73.7,1728,0,0.3,4
1340,126,177,71.2,2006,2,1.2,7
1341,476,620,76.8,8161,1,0.4,7
1342,27,31,87.1,324,0,0.2,2
1343,80,111,72.1,1142,0,0.2,4
1344,436,657,66.4,6445,5,2.6,25
1345,387,499,77.6,5867,4,3.1,22
1346,59,78,75.6,1056,0,0.1,3
1347,551,884,62.3,17995,0,0.1,2
1348,774,1026,75.4,20218,2,0.9,7
1349,1,1,100.0,15,0,0.0,0
1350,1067,1295,82.4,18757,6,2.7,14
1351,1105,1564,70.7,21647,3,3.7,41
1352,89,119,74.8,1176,0,0.0,2
1353,1011,1348,75.0,23512,1,2.2,30
1354,229,270,84.8,3400,1,0.8,5
1355,469,596,78.7,7262,1,1.6,17
1356,12,14,85.7,235,0,0.1,1
1357,173,235,73.6,2905,1,0.6,4
1358,304,389,78.1,6698,0,0.1,2
1359,266,328,81.1,4869,0,0.6,3
1360,167,190,87.9,3608,0,0.0,0
1361,60,81,74.1,1315,0,0.1,2
1362,674,798,84.5,10954,2,2.6,31
1363,259,333,77.8,3908,0,2.1,23
1364,1041,1114,93.4,22473,0,0.1,1
1365,985,1246,79.1,23717,0,0.2,5
1366,45,77,58.4,657,0,0.1,1
1367,736,1028,71.6,22376,0,0.0,1
1368,339,489,69.3,4889,1,2.4,20
1369,669,811,82.5,14591,0,0.1,2
1370,540,655,82.4,8994,1,1.5,15
1371,168,256,65.6,2874,0,0.3,4
1372,494,613,80.6,9965,2,1.4,20
1373,432,535,80.7,8259,2,1.1,9
1374,867,989,87.7,19296,1,0.3,7
1375,214,297,72.1,3424,1,0.5,6
1376,95,119,79.8,1799,0,0.1,1
1377,158,194,81.4,2664,0,0.2,6
1378,152,200,76.0,2727,1,1.2,9
1379,1253,1673,74.9,20547,7,8.1,53
1380,845,1067,79.2,13717,3,3.5,38
1381,18,23,78.3,243,1,0.2,1
1382,1516,1695,89.4,31910,0,0.3,5
1383,797,989,80.6,15954,0,0.7,11
1384,324,430,75.3,6000,0,0.8,8
1385,362,476,76.1,5996,1,3.0,30
1386,3,6,50.0,39,0,0.0,0
1387,61,85,71.8,1103,0,0.0,0
1388,627,848,73.9,19802,0,0.1,1
1389,1025,1224,83.7,19334,6,4.3,34
1390,400,484,82.6,8438,1,0.3,3
1391,208,317,65.6,3158,0,1.7,13
1392,524,622,84.2,13343,0,0.1,3
1393,472,553,85.4,7841,0,0.3,8
1394,1002,1135,88.3,19833,1,1.9,18
1395,136,187,72.7,2876,0,0.1,1
1396,195,283,68.9,3283,1,0.8,9
1397,22,27,81.5,492,0,0.0,0
1398,319,405,78.8,5903,0,0.4,6
1399,2,2,100.0,24,0,0.0,0
1400,1989,2148,92.6,41975,1,0.5,5
1401,92,131,70.2,1435,0,0.1,2
1402,742,990,74.9,18293,0,0.0,0
1403,816,1143,71.4,15089,3,2.6,20
1404,28,41,68.3,921,0,0.0,0
1405,416,717,58.0,7518,2,4.2,43
1406,63,108,58.3,1098,0,0.1,2
1407,494,600,82.3,7798,1,1.6,11
1408,170,230,73.9,2892,1,0.5,6
1409,1092,1377,79.3,21965,2,1.8,12
1410,202,319,63.3,6415,0,0.0,1
1411,592,783,75.6,9019,4,5.7,37
1412,1036,1306,79.3,17173,0,1.0,15
1413,142,183,77.6,1879,0,0.2,4
1414,404,584,69.2,7245,1,0.6,9
1415,810,1038,78.0,18853,3,2.7,34
1416,891,1024,87.0,20842,1,0.7,2
1417,1394,1525,91.4,29594,0,0.3,3
1418,12,16,75.0,189,0,0.0,0
1419,100,124,80.6,2164,0,0.1,1
1420,25,30,83.3,426,0,0.3,2
1421,121,180,67.2,2282,0,0.3,5
1422,36,53,67.9,527,0,0.1,2
1423,1764,2013,87.6,35557,0,0.3,4
1424,595,765,77.8,9994,3,2.1,29
1425,351,409,85.8,5153,0,0.9,17
1426,979,1311,74.7,17355,2,2.8,33
1427,1410,1598,88.2,31683,1,0.2,4
1428,127,156,81.4,1822,1,0.7,10
1429,395,507,77.9,6233,3,3.0,15
1430,161,175,92.0,3002,0,0.0,0
1431,395,568,69.5,13104,0,0.0,0
1432,832,1005,82.8,15375,2,2.1,29
1433,608,646,94.1,10855,0,0.2,6
1434,683,777,87.9,12358,0,0.5,10
1435,97,133,72.9,1504,0,0.1,3
1436,9,19,47.4,136,0,0.0,0
1437,1886,2178,86.6,35565,5,4.3,47
1438,926,1246,74.3,15853,2,1.6,20
1439,116,131,88.5,1837,1,0.2,1
1440,98,116,84.5,1971,0,0.0,0
1441,142,186,76.3,3238,0,0.0,0
1442,226,405,55.8,2946,2,1.4,15
1443,193,237,81.4,3607,0,0.2,3
1444,515,657,78.4,10161,1,1.0,15
1445,116,152,76.3,1639,0,0.5,7
1446,676,818,82.6,18770,0,0.2,1
1447,43,52,82.7,688,0,0.0,0
1448,24,26,92.3,301,0,0.0,0
1449,358,507,70.6,5000,0,2.0,22
1450,1109,1376,80.6,22276,2,1.1,15
1451,665,1142,58.2,23065,0,0.0,2
1452,18,30,60.0,326,0,0.0,0
1453,534,718,74.4,10148,0,1.0,10
1454,219,245,89.4,4819,0,0.0,0
1455,775,884,87.7,12402,3,0.8,18
1456,831,1056,78.7,23299,0,0.0,0
1457,24,33,72.7,391,1,0.1,1
1458,1004,1210,83.0,20814,4,3.0,36
1459,7,9,77.8,127,0,0.0,0
1460,17,18,94.4,365,0,0.0,0
1461,901,1157,77.9,16112,2,4.0,35
1462,1,2,50.0,16,0,0.0,0
1463,530,603,87.9,11986,1,0.3,1
1464,157,247,63.6,2986,1,0.8,12
1465,118,147,80.3,2485,0,0.0,0
1466,497,726,68.5,9807,1,1.1,12
1467,270,352,76.7,3827,1,2.1,21
1468,82,92,89.1,1671,0,0.0,0
1469,41,53,77.4,808,0,0.0,0
1470,18,25,72.0,277,0,0.0,0
1471,128,147,87.1,2127,0,0.4,2
1472,1353,1570,86.2,34535,0,0.0,2
1473,815,1039,78.4,15318,1,1.6,13
1474,472,700,67.4,7744,2,4.1,33
1475,1148,1318,87.1,23889,1,1.2,6
1476,3,5,60.0,38,0,0.0,0
1477,1481,1713,86.5,36775,1,1.0,4
1478,984,1216,80.9,20872,2,1.4,16
1479,128,168,76.2,2205,2,0.8,9
1480,580,809,71.7,8145,2,5.2,54
1481,480,637,75.4,8576,6,4.9,35
1482,728,843,86.4,12778,1,0.6,12
1483,685,864,79.3,13112,2,2.4,21
1484,966,1202,80.4,18416,3,2.4,19
1485,347,381,91.1,6946,0,0.0,1
1486,383,448,85.5,6501,2,1.8,18
1487,294,419,70.2,9153,0,0.0,0
1488,552,649,85.1,12422,0,0.3,1
1489,405,620,65.3,8233,1,1.4,9
1490,1024,1185,86.4,21999,2,0.9,11
1491,84,130,64.6,1479,0,0.3,5
1492,361,582,62.0,6674,5,3.6,39
1493,46,63,73.0,837,0,0.0,0
1494,1282,1674,76.6,25933,3,7.1,84
1495,341,426,80.0,8177,1,0.6,4
1496,1049,1176,89.2,19175,0,0.3,12
1497,29,37,78.4,653,0,0.0,0
1498,65,77,84.4,1669,0,0.1,2
1499,130,161,80.7,2609,0,0.2,4
1500,2128,2404,88.5,46952,1,0.5,16
1501,33,38,86.8,462,0,0.0,0
1502,1009,1188,84.9,18595,9,9.0,58
1503,31,39,79.5,506,0,0.1,1
1504,271,324,83.6,6060,0,0.6,10
1505,1059,1309,80.9,20356,2,0.8,10
1506,491,762,64.4,16860,0,0.0,1
1507,825,999,82.6,14109,2,1.4,10
1508,175,206,85.0,2280,2,1.2,8
1509,65,89,73.0,837,1,0.7,3
1510,593,746,79.5,10548,1,1.4,19
1511,373,447,83.4,5936,0,1.3,13
1512,534,730,73.2,8991,0,0.9,13
1513,1287,1389,92.7,27053,1,0.7,7
1514,142,174,81.6,2591,0,0.2,2
1515,13,16,81.3,176,0,0.0,0
1516,779,979,79.6,15367,3,5.2,43
1517,152,213,71.4,2097,1,0.7,4
1518,998,1301,76.7,18006,1,1.8,13
1519,212,276,76.8,3088,2,1.3,8
1520,73,82,89.0,1609,0,0.1,1
1521,1063,1317,80.7,19008,0,1.0,14
1522,1500,1679,89.3,31011,0,0.6,9
1523,682,908,75.1,11166,2,3.9,35
1524,575,848,67.8,17828,0,0.0,0
1525,523,656,79.7,8794,0,0.4,4
1526,1626,1778,91.5,35308,0,0.8,7
1527,788,973,81.0,14239,2,2.9,37
1528,933,1162,80.3,15607,7,7.0,56
1529,254,289,87.9,5597,0,0.0,0
1530,1073,1366,78.6,19699,2,3.5,52
1531,365,443,82.4,7987,0,0.1,1
1532,1369,1476,92.8,29211,0,0.1,2
1533,452,632,71.5,7518,1,0.4,6
1534,4,7,57.1,40,0,0.0,0
1535,257,317,81.1,3714,2,1.8,13
1536,760,996,76.3,13763,1,1.0,13
1537,620,752,82.4,11685,1,1.3,12
1538,882,1071,82.4,15091,2,2.1,26
1539,987,1133,87.1,23003,0,0.0,1
1540,435,601,72.4,8085,1,0.7,13
1541,1369,1463,93.6,26659,1,0.9,6
1542,168,228,73.7,2740,1,1.0,9
1543,53,64,82.8,1155,0,0.0,0
1544,1,2,50.0,16,0,0.0,0
1545,81,91,89.0,1746,0,0.0,0
1546,753,853,88.3,17119,0,0.0,0
1547,11,15,73.3,142,0,0.0,1
1548,426,585,72.8,8470,0,0.4,4
1549,84,111,75.7,1825,0,0.4,2
1550,8,15,53.3,190,0,0.0,1
1551,253,355,71.3,4644,0,0.3,5
1552,7,11,63.6,122,0,0.0,0
1553,936,1053,88.9,21921,0,0.1,1
1554,1371,1448,94.7,25652,0,0.7,8
1555,10,16,62.5,120,0,0.0,0
1556,71,89,79.8,1212,1,0.6,9
1557,1207,1294,93.3,24188,1,0.5,3
1558,402,562,71.5,7675,0,1.2,15
1559,284,448,63.4,4552,1,2.5,22
1560,575,721,79.8,8011,6,4.2,31
1561,662,912,72.6,11891,0,3.4,31
1562,146,194,75.3,4260,0,0.1,1
1563,55,124,44.4,2858,0,0.0,0
1564,69,79,87.3,1245,0,0.2,1
1565,170,192,88.5,3329,0,0.3,3
1566,12,16,75.0,138,0,0.0,0
1567,86,138,62.3,1242,0,0.2,2
1568,5,10,50.0,155,0,0.0,0
1569,212,293,72.4,5765,0,0.0,0
1570,1190,1500,79.3,29318,1,0.9,7
1571,4,5,80.0,44,0,0.0,0
1572,533,580,91.9,11509,0,0.0,1
1573,325,520,62.5,5036,3,2.6,29
1574,831,1032,80.5,19657,1,0.5,4
1575,14,18,77.8,211,0,0.1,1
1576,624,784,79.6,9334,1,4.1,28
1577,338,398,84.9,5881,1,0.5,8
1578,1102,1279,86.2,25374,1,1.0,8
1579,695,812,85.6,14249,1,0.0,1
1580,259,297,87.2,5426,0,0.2,3
1581,582,934,62.3,11968,0,0.6,13
1582,540,1054,51.2,21572,0,0.0,1
1583,472,588,80.3,7530,1,1.0,6
1584,508,790,64.3,7529,3,2.5,30
1585,442,523,84.5,7006,2,1.8,19
1586,944,1154,81.8,18623,1,1.0,10
1587,132,204,64.7,1934,1,0.4,5
1588,1095,1240,88.3,20186,2,1.3,17
1589,448,514,87.2,10265,0,0.0,0
1590,163,239,68.2,2361,0,0.7,11
1591,19,29,65.5,409,0,0.3,4
1592,328,426,77.0,5126,1,1.0,8
1593,974,1120,87.0,14364,2,1.3,19
1594,540,688,78.5,8462,3,2.5,26
1595,293,358,81.8,4062,1,0.6,6
1596,958,1426,67.2,19110,6,5.3,62
1597,92,112,82.1,1240,1,0.6,4
1598,61,78,78.2,1150,0,0.5,5
1599,0,0,,0,0,0.0,0
1600,447,561,79.7,6963,2,2.5,23
1601,27,29,93.1,435,0,0.0,0
1602,652,932,70.0,13420,1,2.2,14
1603,515,671,76.8,7497,5,8.4,38
1604,709,834,85.0,12280,3,0.5,7
1605,71,77,92.2,1189,0,0.0,0
1606,27,37,73.0,470,0,0.1,3
1607,83,119,69.7,1332,0,0.1,2
1608,1153,1474,78.2,20354,3,2.6,33
1609,407,630,64.6,5909,0,1.5,12
1610,441,815,54.1,17431,0,0.0,1
1611,630,818,77.0,12696,0,0.9,18
1612,584,772,75.6,13624,3,2.4,40
1613,475,623,76.2,7899,2,2.1,16
1614,31,51,60.8,826,0,0.0,0
1615,848,1056,80.3,16191,0,2.1,17
1616,1324,1689,78.4,23421,1,2.1,26
1617,874,1277,68.4,16968,6,6.7,55
1618,816,995,82.0,16600,1,0.7,14
1619,348,410,84.9,7152,0,0.1,5
1620,987,1088,90.7,19182,0,0.5,11
1621,875,1172,74.7,20667,1,0.6,6
1622,56,81,69.1,856,1,0.1,2
1623,412,574,71.8,6887,2,1.4,17
1624,769,936,82.2,14614,2,1.3,22
1625,70,103,68.0,1137,0,0.0,1
1626,298,361,82.5,4758,0,0.4,13
1627,458,548,83.6,7380,1,0.8,9
1628,961,1060,90.7,16631,3,1.2,10
1629,587,713,82.3,13608,0,0.1,2
1630,1036,1199,86.4,20201,6,1.6,22
1631,519,686,75.7,8594,2,1.1,16
1632,134,197,68.0,2086,0,0.6,6
1633,264,375,70.4,4287,0,0.4,6
1634,118,161,73.3,1765,1,0.4,6
1635,1108,1285,86.2,19843,2,1.4,20
1636,585,792,73.9,20227,0,0.0,0
1637,1075,1262,85.2,17930,3,2.1,20
1638,194,212,91.5,3423,0,0.1,3
1639,662,848,78.1,11156,0,1.2,9
1640,414,483,85.7,8787,0,0.1,1
1641,22,30,73.3,431,0,0.0,0
1642,337,381,88.5,8230,0,0.1,2
1643,508,601,84.5,11296,0,0.0,0
1644,581,770,75.5,13527,1,0.3,8
1645,1519,1974,77.0,27549,1,2.1,33
1646,17,21,81.0,222,0,0.0,1
1647,126,135,93.3,2676,0,0.0,0
1648,536,713,75.2,9113,7,6.4,55
1649,724,905,80.0,12589,3,2.4,28
1650,1700,2142,79.4,28039,20,15.4,86
1651,772,925,83.5,14310,1,2.1,18
1652,893,1091,81.9,18872,2,0.3,5
1653,160,213,75.1,2199,0,0.7,5
1654,51,58,87.9,876,0,0.1,1
1655,1096,1404,78.1,23318,2,2.2,31
1656,235,371,63.3,3650,1,1.4,21
1657,22,43,51.2,260,0,0.6,2
1658,709,952,74.5,12933,0,0.9,13
1659,2,3,66.7,19,0,0.0,0
1660,1544,1742,88.6,32951,0,0.2,6
1661,388,468,82.9,5754,0,2.1,23
1662,1360,1757,77.4,26539,4,4.7,45
1663,599,683,87.7,13131,0,0.0,1
1664,1161,1506,77.1,24830,1,1.8,28
1665,60,85,70.6,1363,0,0.3,4
1666,664,773,85.9,13502,2,0.7,9
1667,500,706,70.8,7389,3,2.4,19
1668,1070,1251,85.5,25554,1,0.2,4
1669,98,111,88.3,1465,0,0.0,1
1670,1055,1333,79.1,26161,2,0.8,7
1671,994,1263,78.7,17916,3,2.2,24
1672,298,400,74.5,5606,0,0.8,12
1673,140,172,81.4,3899,0,0.0,0
1674,1240,1462,84.8,21732,0,0.9,16
1675,96,119,80.7,1639,0,0.2,4
1676,852,940,90.6,19689,1,0.4,2
1677,814,1124,72.4,16493,3,1.6,23
1678,58,77,75.3,935,0,0.2,2
1679,582,695,83.7,10244,5,3.1,26
1680,132,238,55.5,2273,1,1.0,3
1681,1278,1478,86.5,23874,7,3.3,42
1682,35,41,85.4,651,0,0.0,0
1683,1326,1525,87.0,29323,0,0.2,4
1684,401,600,66.8,5870,3,3.3,23
1685,695,893,77.8,13440,3,4.0,39
1686,503,656,76.7,10679,0,0.3,7
1687,14,19,73.7,160,0,0.0,2
1688,546,709,77.0,11118,0,0.6,10
1689,182,201,90.5,2676,0,0.2,3
1690,1136,1381,82.3,19055,0,1.1,12
1691,6,6,100.0,62,0,0.0,0
1692,4,4,100.0,70,0,0.0,0
1693,441,580,76.0,10564,5,1.2,19
1694,1006,1255,80.2,17672,1,1.4,20
1695,19,48,39.6,946,0,0.0,0
1696,825,1075,76.7,14311,2,3.3,39
1697,277,377,73.5,4420,1,0.8,11
1698,424,590,71.9,7990,2,0.7,9
1699,335,501,66.9,4502,2,3.5,23
1700,153,197,77.7,2703,1,0.4,4
1701,569,730,77.9,10399,0,1.5,14
1702,837,1003,83.4,17968,0,0.4,5
1703,841,980,85.8,15014,0,0.6,12
1704,1009,1285,78.5,16430,4,1.9,24
1705,743,1027,72.3,14410,5,6.5,50
1706,139,165,84.2,2599,1,0.4,1
1707,220,238,92.4,4281,0,0.0,0
1708,177,192,92.2,3360,1,0.5,6
1709,0,0,,0,0,0.0,0
1710,217,309,70.2,3206,3,2.5,16
1711,3,4,75.0,50,0,0.0,0
1712,4,6,66.7,53,0,0.0,0
1713,221,281,78.6,4040,3,2.1,9
1714,204,248,82.3,2930,3,1.5,10
1715,499,573,87.1,11071,0,0.0,0
1716,104,176,59.1,3235,0,0.0,0
1717,1116,1380,80.9,17835,5,4.6,53
1718,581,799,72.7,8734,4,2.4,32
1719,176,239,73.6,2351,4,2.5,11
1720,20,27,74.1,319,0,0.0,0
1721,1614,2022,79.8,35525,6,6.1,80
1722,260,318,81.8,4289,0,0.6,6
1723,0,0,,0,0,0.0,0
1724,777,1057,73.5,13386,0,0.9,13
1725,999,1285,77.7,17506,1,1.2,14
1726,807,928,87.0,17237,0,0.2,3
1727,681,806,84.5,11378,1,1.1,12
1728,350,482,72.6,10659,0,0.0,0
1729,1023,1359,75.3,17967,21,12.7,82
1730,290,372,78.0,5258,2,0.4,6
1731,903,1093,82.6,15259,2,2.1,36
1732,508,656,77.4,8852,0,0.0,0
1733,14,18,77.8,235,0,0.0,0
1734,124,136,91.2,2354,0,0.2,4
1735,708,849,83.4,11958,1,2.1,32
1736,377,524,71.9,6032,1,4.0,35
1737,232,281,82.6,5721,0,0.1,2
1738,618,700,88.3,13925,0,0.0,0
1739,116,177,65.5,1654,1,0.5,4
1740,695,1050,66.2,13486,0,1.3,20
1741,895,996,89.9,19514,0,0.5,11
1742,0,0,,0,0,0.0,0
1743,5,6,83.3,66,0,0.0,0
1744,882,1178,74.9,25829,0,0.0,1
1745,663,790,83.9,15630,1,0.0,1
1746,26,31,83.9,390,0,0.1,2
1747,68,79,86.1,1660,0,0.0,0
1748,93,155,60.0,1803,0,0.1,2
1749,872,1057,82.5,15146,1,1.0,8
1750,807,900,89.7,15071,0,0.5,10
1751,154,209,73.7,3093,0,0.2,6
1752,8,12,66.7,155,0,0.0,0
1753,1,1,100.0,13,0,0.0,0
1754,0,0,,0,0,0.0,0
1755,918,1006,91.3,16757,1,0.9,7
1756,253,293,86.3,4173,0,0.3,3
1757,822,1133,72.6,16450,2,2.6,28
1758,889,1153,77.1,20062,7,4.8,42
1759,669,792,84.5,12495,0,0.5,11
1760,551,658,83.7,12676,1,0.0,2
1761,1029,1351,76.2,18789,3,3.8,38
1762,785,903,86.9,18681,0,0.2,1
1763,55,79,69.6,799,0,0.0,0
1764,643,848,75.8,12140,0,0.1,3
1765,2076,2651,78.3,38889,7,6.4,63
1766,468,544,86.0,12305,0,0.0,0
1767,218,271,80.4,5168,0,0.1,3
1768,4,4,100.0,39,0,0.0,0
1769,0,3,0.0,0,0,0.0,0
1770,1416,1649,85.9,26441,1,0.4,9
1771,163,213,76.5,3213,0,0.4,7
1772,532,629,84.6,9407,2,1.2,13
1773,186,234,79.5,2931,0,0.7,10
1774,286,386,74.1,4591,1,0.8,16
1775,55,62,88.7,1175,0,0.0,0
1776,303,397,76.3,4926,3,2.3,15
1777,1272,1446,88.0,33686,0,0.0,0
1778,1052,1275,82.5,19515,2,3.1,27
1779,624,901,69.3,11353,1,1.1,11
1780,1587,1974,80.4,38298,2,2.0,27
1781,759,961,79.0,12551,6,5.9,39
1782,89,161,55.3,1410,0,0.0,0
1783,11,14,78.6,215,1,0.9,3
1784,256,333,76.9,4468,0,0.0,2
1785,,,,,0,,
1786,430,544,79.0,6202,2,1.5,19
1787,1177,1450,81.2,27289,2,1.0,12
1788,204,287,71.1,3166,0,0.3,9
1789,354,501,70.7,5570,0,0.7,10
1790,9,9,100.0,195,0,0.0,0
1791,3,5,60.0,40,0,0.0,0
1792,23,36,63.9,879,0,0.0,0
1793,369,502,73.5,6280,6,5.5,28
1794,1376,1732,79.4,24196,0,1.5,18
1795,160,207,77.3,2525,1,1.2,11
1796,13,21,61.9,133,0,0.0,0
1797,15,25,60.0,306,0,0.3,2
1798,111,140,79.3,1668,0,0.7,5
1799,1020,1138,89.6,22828,0,0.1,2
1800,666,841,79.2,11127,13,8.8,68
1801,27,37,73.0,361,0,0.1,1
1802,1217,1499,81.2,24638,3,3.0,41
1803,263,345,76.2,4819,0,0.7,13
1804,115,164,70.1,2329,1,0.4,5
1805,214,276,77.5,3648,0,0.8,9
1806,423,496,85.3,9604,1,0.3,1
1807,1664,2148,77.5,38890,1,4.2,50
1808,721,1009,71.5,21913,0,0.0,1
1809,414,509,81.3,10278,0,0.2,1
1810,587,682,86.1,15000,0,0.1,3
1811,1101,1294,85.1,23114,0,0.7,5
1812,40,46,87.0,852,0,0.0,0
1813,105,182,57.7,3880,0,0.0,0
1814,587,923,63.6,10642,0,0.9,10
1815,272,299,91.0,5364,0,0.1,1
1816,1156,1555,74.3,24611,1,2.1,10
1817,112,144,77.8,1435,2,1.3,10
1818,981,1103,88.9,16487,1,0.5,12
1819,558,960,58.1,22101,0,0.0,0
1820,1,2,50.0,16,0,0.0,0
1821,727,971,74.9,11564,3,2.5,23
1822,1369,1787,76.6,25886,5,2.9,45
1823,90,109,82.6,1444,0,0.4,3
1824,153,176,86.9,2599,1,0.8,5
1825,20,22,90.9,343,0,0.0,0
1826,744,945,78.7,16486,0,0.1,2
1827,484,629,76.9,7126,2,1.6,25
1828,3,4,75.0,46,0,0.0,0
1829,1496,2012,74.4,27541,3,3.7,36
1830,50,62,80.6,1440,0,0.0,0
1831,205,235,87.2,4001,1,0.2,2
1832,1107,1271,87.1,22859,0,0.2,2
1833,175,250,70.0,2842,0,0.6,10
1834,545,788,69.2,14767,0,0.2,1
1835,544,894,60.9,9298,1,0.7,10
1836,3,5,60.0,96,0,0.0,0
1837,11,15,73.3,178,0,0.0,0
1838,279,372,75.0,4269,1,1.4,9
1839,324,500,64.8,11148,0,0.0,0
1840,445,600,74.2,11005,0,0.4,5
1841,41,47,87.2,830,0,0.1,1
1842,230,359,64.1,3516,6,4.0,28
1843,368,480,76.7,6133,1,1.4,10
1844,35,47,74.5,579,1,0.2,1
1845,,,,,0,,
1846,,,,,0,,
1847,509,570,89.3,10119,0,0.1,3
1848,771,1062,72.6,13988,7,4.8,46
1849,158,219,72.1,2486,1,0.2,6
1850,5,5,100.0,85,0,0.0,0
1851,687,1108,62.0,12919,6,6.7,51
1852,493,651,75.7,8439,2,2.4,30
1853,179,259,69.1,2906,0,0.9,7
1854,232,368,63.0,3241,4,3.1,20
1855,407,467,87.2,9549,0,0.0,0
1856,1380,1488,92.7,29823,0,0.2,3
1857,1356,1496,90.6,25681,3,0.5,7
1858,131,180,72.8,2245,1,0.6,8
1859,2,3,66.7,22,0,0.0,0
1860,184,277,66.4,2986,1,1.7,5
1861,297,454,65.4,5912,2,2.0,18
1862,454,887,51.2,18898,0,0.1,3
1863,22,25,88.0,316,0,0.0,0
1864,374,494,75.7,7410,4,2.2,21
1865,61,93,65.6,1430,0,0.0,0
1866,592,748,79.1,11902,1,1.3,17
1867,828,1154,71.8,13741,11,7.3,53
1868,672,897,74.9,12302,0,1.0,12
1869,754,891,84.6,12499,2,2.3,36
1870,349,535,65.2,5860,3,2.6,26
1871,1306,1489,87.7,28186,0,0.1,1
1872,471,814,57.9,21223,0,0.0,1
1873,27,36,75.0,552,0,0.0,0
1874,202,316,63.9,3238,3,3.2,19
1875,76,91,83.5,1998,0,0.0,0
1876,338,466,72.5,6247,0,1.5,11
1877,36,48,75.0,612,1,0.0,2
1878,197,244,80.7,3575,3,0.2,9
1879,761,1027,74.1,12374,3,4.6,52
1880,129,151,85.4,2028,0,0.2,3
1881,217,274,79.2,3638,0,0.1,2
1882,881,1024,86.0,19864,0,0.1,2
1883,706,853,82.8,11369,0,1.4,18
1884,50,67,74.6,678,0,0.2,4
1885,31,39,79.5,404,0,0.1,2
1886,0,0,,0,0,0.0,0
1887,442,586,75.4,6934,1,2.1,21
1888,59,69,85.5,1292,0,0.0,0
1889,873,973,89.7,19136,0,0.2,1
1890,274,323,84.8,6058,0,0.1,1
1891,455,578,78.7,8025,1,1.2,18
1892,546,768,71.1,9520,0,0.3,5
1893,94,112,83.9,1832,0,0.1,2
1894,856,913,93.8,16287,0,0.2,3
1895,1980,2398,82.6,43908,3,4.1,60
1896,242,284,85.2,5037,0,0.6,3
1897,15,26,57.7,457,0,0.0,0
1898,667,771,86.5,11872,0,0.5,7
1899,5,5,100.0,92,0,0.0,0
1900,1414,1704,83.0,26582,0,1.0,17
1901,1278,1446,88.4,25200,5,3.0,40
1902,241,294,82.0,4707,1,0.7,5
1903,1082,1213,89.2,24654,0,0.2,5
1904,550,862,63.8,22555,0,0.0,0
1905,115,143,80.4,1841,2,1.3,7
1906,16,29,55.2,345,0,0.0,0
1907,1520,1708,89.0,33511,1,0.0,1
1908,2209,2511,88.0,41310,4,3.1,20
1909,847,1200,70.6,26677,0,0.1,1
1910,299,335,89.3,6836,0,0.0,0
1911,14,16,87.5,156,0,0.0,0
1912,775,1109,69.9,16256,4,6.5,88
1913,35,45,77.8,796,1,0.0,1
1914,386,443,87.1,8191,0,0.0,0
1915,50,67,74.6,832,0,0.2,4
1916,25,33,75.8,422,1,0.5,2
1917,594,768,77.3,10197,0,0.8,11
1918,27,33,81.8,414,0,0.0,0
1919,14,19,73.7,196,0,0.0,1
1920,259,331,78.2,4261,1,0.8,18
1921,649,849,76.4,12491,4,2.7,29
1922,10,14,71.4,149,0,0.2,1
1923,376,492,76.4,6801,0,0.4,6
1924,13,13,100.0,263,0,0.0,0
1925,130,158,82.3,2688,0,0.0,0
1926,351,434,80.9,6992,0,0.6,6
1927,36,47,76.6,912,0,0.0,0
1928,930,1226,75.9,18261,9,8.3,67
1929,793,1092,72.6,14863,5,2.4,25
1930,210,281,74.7,3360,0,0.3,6
1931,527,585,90.1,10228,0,0.0,0
1932,868,987,87.9,16778,2,0.1,4
1933,1027,1313,78.2,19122,2,1.3,16
1934,125,162,77.2,3335,0,0.0,1
1935,616,803,76.7,9859,6,4.4,39
1936,7,7,100.0,73,0,0.0,0
1937,507,697,72.7,9338,0,0.6,12
1938,5,5,100.0,117,0,0.0,0
1939,391,542,72.1,5533,3,2.3,22
1940,566,770,73.5,9868,3,3.9,31
1941,1513,1875,80.7,25283,2,3.6,27
1942,92,138,66.7,1545,0,0.3,2
1943,534,635,84.1,9829,2,1.3,11
1944,538,654,82.3,8707,0,1.8,18
1945,616,773,79.7,8649,4,3.7,29
1946,232,287,80.8,3236,2,0.3,7
1947,186,220,84.5,3348,3,1.2,9
1948,444,599,74.1,8208,1,0.7,13
1949,36,66,54.5,1561,0,0.0,0
1950,85,98,86.7,1569,0,0.1,4
1951,448,705,63.5,8354,5,5.9,60
1952,895,1142,78.4,17933,1,0.5,8
1953,2,7,28.6,128,0,0.0,0
1954,456,735,62.0,15011,0,0.1,2
1955,448,632,70.9,7524,3,2.3,20
1956,305,391,78.0,5183,3,2.6,23
1957,895,1136,78.8,14916,1,1.6,16
1958,937,1065,88.0,20484,0,0.2,5
1959,238,256,93.0,5443,0,0.0,0
1960,180,267,67.4,5902,0,0.0,0
1961,1044,1347,77.5,17829,0,1.3,20
1962,644,876,73.5,11752,1,3.4,36
1963,332,512,64.8,5203,2,2.4,32
1964,39,54,72.2,1375,0,0.0,0
1965,8,20,40.0,295,0,0.0,0
1966,1091,1264,86.3,23032,5,2.1,41
1967,996,1157,86.1,22627,1,0.3,7
1968,33,49,67.3,604,0,0.0,1
1969,367,487,75.4,7168,0,0.2,4
1970,5,7,71.4,65,0,0.0,0
1971,446,626,71.2,7093,2,1.4,22
1972,163,216,75.5,2657,1,1.4,8
1973,181,239,75.7,2630,0,0.9,13
1974,21,29,72.4,330,0,0.0,0
1975,41,51,80.4,764,0,0.0,0
1976,20,22,90.9,333,0,0.0,1
1977,5,6,83.3,78,0,0.0,1
1978,895,1373,65.2,31625,0,0.1,1
1979,248,326,76.1,4519,0,0.3,3
1980,197,279,70.6,3884,1,0.4,4
1981,,,,,0,,
1982,687,923,74.4,11937,4,2.6,17
1983,419,525,79.8,7166,0,0.5,4
1984,440,624,70.5,6362,1,0.6,14
1985,64,78,82.1,1436,0,0.1,2
1986,3,3,100.0,81,0,0.0,0
1987,153,218,70.2,2887,0,0.2,5
1988,2469,2659,92.9,53752,0,0.6,5
1989,9,9,100.0,186,0,0.0,0
1990,964,1087,88.7,21145,0,0.3,5
1991,1733,1973,87.8,32251,3,2.1,12
1992,60,87,69.0,948,0,0.7,4
1993,1767,2014,87.7,31154,6,3.3,49
1994,529,740,71.5,9408,2,2.7,25
1995,547,743,73.6,11369,5,2.6,21
1996,519,718,72.3,8237,10,6.4,38
1997,21,38,55.3,341,0,0.1,1
1998,74,105,70.5,1110,0,0.4,5
1999,880,1026,85.8,17760,3,2.6,27
2000,0,0,,0,0,0.0,0
2001,954,1066,89.5,16438,0,1.8,18
2002,277,363,76.3,4239,2,1.5,19
2003,86,126,68.3,1409,0,0.7,8
2004,56,81,69.1,825,2,1.2,9
2005,494,595,83.0,12441,0,0.0,0
2006,280,378,74.1,4900,1,0.9,5
2007,536,1180,45.4,24510,0,0.7,4
2008,239,369,64.8,4291,0,0.2,4
2009,120,167,71.9,1935,2,0.9,7
2010,456,664,68.7,7044,7,5.3,34
2011,1211,1480,81.8,24700,0,0.9,5
2012,842,1017,82.8,18924,1,0.6,7
2013,0,0,,0,0,0.0,0
2014,239,339,70.5,3214,6,1.7,14
2015,5,5,100.0,60,0,0.0,0
2016,3,4,75.0,30,0,0.0,0
2017,647,856,75.6,11243,2,1.3,17
2018,10,14,71.4,151,0,0.0,0
2019,84,106,79.2,1438,0,0.0,1
2020,446,539,82.7,7653,2,0.8,9
2021,46,73,63.0,755,0,0.1,2
2022,55,58,94.8,1091,0,0.0,0
2023,693,963,72.0,12885,4,4.6,47
2024,6,10,60.0,81,0,0.0,0
2025,332,622,53.4,6709,6,3.6,41
2026,274,358,76.5,4613,0,0.2,4
2027,1483,1785,83.1,28710,2,2.2,27
2028,538,768,70.1,8380,3,3.3,17
2029,394,433,91.0,6796,2,1.6,10
2030,421,522,80.7,5880,3,3.1,28
2031,1410,1738,81.1,28418,6,6.7,83
2032,546,700,78.0,8423,4,3.4,29
2033,87,128,68.0,1512,0,0.8,11
2034,18,31,58.1,282,0,0.0,0
2035,376,548,68.6,6542,3,4.4,35
2036,408,577,70.7,6591,2,2.6,25
2037,9,9,100.0,135,0,0.0,0
2038,230,298,77.2,3953,0,0.2,6
2039,850,1040,81.7,14119,2,1.3,19
2040,88,124,71.0,1345,1,0.3,7
2041,1017,1141,89.1,16101,1,0.8,14
2042,838,949,88.3,15935,0,0.6,5
2043,254,347,73.2,4191,1,0.8,11
2044,689,797,86.4,15850,1,0.6,15
2045,535,659,81.2,14013,1,0.1,1
2046,1197,1372,87.2,23176,0,0.7,13
2047,37,61,60.7,1263,0,0.0,0
2048,357,436,81.9,5398,0,0.6,3
2049,107,153,69.9,3350,0,0.0,0
2050,37,48,77.1,525,0,0.2,4
2051,142,164,86.6,2279,0,0.3,6
2052,1138,1317,86.4,19331,1,1.4,20
2053,139,172,80.8,2309,0,0.8,9
2054,42,60,70.0,773,0,0.0,0
2055,959,1155,83.0,21239,0,0.2,3
2056,736,998,73.7,21527,0,0.0,1
2057,1322,1485,89.0,22986,3,1.4,18
2058,232,342,67.8,3866,3,2.2,17
2059,457,641,71.3,8377,2,3.1,34
2060,273,376,72.6,4748,1,1.7,12
2061,166,198,83.8,4222,0,0.0,0
2062,49,75,65.3,735,0,0.1,1
2063,1963,2144,91.6,44819,0,0.3,5
2064,648,1124,57.7,21851,1,0.1,2
2065,649,746,87.0,9596,1,1.6,18
2066,22,40,55.0,1244,0,0.0,0
2067,137,159,86.2,2863,0,0.7,5
2068,298,337,88.4,7447,0,0.0,0
2069,15,16,93.8,318,0,0.0,0
2070,758,988,76.7,12428,7,4.6,33
2071,470,702,67.0,9182,5,3.0,40
2072,94,115,81.7,1496,0,0.2,5
2073,4,7,57.1,53,0,0.0,0
2074,268,435,61.6,4363,3,2.9,33
2075,9,18,50.0,114,0,0.1,2
2076,714,971,73.5,12176,2,1.7,24
2077,744,861,86.4,12597,0,0.3,10
2078,6,7,85.7,74,0,0.0,0
2079,781,1061,73.6,13247,4,3.1,37
2080,9,19,47.4,144,0,0.4,2
2081,54,65,83.1,1168,0,0.0,1
2082,21,22,95.5,364,0,0.0,0
2083,1425,1789,79.7,25320,4,3.7,41
2084,183,253,72.3,3436,0,0.4,2
2085,741,1194,62.1,25285,0,0.0,0
2086,272,395,68.9,10107,0,0.0,0
2087,27,37,73.0,959,0,0.0,0
2088,29,36,80.6,541,1,0.4,1
2089,366,427,85.7,6051,1,1.6,11
2090,621,697,89.1,13538,0,0.5,3
2091,683,910,75.1,21052,0,0.0,1
2092,177,221,80.1,2910,0,0.5,8
2093,85,99,85.9,1472,0,0.0,1
2094,544,657,82.8,8203,5,2.6,20
2095,168,233,72.1,3192,3,1.3,8
2096,192,222,86.5,2826,1,0.8,5
2097,517,845,61.2,18596,0,0.1,1
2098,55,73,75.3,933,0,0.8,4
2099,623,740,84.2,10941,3,3.9,37
2100,2,3,66.7,56,0,0.0,0
2101,1476,1717,86.0,30017,3,1.4,22
2102,4,4,100.0,80,0,0.0,0
2103,543,823,66.0,8881,3,4.9,31
2104,361,596,60.6,6958,3,1.9,18
2105,1011,1482,68.2,19384,4,2.8,33
2106,38,49,77.6,739,0,0.0,0
2107,301,400,75.3,5020,0,0.4,2
2108,124,193,64.2,2251,1,0.7,16
2109,1071,1303,82.2,21416,3,1.6,25
2110,306,436,70.2,4430,0,2.2,16
2111,427,643,66.4,7006,2,1.7,19
2112,1,3,33.3,21,0,0.0,0
2113,841,1093,76.9,15523,0,1.2,16
2114,35,70,50.0,817,2,0.5,6
2115,281,375,74.9,5404,2,0.4,11
2116,474,691,68.6,9025,1,2.2,34
2117,135,203,66.5,2742,1,1.4,9
2118,114,132,86.4,2073,0,0.1,1
2119,4,8,50.0,122,0,0.0,0
2120,80,93,86.0,1796,0,0.0,0
2121,113,232,48.7,4456,0,0.0,0
2122,122,238,51.3,6545,0,0.0,0
2123,1964,2132,92.1,30596,2,2.3,27
2124,7,10,70.0,128,0,0.0,0
2125,2370,2928,80.9,43579,12,7.2,61
2126,117,155,75.5,1785,1,0.5,4
2127,193,257,75.1,3937,0,0.2,2
2128,847,1152,73.5,23769,0,0.0,0
2129,1389,1731,80.2,29813,1,2.6,26
2130,700,967,72.4,14542,3,2.6,24
2131,1025,1209,84.8,19626,3,1.5,23
2132,2363,2537,93.1,48600,2,1.6,32
2133,479,632,75.8,8440,7,4.5,27
2134,523,790,66.2,9638,2,3.3,34
2135,4,7,57.1,75,0,0.0,0
2136,548,804,68.2,9893,2,2.9,28
2137,197,315,62.5,3209,3,1.7,14
2138,945,1161,81.4,17014,2,2.2,37
2139,442,514,86.0,8748,0,0.0,2
2140,239,305,78.4,4540,1,1.8,13
2141,345,495,69.7,4566,1,0.9,7
2142,0,0,,0,0,0.0,0
2143,242,285,84.9,5273,0,0.2,2
2144,430,511,84.1,5826,0,1.0,15
2145,2,2,100.0,40,0,0.0,0
2146,1005,1176,85.5,17405,1,1.6,28
2147,295,338,87.3,5956,0,0.1,2
2148,596,706,84.4,10274,1,1.1,13
2149,37,55,67.3,747,0,0.0,0
2150,971,1026,94.6,18301,0,0.2,3
2151,1806,1964,92.0,37991,0,0.6,11
2152,818,979,83.6,16888,0,1.0,13
2153,1350,1535,87.9,28659,1,0.5,8
2154,1,1,100.0,24,0,0.0,0
2155,866,1038,83.4,16422,0,1.2,17
2156,438,548,79.9,6327,3,1.0,17
2157,5,8,62.5,107,0,0.0,0
2158,1086,1289,84.3,15555,5,5.2,50
2159,452,585,77.3,10262,0,0.2,3
2160,1097,1264,86.8,19509,2,1.3,23
2161,154,179,86.0,2829,1,0.5,9
2162,1758,2021,87.0,32673,5,2.1,30
2163,634,919,69.0,11645,1,2.1,23
2164,27,37,73.0,838,0,0.0,0
2165,435,572,76.0,7649,0,0.7,10
2166,325,419,77.6,5609,0,0.2,3
2167,889,1029,86.4,21403,2,0.9,4
2168,3,3,100.0,80,0,0.0,0
2169,786,1087,72.3,14112,1,2.5,25
2170,97,137,70.8,1374,0,0.6,7
2171,58,68,85.3,1186,0,0.0,0
2172,1221,1517,80.5,24671,1,0.8,13
2173,269,525,51.2,11889,0,0.0,0
2174,188,299,62.9,3410,2,1.0,15
2175,1272,1449,87.8,30337,0,0.4,4
2176,1220,1533,79.6,22920,3,4.7,53
2177,407,617,66.0,12847,0,0.0,0
2178,0,0,,0,0,0.0,0
2179,393,434,90.6,7629,0,0.0,0
2180,1653,1994,82.9,28157,2,3.3,34
2181,306,414,73.9,4825,0,0.8,11
2182,2118,2353,90.0,39614,6,4.8,48
2183,673,883,76.2,22654,0,0.2,2
2184,135,155,87.1,2127,0,0.1,1
2185,196,260,75.4,2849,0,0.9,8
2186,1173,1462,80.2,34337,0,0.0,0
2187,123,179,68.7,2025,0,0.1,1
2188,241,344,70.1,8172,0,0.0,0
2189,322,442,72.9,4804,2,1.9,16
2190,11,12,91.7,200,0,0.1,2
2191,487,596,81.7,7996,1,1.5,12
2192,1454,1981,73.4,27728,3,3.7,38
2193,351,441,79.6,7223,1,0.4,7
2194,1163,1532,75.9,20425,7,4.6,56
2195,32,43,74.4,605,0,0.3,3
2196,280,341,82.1,4160,0,1.1,10
2197,136,168,81.0,3402,0,0.0,0
2198,590,775,76.1,11935,3,3.1,28
2199,331,403,82.1,5312,1,1.2,11
2200,356,490,72.7,6374,4,3.6,34
2201,2,2,100.0,36,0,0.0,0
2202,94,130,72.3,1468,0,0.5,5
2203,1252,1541,81.2,27996,1,0.5,7
2204,659,844,78.1,10760,5,3.6,22
2205,942,1112,84.7,15696,0,0.9,14
2206,451,516,87.4,9275,0,0.1,1
2207,373,471,79.2,6291,0,0.3,7
2208,746,1004,74.3,11226,10,7.1,54
2209,131,144,91.0,3153,0,0.0,0
2210,138,221,62.4,1983,0,1.6,8
2211,479,544,88.1,10028,0,0.0,0
2212,36,42,85.7,465,0,0.1,2
2213,96,130,73.8,3247,0,0.0,0
2214,890,1056,84.3,19255,1,0.1,2
2215,237,343,69.1,3696,0,1.5,12
2216,6,7,85.7,135,0,0.0,0
2217,480,588,81.6,8354,1,0.4,7
2218,127,179,70.9,1883,0,0.2,7
2219,253,368,68.8,3660,2,2.8,19
2220,191,250,76.4,3507,1,0.1,4
2221,202,269,75.1,3757,2,1.6,22
2222,558,683,81.7,10576,0,0.2,5
2223,93,125,74.4,1683,0,0.0,1
2224,290,379,76.5,4754,2,1.9,15
2225,168,208,80.8,2926,1,0.7,10
2226,7,8,87.5,109,0,0.0,0
2227,816,1007,81.0,15152,1,2.5,33
2228,297,410,72.4,6015,8,3.2,33
2229,45,55,81.8,821,0,0.0,0
2230,1298,1496,86.8,28022,0,0.0,1
2231,738,901,81.9,18350,0,0.1,4
2232,157,197,79.7,3629,1,0.1,1
2233,135,173,78.0,2207,0,0.3,4
2234,739,960,77.0,13923,1,1.3,25
2235,1348,1614,83.5,20379,16,9.0,67
2236,1699,1973,86.1,30907,3,2.5,34
2237,6,7,85.7,91,0,0.0,0
2238,592,681,86.9,13160,1,0.6,2
2239,138,187,73.8,2296,1,0.5,6
2240,1039,1313,79.1,20664,1,1.7,24
2241,734,1009,72.7,13914,1,1.0,15
2242,124,177,70.1,1567,1,0.3,7
2243,726,907,80.0,12400,4,3.1,29
2244,715,986,72.5,12022,3,4.0,43
2245,1117,1340,83.4,23147,1,0.9,10
2246,181,267,67.8,2776,0,0.9,14
2247,367,406,90.4,7234,0,0.1,2
2248,657,755,87.0,12629,0,0.4,5
2249,62,84,73.8,1177,0,0.1,2
2250,392,518,75.7,6945,4,2.7,33
2251,0,2,0.0,0,0,0.0,0
2252,524,677,77.4,8099,3,2.9,19
2253,91,127,71.7,1636,0,0.3,4
2254,262,365,71.8,3546,2,1.1,10
2255,1100,1357,81.1,17098,3,2.1,16
2256,438,602,72.8,6741,4,3.3,26
2257,1055,1168,90.3,22606,0,0.1,2
2258,371,512,72.5,7851,2,1.7,10
2259,458,669,68.5,9443,2,1.4,15
2260,686,917,74.8,15466,2,2.0,29
2261,864,1036,83.4,18915,0,0.1,2
2262,576,767,75.1,14600,0,0.1,4
2263,220,281,78.3,3353,1,1.4,11
2264,121,169,71.6,2075,0,0.0,0
2265,220,322,68.3,2658,2,3.0,18
2266,11,14,78.6,126,0,0.0,0
2267,155,248,62.5,2791,2,0.8,10
2268,530,678,78.2,9618,2,2.0,14
2269,645,795,81.1,15954,0,0.0,1
2270,152,194,78.4,3406,0,0.3,3
2271,256,342,74.9,4267,1,1.1,7
2272,904,1178,76.7,27945,0,0.4,3
2273,41,52,78.8,607,1,0.2,2
2274,1178,1555,75.8,22364,1,2.5,28
2275,41,53,77.4,744,0,0.0,0
2276,543,758,71.6,11076,0,1.0,15
2277,494,567,87.1,10391,0,0.2,4
2278,1379,1634,84.4,25039,3,3.2,40
2279,1282,1426,89.9,29315,0,0.0,1
2280,566,678,83.5,8930,1,0.8,11
2281,457,542,84.3,8805,0,0.4,9
2282,193,317,60.9,6174,0,0.0,1
2283,389,454,85.7,6141,0,0.2,4
2284,668,979,68.2,21650,0,0.0,0
2285,387,489,79.1,8803,3,1.2,13
2286,325,399,81.5,6705,0,0.0,1
2287,141,235,60.0,1769,1,0.4,5
2288,91,135,67.4,1088,0,0.2,4
2289,575,849,67.7,21204,0,0.2,1
2290,775,1070,72.4,12771,1,3.9,42
2291,1487,1663,89.4,23095,2,2.2,13
2292,274,356,77.0,4949,0,0.4,7
2293,77,83,92.8,1444,0,0.1,3
2294,422,515,81.9,7644,2,1.0,15
2295,841,1138,73.9,26634,0,0.4,2
2296,386,498,77.5,7356,0,1.0,9
2297,145,195,74.4,2401,0,0.0,2
2298,1446,1745,82.9,25781,3,3.4,54
2299,334,401,83.3,5496,2,2.0,15
2300,90,109,82.6,1637,0,0.2,3
2301,162,222,73.0,2388,2,2.5,15
2302,1121,1296,86.5,16834,0,1.3,20
2303,4,4,100.0,45,0,0.0,0
2304,791,1091,72.5,19393,2,3.7,42
2305,38,42,90.5,972,0,0.0,0
2306,909,1165,78.0,18044,4,2.1,19
2307,40,48,83.3,677,0,0.0,0
2308,778,855,91.0,15903,0,0.0,1
2309,78,103,75.7,1042,1,0.6,6
2310,4,4,100.0,81,0,0.0,0
2311,868,1110,78.2,16899,3,3.8,46
2312,104,151,68.9,1915,1,0.1,3
2313,719,835,86.1,13447,2,1.4,15
2314,6,11,54.5,71,0,0.0,0
2315,340,483,70.4,5018,3,4.3,29
2316,1262,1450,87.0,21082,7,5.3,51
2317,1319,1513,87.2,20974,10,5.2,46
2318,66,99,66.7,1181,0,0.0,1
2319,942,1365,69.0,17844,2,2.1,28
2320,176,239,73.6,3024,0,1.1,11
2321,716,1279,56.0,29300,0,0.5,2
2322,1440,1502,95.9,30319,0,0.0,0
2323,450,991,45.4,17400,0,0.0,1
2324,689,860,80.1,14975,0,0.7,11
2325,350,496,70.6,5265,3,2.3,17
2326,490,663,73.9,6954,5,3.6,34
2327,650,1107,58.7,27262,0,0.0,0
2328,70,100,70.0,1208,0,0.0,0
2329,22,29,75.9,411,0,0.0,0
2330,53,70,75.7,937,0,0.1,3
2331,626,738,84.8,12060,1,0.7,9
2332,594,834,71.2,13581,0,0.1,2
2333,820,1162,70.6,28431,0,0.1,2
2334,554,667,83.1,10492,1,1.0,14
2335,1106,1279,86.5,19228,1,1.0,16
2336,3,6,50.0,50,0,0.0,0
2337,348,445,78.2,5737,0,0.3,8
2338,43,83,51.8,1980,0,0.0,0
2339,1190,1399,85.1,22518,3,2.4,18
2340,33,38,86.8,626,0,0.0,0
2341,868,1147,75.7,24707,0,0.0,1
2342,274,378,72.5,4807,0,0.5,6
2343,1005,1341,74.9,18535,7,4.7,54
2344,72,98,73.5,1073,0,0.4,2
2345,1843,1997,92.3,36435,0,0.3,7
2346,84,129,65.1,1243,2,0.5,7
2347,17,26,65.4,210,0,0.1,1
2348,385,543,70.9,6239,7,4.2,30
2349,175,210,83.3,3121,2,0.3,3
2350,1306,1440,90.7,27281,2,1.2,10
2351,50,70,71.4,1556,0,0.0,0
2352,845,1061,79.6,13706,1,0.9,10
2353,30,36,83.3,391,0,0.0,0
2354,135,196,68.9,1646,0,0.4,4
2355,435,635,68.5,7990,5,2.7,33
2356,94,133,70.7,1744,0,0.0,1
2357,522,724,72.1,9101,1,1.2,14
2358,154,219,70.3,2959,0,0.2,6
2359,26,39,66.7,583,0,0.0,1
2360,187,230,81.3,3649,1,0.0,3
2361,39,51,76.5,650,0,0.2,3
2362,317,429,73.9,4428,1,0.9,12
2363,390,568,68.7,5951,4,3.8,27
2364,582,745,78.1,9999,0,1.1,12
2365,4,5,80.0,106,0,0.0,0
2366,1270,1545,82.2,35784,0,0.0,0
2367,1,2,50.0,12,0,0.0,0
2368,503,1130,44.5,26353,0,0.0,0
2369,252,267,94.4,4573,0,0.0,0
2370,168,297,56.6,5903,0,0.0,0
2371,1031,1227,84.0,16658,5,5.3,54
2372,160,206,77.7,2518,0,0.6,5
2373,274,392,69.9,4852,0,0.4,2
2374,295,317,93.1,6676,0,0.0,0
2375,328,340,96.5,6842,0,0.0,0
2376,673,746,90.2,13230,0,0.5,11
2377,99,147,67.3,1757,0,0.4,5
2378,809,1064,76.0,13691,0,1.1,13
2379,717,876,81.8,14465,3,2.5,25
2380,2035,2239,90.9,41675,1,0.3,4
2381,304,446,68.2,4164,1,1.8,17
2382,813,1018,79.9,15484,2,2.9,23
2383,130,152,85.5,3172,0,0.0,0
2384,145,207,70.0,2162,0,0.2,5
2385,42,50,84.0,714,0,0.1,1
2386,17,23,73.9,195,0,0.0,0
2387,172,274,62.8,2871,1,0.6,7
2388,854,962,88.8,19183,2,0.6,3
2389,560,780,71.8,9312,2,2.2,10
2390,149,189,78.8,2772,0,0.2,3
2391,368,460,80.0,8561,0,0.0,0
2392,222,310,71.6,3619,0,0.8,11
2393,710,848,83.7,15778,0,0.5,3
2394,1,2,50.0,26,0,0.0,0
2395,550,727,75.7,10033,3,2.8,27
2396,441,620,71.1,15759,0,0.2,2
2397,1421,1641,86.6,29947,1,1.1,18
2398,906,1199,75.6,20756,3,1.2,8
2399,115,171,67.3,1526,1,0.1,2
2400,983,1217,80.8,13848,1,7.0,47
2401,1406,1897,74.1,24265,4,4.6,33
2402,291,405,71.9,4149,0,0.5,11
2403,616,762,80.8,10533,3,3.0,27
2404,778,969,80.3,15590,4,2.0,24
2405,20,28,71.4,358,0,0.1,3
2406,966,1016,95.1,21068,0,0.1,2
2407,954,1224,77.9,24572,0,0.2,2
2408,347,394,88.1,7051,0,0.3,4
2409,477,634,75.2,12665,2,1.2,9
2410,824,941,87.6,15353,3,0.8,12
2411,1231,1628,75.6,20959,3,1.9,25
2412,366,498,73.5,6949,2,1.1,11
2413,992,1515,65.5,19862,4,2.3,32
2414,664,876,75.8,11383,5,4.6,43
2415,529,697,75.9,8520,8,3.7,30
2416,19,27,70.4,301,0,0.0,0
2417,539,737,73.1,12454,0,0.3,6
2418,14,21,66.7,155,0,0.1,1
2419,164,192,85.4,3510,0,0.0,0
2420,570,612,93.1,13277,1,0.5,2
2421,1,2,50.0,26,0,0.0,0
2422,59,67,88.1,1266,0,0.1,2
2423,454,520,87.3,9900,0,0.0,0
2424,102,127,80.3,1959,0,0.0,1
2425,4,10,40.0,64,0,0.0,0
2426,293,391,74.9,5241,1,1.3,15
2427,579,753,76.9,11104,2,3.8,41
2428,150,172,87.2,2485,0,0.1,1
2429,603,830,72.7,13236,1,0.6,13
2430,342,417,82.0,6015,2,1.5,19
2431,1080,1461,73.9,18954,2,1.5,22
2432,2,2,100.0,19,0,0.0,0
2433,14,18,77.8,279,0,0.0,0
2434,198,308,64.3,2749,1,1.0,14
2435,656,761,86.2,17645,0,0.0,0
2436,281,353,79.6,4862,0,0.1,5
2437,43,59,72.9,1022,0,0.0,0
2438,944,1200,78.7,20306,2,1.3,21
2439,1831,2023,90.5,40146,1,0.5,4
2440,304,410,74.1,5070,2,2.0,18
2441,3,4,75.0,67,0,0.0,0
2442,206,238,86.6,3182,0,0.4,7
2443,179,200,89.5,3279,0,0.2,3
2444,188,232,81.0,3242,0,0.0,0
2445,0,1,0.0,0,0,0.0,0
2446,1010,1096,92.2,23268,0,0.2,1
2447,894,1219,73.3,16472,2,2.7,26
2448,191,239,79.9,4038,0,0.0,1
2449,913,1250,73.0,21245,2,2.0,14
2450,54,59,91.5,1589,0,0.0,0
2451,374,556,67.3,5410,2,2.4,32
2452,726,1035,70.1,13410,1,1.3,13
2453,410,513,79.9,6841,0,0.2,5
2454,592,688,86.0,11156,1,0.1,4
2455,21,24,87.5,335,0,0.0,1
2456,23,28,82.1,394,0,0.0,0
2457,563,767,73.4,11219,0,0.9,13
2458,63,103,61.2,1222,1,0.3,4
2459,0,1,0.0,0,0,0.0,0
2460,285,377,75.6,5128,0,0.3,7
2461,7,10,70.0,126,0,0.0,0
2462,55,74,74.3,884,1,0.8,5
2463,264,355,74.4,4410,0,0.6,8
2464,1250,1419,88.1,32389,2,0.7,2
2465,102,165,61.8,1688,1,0.8,6
2466,145,210,69.0,3860,0,0.0,1
2467,344,440,78.2,5530,2,1.3,14
2468,3,6,50.0,72,0,0.0,0
2469,684,842,81.2,12158,1,1.2,12
2470,1100,1242,88.6,19202,1,0.8,5
2471,12,12,100.0,142,0,0.0,0
2472,54,71,76.1,1373,0,0.0,0
2473,27,37,73.0,518,0,0.0,0
2474,32,41,78.0,704,0,0.0,0
2475,103,164,62.8,1847,1,0.1,3
2476,555,696,79.7,8368,2,2.0,26
2477,0,0,,0,0,0.0,0
2478,156,190,82.1,2691,1,0.9,9
2479,992,1136,87.3,24261,2,0.1,4
2480,736,950,77.5,12343,1,3.9,40
2481,645,910,70.9,11853,4,3.9,40
2482,0,0,,0,0,0.0,0
2483,608,793,76.7,9749,1,1.2,19
2484,473,691,68.5,6322,8,6.8,29
2485,320,368,87.0,5747,0,0.1,3
2486,1455,1804,80.7,27246,6,5.6,52
2487,414,544,76.1,8028,1,1.1,6
2488,32,41,78.0,549,0,0.2,1
2489,251,404,62.1,5933,0,0.1,4
2490,562,722,77.8,13297,1,0.3,3
2491,50,53,94.3,1010,0,0.0,0
2492,232,270,85.9,5217,0,0.1,1
2493,178,230,77.4,2939,2,1.1,8
2494,148,189,78.3,2388,1,1.1,8
2495,506,579,87.4,10175,2,1.8,12
2496,1267,1493,84.9,20704,2,2.5,29
2497,1363,1654,82.4,27185,6,1.8,15
2498,214,271,79.0,3797,0,0.4,6
2499,1367,1644,83.2,24691,3,1.1,14
2500,505,626,80.7,11923,1,0.1,2
2501,981,1098,89.3,21074,0,0.2,4
2502,788,932,84.5,14529,1,0.3,9
2503,1137,1582,71.9,25114,7,5.4,65
2504,307,368,83.4,7045,0,0.0,0
2505,738,914,80.7,12864,2,1.6,18
2506,421,473,89.0,8678,0,0.0,0
2507,332,507,65.5,4961,3,2.7,20
2508,793,906,87.5,15694,1,1.1,14
2509,541,752,71.9,9121,5,4.2,27
2510,810,994,81.5,16210,3,2.1,17
2511,1724,1998,86.3,41893,1,1.6,8
2512,722,1118,64.6,13886,8,5.7,46
2513,150,174,86.2,2748,0,0.0,1
2514,699,813,86.0,17240,1,0.4,5
2515,29,47,61.7,462,0,0.0,0
2516,42,62,67.7,569,0,0.1,4
2517,1135,1339,84.8,21164,0,0.8,17
2518,493,704,70.0,9150,3,2.0,21
2519,802,946,84.8,16087,2,0.6,11
2520,325,460,70.7,5291,1,1.9,13
2521,121,167,72.5,2608,0,1.1,14
2522,399,493,80.9,7081,4,4.1,34
2523,10,12,83.3,203,0,0.0,0
2524,621,942,65.9,10779,9,6.5,50
2525,12,19,63.2,175,0,0.1,1
2526,434,581,74.7,8025,3,2.4,26
2527,803,1078,74.5,14576,1,0.2,7
2528,1249,1544,80.9,23435,5,2.1,34
2529,45,60,75.0,786,1,0.7,4
2530,877,1027,85.4,19033,0,0.1,3
2531,701,939,74.7,21111,0,0.0,0
2532,646,841,76.8,11689,2,0.9,10
2533,23,32,71.9,692,0,0.0,0
2534,4,6,66.7,95,0,0.0,0
2535,295,445,66.3,4743,1,0.8,18
2536,784,918,85.4,14868,4,3.8,31
2537,1069,1549,69.0,21771,8,4.7,64
2538,57,69,82.6,848,0,0.0,0
2539,938,1309,71.7,17623,4,3.5,42
2540,859,1046,82.1,20771,0,0.1,2
2541,567,795,71.3,10966,3,3.6,38
2542,551,597,92.3,9696,0,0.1,2
2543,127,141,90.1,2333,0,0.0,0
2544,77,107,72.0,1253,0,0.1,3
2545,43,51,84.3,897,0,0.0,0
2546,54,74,73.0,746,0,0.0,1
2547,428,581,73.7,7866,1,0.7,7
2548,351,426,82.4,5521,2,0.9,8
2549,162,264,61.4,2497,2,0.8,8
2550,44,52,84.6,1265,0,0.0,0
2551,44,52,84.6,1097,0,0.0,0
2552,749,808,92.7,14432,0,0.0,0
2553,423,621,68.1,6601,2,2.7,25
2554,241,342,70.5,4746,0,2.6,25
2555,1766,1966,89.8,40062,1,0.8,8
2556,316,495,63.8,6957,5,3.0,28
2557,82,114,71.9,1329,0,0.3,2
2558,668,920,72.6,21296,0,0.0,0
2559,303,454,66.7,5012,1,1.6,18
2560,896,992,90.3,15308,0,0.5,8
2561,741,901,82.2,15349,3,1.9,35
2562,29,33,87.9,714,0,0.0,0
2563,1,2,50.0,6,0,0.1,1
2564,25,35,71.4,562,0,0.0,0
2565,479,538,89.0,8591,0,1.3,10
2566,198,318,62.3,3316,0,0.8,2
2567,1015,1207,84.1,21385,0,0.6,4
2568,81,104,77.9,1815,0,0.0,0
2569,174,222,78.4,4655,0,0.2,1
2570,70,94,74.5,1187,0,0.4,3
2571,2,4,50.0,16,0,0.0,0
2572,538,696,77.3,10714,1,1.9,23
2573,460,580,79.3,7730,1,1.0,21
2574,985,1119,88.0,16346,5,3.5,19
2575,1479,1668,88.7,35097,1,0.5,6
2576,314,462,68.0,4777,5,5.4,28
2577,261,396,65.9,4579,3,2.5,19
2578,420,657,63.9,6970,1,3.3,21
2579,46,65,70.8,875,0,0.1,2
2580,818,1070,76.4,16102,1,1.7,27
2581,8,11,72.7,80,0,0.0,0
2582,188,205,91.7,4163,0,0.0,0
2583,546,636,85.8,9642,0,0.4,9
2584,612,768,79.7,10287,0,0.4,7
2585,465,583,79.8,7389,1,1.5,16
2586,418,542,77.1,6945,2,1.3,12
2587,43,63,68.3,1139,0,0.0,0
2588,904,1140,79.3,20915,1,0.8,6
2589,1288,1683,76.5,25481,4,5.1,62
2590,31,41,75.6,688,0,0.0,0
2591,400,482,83.0,7424,1,0.7,8
2592,58,78,74.4,1102,1,0.2,3
2593,639,904,70.7,12872,6,3.2,44
2594,1446,1658,87.2,31160,0,2.6,40
2595,1607,1733,92.7,27030,5,3.0,25
2596,524,709,73.9,8302,2,2.9,30
2597,196,270,72.6,4310,1,0.6,9
2598,930,1112,83.6,19288,1,0.9,3
2599,449,573,78.4,8326,1,0.7,6
2600,641,799,80.2,12888,0,0.1,4
2601,954,1164,82.0,22641,0,0.6,3
2602,1101,1264,87.1,25812,0,0.2,3
2603,243,344,70.6,4267,1,1.5,18
2604,611,848,72.1,11886,4,3.8,39
2605,1115,1252,89.1,17954,2,3.0,21
2606,37,45,82.2,847,0,0.0,0
2607,897,1240,72.3,17360,0,1.4,19
2608,784,942,83.2,16115,1,1.1,24
2609,109,153,71.2,2886,0,0.0,0
2610,929,1260,73.7,17043,0,1.4,19
2611,331,466,71.0,6088,1,1.6,13
2612,70,110,63.6,1025,0,0.0,1
2613,134,144,93.1,2329,0,0.1,3
2614,60,89,67.4,1802,0,0.0,0
2615,60,87,69.0,888,0,0.2,3
2616,257,344,74.7,4282,0,0.5,5
2617,8,13,61.5,137,0,0.0,0
2618,449,533,84.2,5982,2,1.5,14
2619,161,190,84.7,3102,0,0.4,2
2620,236,343,68.8,3453,0,1.2,15
2621,776,830,93.5,17688,0,0.0,1
2622,669,773,86.5,15987,0,0.2,3
2623,60,73,82.2,958,0,0.1,1
2624,429,604,71.0,6712,7,5.7,34
2625,338,433,78.1,5888,0,1.1,8
2626,1525,1645,92.7,35291,3,0.7,10
2627,2,2,100.0,52,0,0.0,0
2628,113,169,66.9,1949,1,0.3,3
2629,576,655,87.9,11400,2,0.2,7
2630,102,138,73.9,1143,1,1.0,8
2631,259,304,85.2,5358,0,0.1,1
2632,118,149,79.2,1905,2,0.2,3
2633,63,81,77.8,1044,0,0.0,0
2634,351,488,71.9,8398,0,0.1,2
2635,611,684,89.3,11043,0,0.3,8
2636,266,405,65.7,4309,3,2.8,19
2637,276,356,77.5,4615,1,1.2,11
2638,1884,2144,87.9,38487,4,2.2,17
2639,337,436,77.3,5293,0,0.5,4
2640,183,214,85.5,3054,0,0.1,2
2641,24,25,96.0,451,0,0.0,1
2642,528,606,87.1,11527,0,0.1,3
2643,1676,2064,81.2,24863,4,2.9,26
2644,18,19,94.7,382,0,0.0,0
2645,932,1260,74.0,15576,0,0.2,5
2646,1458,1971,74.0,27741,3,5.1,61
2647,1286,1601,80.3,22598,6,2.6,20
2648,1,4,25.0,17,0,0.0,0
2649,21,31,67.7,306,0,0.4,1
2650,1547,1824,84.8,33747,1,1.0,10
2651,533,818,65.2,7703,3,2.3,37
2652,753,824,91.4,16680,0,0.4,4
2653,827,1040,79.5,13336,0,0.5,6
2654,131,169,77.5,1789,0,0.2,3
2655,1612,1888,85.4,29924,2,1.6,15
2656,803,1063,75.5,14343,2,2.0,20
2657,764,1065,71.7,11688,8,8.9,53
2658,1381,1854,74.5,28442,6,5.1,51
2659,29,44,65.9,440,1,0.5,2
2660,70,103,68.0,2328,0,0.0,0
2661,1477,1628,90.7,25473,0,1.3,18
2662,408,582,70.1,7490,2,1.2,16
2663,635,885,71.8,12141,1,1.7,16
2664,531,636,83.5,8464,0,0.6,13
2665,510,710,71.8,8050,1,2.6,25
2666,165,205,80.5,3196,0,0.1,2
2667,1247,1600,77.9,22452,7,6.9,71
2668,299,368,81.3,5216,1,0.8,12
2669,61,73,83.6,842,0,0.0,0
2670,345,535,64.5,5193,1,3.2,25
2671,454,609,74.5,8882,0,1.6,15
2672,1466,1656,88.5,28421,0,1.1,18
2673,152,186,81.7,2124,0,0.2,3
2674,1688,1794,94.1,29168,5,2.8,13
2675,18,27,66.7,224,0,0.1,1
2676,465,674,69.0,8913,3,1.7,18
2677,17,21,81.0,243,0,0.1,1
2678,312,483,64.6,4073,1,0.9,19
2679,386,448,86.2,7347,0,1.1,8
2680,1656,1886,87.8,34314,2,1.0,15
2681,93,110,84.5,1819,0,0.0,2
2682,338,424,79.7,5557,1,2.6,18
2683,314,451,69.6,5683,4,2.7,25
2684,228,316,72.2,3725,0,0.3,7
2685,48,93,51.6,2772,0,0.0,0
2686,882,1064,82.9,14522,2,1.4,8
2687,207,247,83.8,4034,0,0.0,0
2688,489,570,85.8,12006,1,0.6,5
2689,40,52,76.9,525,0,0.1,1
2690,89,111,80.2,1190,0,0.3,4
2691,565,735,76.9,11171,0,1.2,17
2692,506,634,79.8,9081,4,3.0,22
2693,425,517,82.2,9299,0,0.6,9
2694,247,326,75.8,4075,0,0.4,4
2695,572,790,72.4,8789,5,3.0,31
2696,762,827,92.1,16115,1,0.4,6
2697,12,15,80.0,165,0,0.0,0
2698,935,1188,78.7,15092,3,3.2,36
2699,787,908,86.7,14796,2,0.9,11
2700,1227,1560,78.7,21625,2,1.6,17
2701,1333,1498,89.0,23177,0,0.8,18
2702,44,58,75.9,669,0,0.1,2
2703,356,447,79.6,6688,2,3.2,24
2704,809,874,92.6,16794,0,0.7,4
2705,458,601,76.2,6597,6,4.6,36
2706,200,246,81.3,3586,1,0.6,6
2707,213,331,64.4,3525,1,1.6,10
2708,245,303,80.9,4529,1,0.5,5
2709,11,14,78.6,258,0,0.1,1
2710,1,1,100.0,9,0,0.0,0
2711,512,800,64.0,16360,0,0.1,1
2712,1758,2015,87.2,31856,4,3.8,49
2713,180,270,66.7,3547,0,0.8,14
2714,492,609,80.8,10845,1,0.1,1
2715,1186,1667,71.1,23374,2,1.6,23
2716,1198,1348,88.9,20860,0,1.7,18
2717,1004,1217,82.5,27384,0,0.0,0
2718,67,88,76.1,833,0,0.0,1
2719,16,18,88.9,242,0,0.2,2
2720,273,381,71.7,4331,0,0.5,10
2721,109,154,70.8,1848,1,0.6,4
2722,274,363,75.5,4428,2,1.9,14
2723,1772,1982,89.4,41239,0,0.2,1
2724,1467,1670,87.8,30494,1,0.6,5
2725,351,429,81.8,6345,0,0.4,6
2726,365,420,86.9,7003,0,0.2,5
2727,112,126,88.9,2163,0,0.0,0
2728,437,538,81.2,8324,0,0.3,3
2729,4,4,100.0,54,0,0.0,0
2730,61,82,74.4,1131,0,0.0,0
2731,1308,1617,80.9,22526,6,5.2,60
2732,552,698,79.1,9010,5,4.2,39
