Rk,Gls,Sh,SoT,SoT%,SoT/90,G/Sh,PK,PKatt,xG
1,3,26,5,19.2,0.18,0.08,1,1,2.3
2,0,14,4,28.6,0.11,0.00,0,0,0.5
3,3,19,5,26.3,0.18,0.16,0,0,1.3
4,1,6,3,50.0,1.72,0.17,0,0,1.3
5,1,33,7,21.2,0.35,0.03,0,0,1.6
6,0,5,0,0.0,0.00,0.00,0,0,0.2
7,2,7,4,57.1,0.21,0.29,0,0,1.4
8,15,88,35,39.8,1.42,0.17,0,0,14.5
9,0,5,2,40.0,0.27,0.00,0,0,0.4
10,2,17,7,41.2,0.20,0.12,0,0,2.0
11,4,37,9,24.3,0.73,0.11,0,0,4.2
12,0,7,1,14.3,0.09,0.00,0,0,0.4
13,5,20,10,50.0,1.21,0.25,0,0,4.1
14,0,0,0,,0.00,,0,0,0.0
15,1,5,4,80.0,1.91,0.20,0,0,1.7
16,0,3,1,33.3,0.39,0.00,0,0,0.6
17,0,0,0,,0.00,,0,0,0.0
18,3,18,6,33.3,0.53,0.17,0,0,0.9
19,0,0,0,,0.00,,0,0,0.0
20,1,6,3,50.0,1.30,0.17,0,1,1.3
21,1,14,2,14.3,0.10,0.07,0,0,0.3
22,1,3,1,33.3,0.04,0.33,0,0,0.9
23,0,0,0,,0.00,,0,0,0.0
24,0,4,0,0.0,0.00,0.00,0,0,0.3
25,1,10,2,20.0,0.27,0.10,0,0,1.1
26,1,5,1,20.0,0.09,0.20,0,0,0.7
27,16,73,25,34.2,1.55,0.19,2,3,13.8
28,0,7,3,42.9,0.25,0.00,0,0,0.1
29,0,0,0,,0.00,,0,0,0.0
30,1,10,4,40.0,0.57,0.10,0,0,0.8
31,0,10,1,10.0,0.04,0.00,0,0,0.8
32,0,12,2,16.7,0.09,0.00,0,0,0.4
33,0,2,0,0.0,0.00,0.00,0,0,0.0
34,0,4,0,0.0,0.00,0.00,0,0,0.2
35,0,3,0,0.0,0.00,0.00,0,0,0.1
36,8,44,18,40.9,0.79,0.16,1,1,6.1
37,0,10,2,20.0,0.08,0.00,0,0,0.8
38,0,3,0,0.0,0.00,0.00,0,0,0.2
39,2,24,7,29.2,0.25,0.08,0,0,2.5
40,2,9,4,44.4,0.66,0.22,0,0,1.0
41,0,2,0,0.0,0.00,0.00,0,0,0.1
42,1,18,7,38.9,0.25,0.06,0,0,0.7
43,0,10,4,40.0,0.26,0.00,0,0,0.6
44,7,47,18,38.3,1.38,0.13,1,1,7.1
45,2,7,3,42.9,0.12,0.29,0,0,1.1
46,6,99,27,27.3,0.78,0.05,1,1,7.1
47,1,14,4,28.6,0.11,0.07,0,0,1.4
48,0,10,2,20.0,0.21,0.00,0,0,0.6
49,4,25,8,32.0,0.78,0.16,0,0,3.2
50,5,15,7,46.7,1.19,0.33,0,0,3.8
51,3,19,8,42.1,0.41,0.16,0,0,2.5
52,2,33,8,24.2,0.37,0.06,0,0,1.7
53,2,16,5,31.3,0.15,0.13,0,0,1.1
54,1,2,1,50.0,0.05,0.50,0,0,0.1
55,0,0,0,,0.00,,0,0,0.0
56,0,1,1,100.0,0.52,0.00,0,0,0.0
57,1,12,4,33.3,0.49,0.08,0,0,1.1
58,0,0,0,,0.00,,0,0,0.0
59,4,44,13,29.5,0.37,0.09,0,0,2.9
60,0,0,0,,0.00,,0,0,0.0
61,6,58,21,36.2,1.21,0.10,0,0,5.3
62,0,0,0,,0.00,,0,0,0.0
63,2,12,7,58.3,0.49,0.17,0,0,0.7
64,8,39,18,46.2,0.88,0.18,1,1,6.9
65,4,55,17,30.9,0.51,0.07,0,0,6.4
66,4,30,8,26.7,0.50,0.13,0,0,2.0
67,0,8,0,0.0,0.00,0.00,0,0,0.2
68,0,0,0,,0.00,,0,0,0.0
69,0,4,0,0.0,0.00,0.00,0,0,0.2
70,0,12,2,16.7,0.06,0.00,0,0,1.2
71,0,23,1,4.3,0.03,0.00,0,0,1.0
72,0,13,3,23.1,0.23,0.00,0,0,1.2
73,0,6,1,16.7,0.12,0.00,0,0,1.0
74,0,4,0,0.0,0.00,0.00,0,0,0.4
75,1,11,2,18.2,0.11,0.09,0,0,0.3
76,0,0,0,,0.00,,0,0,0.0
77,1,15,4,26.7,0.17,0.07,0,0,0.6
78,0,23,4,17.4,0.66,0.00,0,0,1.4
79,0,8,3,37.5,0.17,0.00,0,0,0.7
80,1,43,18,41.9,0.87,0.02,0,0,2.5
81,0,1,0,0.0,0.00,0.00,0,0,0.2
82,0,16,5,31.3,0.90,0.00,0,0,0.9
83,1,17,6,35.3,0.18,0.00,1,1,1.9
84,1,10,1,10.0,0.06,0.10,0,0,0.9
85,0,1,0,0.0,0.00,0.00,0,0,0.1
86,1,23,8,34.8,0.48,0.04,0,0,2.5
87,12,61,35,57.4,1.17,0.18,1,2,12.3
88,1,1,1,100.0,1.23,1.00,0,0,0.1
89,2,16,3,18.8,0.13,0.13,0,0,1.0
90,0,0,0,,0.00,,0,0,0.0
91,1,50,7,14.0,0.24,0.02,0,0,1.9
92,0,4,0,0.0,0.00,0.00,0,0,0.1
93,1,13,4,30.8,0.46,0.08,0,1,2.4
94,0,0,0,,0.00,,0,0,0.0
95,1,24,7,29.2,0.27,0.04,0,0,0.6
96,1,5,2,40.0,0.16,0.20,0,0,0.7
97,0,5,0,0.0,0.00,0.00,0,0,0.3
98,0,1,0,0.0,0.00,0.00,0,0,0.0
99,0,14,4,28.6,0.34,0.00,0,0,0.8
100,4,28,8,28.6,0.41,0.14,0,0,1.4
101,0,1,1,100.0,7.50,0.00,0,0,0.1
102,10,67,30,44.8,1.53,0.13,1,1,11.6
103,0,1,0,0.0,0.00,0.00,0,0,0.1
104,0,3,0,0.0,0.00,0.00,0,0,0.2
105,0,0,0,,0.00,,0,0,0.0
106,1,47,10,21.3,0.36,0.02,0,0,4.6
107,0,1,0,0.0,0.00,0.00,0,0,0.0
108,3,45,17,37.8,0.78,0.07,0,0,3.7
109,0,0,0,,0.00,,0,0,0.0
110,0,1,0,0.0,0.00,0.00,0,0,0.0
111,1,46,7,15.2,0.21,0.02,0,0,1.9
112,0,1,0,0.0,0.00,0.00,0,0,0.0
113,1,15,2,13.3,0.08,0.07,0,0,1.4
114,2,24,11,45.8,1.20,0.08,0,0,1.3
115,1,12,3,25.0,0.09,0.08,0,0,0.8
116,0,1,0,0.0,0.00,0.00,0,0,0.2
117,1,14,2,14.3,0.09,0.07,0,0,0.7
118,0,0,0,,0.00,,0,0,0.0
119,0,0,0,,0.00,,0,0,0.0
120,0,6,2,33.3,0.17,0.00,0,0,0.5
121,0,0,0,,0.00,,0,0,0.0
122,5,46,19,41.3,1.00,0.11,0,0,2.8
123,2,21,6,28.6,0.68,0.10,0,0,1.2
124,0,11,5,45.5,1.34,0.00,0,0,0.5
125,4,63,17,27.0,0.54,0.06,0,0,2.4
126,0,0,0,,0.00,,0,0,0.0
127,0,3,0,0.0,0.00,0.00,0,0,0.1
128,0,2,0,0.0,0.00,0.00,0,0,0.0
129,0,0,0,,0.00,,0,0,0.0
130,3,9,5,55.6,1.34,0.33,0,0,1.7
131,1,1,1,100.0,1.18,1.00,0,0,0.0
132,14,78,31,39.7,0.86,0.12,5,7,13.9
133,2,11,6,54.5,1.02,0.18,0,0,1.7
134,0,1,0,0.0,0.00,0.00,0,0,0.0
135,0,5,1,20.0,0.12,0.00,0,0,0.2
136,1,19,9,47.4,0.81,0.05,0,0,1.5
137,22,90,40,44.4,1.15,0.22,2,2,15.6
138,0,0,0,,0.00,,0,0,0.0
139,0,0,0,,0.00,,0,0,0.0
140,0,7,3,42.9,1.02,0.00,0,0,0.5
141,0,5,0,0.0,0.00,0.00,0,0,0.2
142,1,13,4,30.8,0.13,0.08,0,0,0.5
143,2,27,9,33.3,0.66,0.07,0,0,2.0
144,9,68,27,39.7,1.53,0.13,0,0,7.1
145,1,5,2,40.0,0.98,0.20,0,0,0.5
146,0,10,0,0.0,0.00,0.00,0,0,0.7
147,1,13,3,23.1,0.56,0.08,0,0,1.9
148,0,27,7,25.9,0.46,0.00,0,0,3.1
149,9,56,24,42.9,0.69,0.16,0,0,6.2
150,2,28,4,14.3,0.13,0.07,0,0,2.5
151,2,19,3,15.8,0.20,0.11,0,0,1.9
152,2,29,6,20.7,0.17,0.07,0,0,2.6
153,0,2,0,0.0,0.00,0.00,0,0,0.1
154,0,15,2,13.3,0.06,0.00,0,0,0.9
155,3,47,16,34.0,1.01,0.06,0,2,6.1
156,2,17,6,35.3,0.78,0.12,0,0,3.1
157,1,16,2,12.5,0.11,0.06,0,0,1.3
158,0,0,0,,0.00,,0,0,0.0
159,0,1,0,0.0,0.00,0.00,0,0,0.0
160,0,0,0,,0.00,,0,0,0.0
161,4,20,9,45.0,0.89,0.15,1,1,3.0
162,1,16,2,12.5,0.09,0.06,0,0,0.5
163,5,31,11,35.5,0.91,0.16,0,0,4.2
164,0,0,0,,0.00,,0,0,0.0
165,1,3,1,33.3,0.07,0.33,0,0,0.5
166,0,1,0,0.0,0.00,0.00,0,0,0.0
167,0,0,0,,0.00,,0,0,0.0
168,1,24,8,33.3,0.42,0.04,0,0,1.8
169,0,12,5,41.7,0.83,0.00,0,0,0.4
170,0,0,0,,0.00,,0,0,0.0
171,1,22,6,27.3,0.23,0.05,0,0,1.1
172,1,10,4,40.0,0.31,0.10,0,0,1.8
173,4,28,13,46.4,1.36,0.14,0,0,4.2
174,2,13,5,38.5,0.13,0.15,0,0,0.9
175,2,34,13,38.2,1.07,0.06,0,0,3.5
176,0,3,0,0.0,0.00,0.00,0,0,0.1
177,0,0,0,,0.00,,0,0,0.0
178,0,0,0,,0.00,,0,0,0.0
179,0,5,2,40.0,0.11,0.00,0,0,0.6
180,0,7,3,42.9,0.67,0.00,0,0,0.2
181,5,71,24,33.8,1.54,0.07,0,0,7.2
182,0,1,0,0.0,0.00,0.00,0,0,0.0
183,1,44,23,52.3,1.07,0.00,1,3,5.1
184,3,38,8,21.1,0.29,0.03,2,2,3.0
185,4,17,7,41.2,0.29,0.24,0,0,3.3
186,0,4,2,50.0,0.93,0.00,0,0,0.1
187,2,34,13,38.2,0.85,0.06,0,0,3.2
188,0,1,1,100.0,0.20,0.00,0,0,0.0
189,0,5,1,20.0,0.08,0.00,0,0,0.4
190,0,0,0,,0.00,,0,0,0.0
191,7,56,18,32.1,0.77,0.13,0,0,4.5
192,0,12,5,41.7,0.24,0.00,0,0,0.2
193,1,24,5,20.8,0.22,0.04,0,0,1.7
194,0,5,0,0.0,0.00,0.00,0,0,0.2
195,1,16,3,18.8,0.16,0.06,0,0,1.2
196,0,6,3,50.0,0.86,0.00,0,0,0.5
197,1,40,12,30.0,0.98,0.03,0,0,2.1
198,0,0,0,,0.00,,0,0,0.0
199,6,39,11,28.2,0.73,0.13,1,1,5.6
200,6,61,27,44.3,1.17,0.10,0,0,8.4
201,0,2,0,0.0,0.00,0.00,0,0,0.1
202,0,6,3,50.0,0.25,0.00,0,0,0.2
203,0,7,1,14.3,0.10,0.00,0,0,0.4
204,0,15,5,33.3,1.02,0.00,0,0,0.8
205,0,1,1,100.0,1.00,0.00,0,0,0.0
206,9,66,21,31.8,1.40,0.12,1,1,5.9
207,0,10,4,40.0,1.89,0.00,0,1,1.8
208,0,7,3,42.9,0.79,0.00,0,0,0.4
209,3,21,5,23.8,0.18,0.14,0,0,1.6
210,0,7,3,42.9,0.21,0.00,0,0,0.7
211,0,6,0,0.0,0.00,0.00,0,0,0.5
212,1,17,4,23.5,0.36,0.06,0,0,0.9
213,0,1,0,0.0,0.00,0.00,0,0,0.0
214,0,6,2,33.3,0.51,0.00,0,0,0.2
215,0,16,5,31.3,0.43,0.00,0,0,1.2
216,0,0,0,,0.00,,0,0,0.0
217,2,8,4,50.0,0.19,0.25,0,0,1.2
218,1,7,2,28.6,0.24,0.14,0,0,0.8
219,0,0,0,,0.00,,0,0,0.0
220,1,15,2,13.3,0.75,0.07,0,0,2.2
221,3,20,6,30.0,0.39,0.15,0,1,1.7
222,0,0,0,,0.00,,0,0,0.0
223,2,17,5,29.4,0.25,0.12,0,0,1.8
224,7,56,23,41.1,1.39,0.13,0,0,7.9
225,1,4,3,75.0,0.71,0.25,0,0,0.4
226,6,35,16,45.7,0.69,0.17,0,0,4.3
227,1,8,2,25.0,0.08,0.13,0,0,0.5
228,0,7,4,57.1,0.67,0.00,0,0,0.2
229,0,5,1,20.0,0.27,0.00,0,0,0.2
230,1,7,1,14.3,0.03,0.14,0,0,0.9
231,0,0,0,,0.00,,0,0,0.0
232,0,5,1,20.0,0.08,0.00,0,0,0.2
233,0,6,3,50.0,2.48,0.00,0,0,1.4
234,0,3,0,0.0,0.00,0.00,0,0,0.1
235,0,10,2,20.0,0.67,0.00,0,0,1.1
236,0,7,3,42.9,0.15,0.00,0,0,0.6
237,0,0,0,,0.00,,0,0,0.0
238,0,2,0,0.0,0.00,0.00,0,0,0.1
239,4,55,25,45.5,1.58,0.07,0,0,5.9
240,0,18,5,27.8,0.30,0.00,0,0,0.9
241,1,7,2,28.6,0.16,0.14,0,0,0.5
242,16,95,33,34.7,0.99,0.09,7,8,16.8
243,1,14,4,28.6,0.20,0.07,0,0,1.3
244,0,0,0,,0.00,,0,0,0.0
245,0,2,0,0.0,0.00,0.00,0,0,0.0
246,18,63,34,54.0,1.41,0.24,3,3,13.1
247,1,21,4,19.0,0.37,0.05,0,0,1.0
248,0,5,3,60.0,0.77,0.00,0,0,0.3
249,2,15,2,13.3,0.13,0.13,0,0,0.7
250,2,18,4,22.2,0.13,0.11,0,0,1.3
251,11,60,27,45.0,1.16,0.18,0,1,9.8
252,0,21,6,28.6,0.60,0.00,0,0,1.1
253,0,0,0,,0.00,,0,0,0.0
254,1,11,2,18.2,0.09,0.09,0,0,0.8
255,0,1,0,0.0,0.00,0.00,0,0,0.6
256,1,15,1,6.7,0.04,0.07,0,0,0.9
257,0,0,0,,0.00,,0,0,0.0
258,0,0,0,,0.00,,0,0,0.0
259,0,0,0,,0.00,,0,0,0.0
260,0,3,0,0.0,0.00,0.00,0,0,0.3
261,2,23,10,43.5,1.18,0.09,0,0,2.1
262,5,20,7,35.0,0.44,0.15,2,2,3.5
263,0,4,0,0.0,0.00,0.00,0,0,0.1
264,0,16,3,18.8,0.12,0.00,0,0,0.7
265,2,42,19,45.2,1.36,0.05,0,0,5.0
266,0,0,0,,0.00,,0,0,0.0
267,21,118,54,45.8,1.55,0.14,5,5,17.5
268,0,4,0,0.0,0.00,0.00,0,0,0.1
269,14,116,45,38.8,1.62,0.10,2,3,10.0
270,2,35,9,25.7,0.28,0.06,0,0,1.4
271,6,40,13,32.5,0.64,0.15,0,0,4.3
272,0,17,1,5.9,0.04,0.00,0,0,0.4
273,1,11,2,18.2,0.29,0.09,0,0,1.1
274,0,1,0,0.0,0.00,0.00,0,0,0.2
275,1,5,2,40.0,0.19,0.20,0,0,0.4
276,3,9,4,44.4,0.51,0.33,0,0,1.2
277,1,7,1,14.3,0.22,0.14,0,0,1.3
278,0,0,0,,0.00,,0,0,0.0
279,0,0,0,,0.00,,0,0,0.0
280,0,12,3,25.0,0.29,0.00,0,0,0.8
281,0,0,0,,0.00,,0,0,0.0
282,3,12,4,33.3,0.28,0.25,0,0,1.1
283,1,51,9,17.6,0.52,0.02,0,0,4.7
284,0,7,2,28.6,0.27,0.00,0,0,0.2
285,0,0,0,,0.00,,0,0,0.0
286,0,6,1,16.7,0.06,0.00,0,0,0.5
287,0,0,0,,0.00,,0,0,0.0
288,0,4,2,50.0,0.34,0.00,0,0,0.1
289,1,19,4,21.1,0.13,0.05,0,0,1.7
290,0,4,2,50.0,0.72,0.00,0,0,0.1
291,0,0,0,,0.00,,0,0,0.0
292,2,8,2,25.0,0.15,0.25,0,0,0.6
293,3,8,5,62.5,0.25,0.38,0,0,1.6
294,0,6,1,16.7,0.13,0.00,0,0,0.2
295,3,9,4,44.4,0.79,0.11,2,2,3.6
296,1,34,8,23.5,0.28,0.03,0,0,2.4
297,2,10,6,60.0,0.34,0.20,0,0,0.9
298,0,6,2,33.3,0.09,0.00,0,0,0.3
299,0,3,0,0.0,0.00,0.00,0,0,0.1
300,1,26,9,34.6,0.38,0.04,0,0,2.4
301,1,16,6,37.5,0.43,0.06,0,0,0.4
302,0,1,0,0.0,0.00,0.00,0,0,0.0
303,4,42,11,26.2,0.52,0.10,0,0,3.4
304,0,9,3,33.3,0.34,0.00,0,0,0.7
305,0,0,0,,0.00,,0,0,0.0
306,5,46,20,43.5,0.98,0.11,0,0,2.6
307,2,13,4,30.8,0.22,0.08,1,1,2.5
308,0,0,0,,0.00,,0,0,0.0
309,0,2,0,0.0,0.00,0.00,0,0,0.2
310,0,6,2,33.3,0.10,0.00,0,0,0.4
311,1,18,4,22.2,0.60,0.06,0,0,1.7
312,0,2,0,0.0,0.00,0.00,0,0,0.0
313,2,20,5,25.0,0.69,0.10,0,0,1.0
314,0,0,0,,0.00,,0,0,0.0
315,1,4,2,50.0,2.05,0.25,0,0,0.3
316,0,9,4,44.4,0.18,0.00,0,0,0.7
317,4,37,12,32.4,0.48,0.11,0,0,2.9
318,0,1,0,0.0,0.00,0.00,0,0,0.1
319,11,57,20,35.1,0.72,0.19,0,0,4.8
320,0,0,0,,0.00,,0,0,0.0
321,1,18,2,11.1,0.16,0.06,0,0,0.8
322,0,4,3,75.0,0.14,0.00,0,0,0.3
323,3,44,14,31.8,0.94,0.07,0,0,3.7
324,6,42,16,38.1,1.94,0.14,0,0,4.1
325,0,0,0,,0.00,,0,0,0.0
326,1,3,1,33.3,0.36,0.33,0,0,0.2
327,1,5,1,20.0,0.08,0.20,0,0,1.1
328,0,0,0,,0.00,,0,0,0.0
329,3,23,8,34.8,0.23,0.13,0,0,3.1
330,3,38,14,36.8,1.56,0.05,1,1,2.9
331,0,2,0,0.0,0.00,0.00,0,0,0.1
332,0,0,0,,0.00,,0,0,0.0
333,0,0,0,,0.00,,0,0,0.0
334,6,18,7,38.9,0.26,0.33,0,0,2.7
335,0,6,1,16.7,0.30,0.00,0,0,0.2
336,0,5,0,0.0,0.00,0.00,0,0,0.2
337,10,76,34,44.7,1.50,0.09,3,3,9.2
338,1,4,4,100.0,0.73,0.25,0,0,1.1
339,1,24,5,20.8,0.28,0.00,1,1,1.8
340,0,21,7,33.3,0.82,0.00,0,0,1.0
341,0,6,0,0.0,0.00,0.00,0,0,0.4
342,2,24,9,37.5,0.99,0.08,0,0,2.2
343,0,0,0,,0.00,,0,0,0.0
344,1,10,5,50.0,0.49,0.10,0,0,0.3
345,2,40,10,25.0,0.47,0.05,0,0,2.4
346,0,0,0,,0.00,,0,0,0.0
347,1,24,7,29.2,0.69,0.04,0,0,1.8
348,4,18,4,22.2,0.15,0.22,0,0,1.5
349,2,5,2,40.0,0.09,0.40,0,0,1.3
350,0,4,2,50.0,0.77,0.00,0,0,0.1
351,0,5,0,0.0,0.00,0.00,0,0,0.4
352,0,5,4,80.0,0.51,0.00,0,0,0.5
353,1,12,1,8.3,0.20,0.08,0,0,1.1
354,1,13,8,61.5,1.77,0.08,0,0,2.8
355,6,40,16,40.0,0.74,0.15,0,1,6.6
356,0,0,0,,0.00,,0,0,0.0
357,0,9,2,22.2,0.44,0.00,0,0,0.9
358,3,33,15,45.5,0.61,0.09,0,0,4.0
359,0,0,0,,0.00,,0,0,0.0
360,0,21,7,33.3,0.28,0.00,0,0,1.8
361,13,35,20,57.1,1.69,0.37,0,0,8.1
362,0,0,0,,0.00,,0,0,0.0
363,3,42,15,35.7,0.81,0.07,0,0,3.4
364,3,11,6,54.5,0.24,0.27,0,0,1.3
365,0,0,0,,0.00,,0,0,0.0
366,1,17,3,17.6,0.16,0.06,0,0,1.4
367,7,27,10,37.0,0.59,0.22,1,1,5.7
368,0,7,0,0.0,0.00,0.00,0,0,0.5
369,0,0,0,,0.00,,0,0,0.0
370,0,2,1,50.0,0.11,0.00,0,0,0.0
371,1,6,2,33.3,0.36,0.17,0,0,0.8
372,0,12,4,33.3,0.16,0.00,0,0,1.4
373,2,22,7,31.8,0.37,0.05,1,1,1.6
374,0,5,0,0.0,0.00,0.00,0,0,0.5
375,3,56,16,28.6,0.53,0.05,0,0,3.3
376,0,10,1,10.0,0.06,0.00,0,0,0.2
377,0,9,2,22.2,0.22,0.00,0,0,1.3
378,0,7,0,0.0,0.00,0.00,0,0,0.4
379,0,4,1,25.0,0.23,0.00,0,0,0.3
380,0,0,0,,0.00,,0,0,0.0
381,1,14,4,28.6,0.65,0.07,0,0,0.9
382,0,0,0,,0.00,,0,0,0.0
383,0,0,0,,0.00,,0,0,0.0
384,13,54,20,37.0,0.65,0.20,2,2,10.3
385,1,40,11,27.5,0.40,0.03,0,0,2.3
386,0,0,0,,0.00,,0,0,0.0
387,7,40,15,37.5,0.58,0.18,0,0,2.7
388,1,2,1,50.0,0.08,0.50,0,0,0.7
389,0,35,8,22.9,0.58,0.00,0,0,4.6
390,0,0,0,,0.00,,0,0,0.0
391,1,7,2,28.6,0.71,0.14,0,0,0.8
392,1,20,9,45.0,0.57,0.05,0,0,3.2
393,0,0,0,,0.00,,0,0,0.0
394,0,13,0,0.0,0.00,0.00,0,0,1.3
395,1,7,1,14.3,0.06,0.14,0,0,0.2
396,2,10,4,40.0,0.14,0.20,0,0,1.2
397,0,7,3,42.9,0.10,0.00,0,0,0.4
398,0,0,0,,0.00,,0,0,0.0
399,0,0,0,,0.00,,0,0,0.0
400,0,16,2,12.5,0.14,0.00,0,0,1.1
401,0,1,0,0.0,0.00,0.00,0,0,0.1
402,0,4,0,0.0,0.00,0.00,0,0,0.2
403,0,0,0,,0.00,,0,0,0.0
404,0,11,3,27.3,0.31,0.00,0,0,0.6
405,0,0,0,,0.00,,0,0,0.0
406,0,1,1,100.0,2.43,0.00,0,0,0.0
407,2,9,3,33.3,0.18,0.22,0,0,0.9
408,0,1,0,0.0,0.00,0.00,0,0,0.0
409,0,4,0,0.0,0.00,0.00,0,0,0.3
410,1,12,3,25.0,0.11,0.08,0,0,2.0
411,1,4,3,75.0,0.39,0.25,0,0,0.2
412,2,30,12,40.0,1.35,0.07,0,0,2.5
413,1,38,14,36.8,1.36,0.00,1,1,2.8
414,0,1,0,0.0,0.00,0.00,0,0,0.1
415,0,20,5,25.0,0.21,0.00,0,0,1.2
416,9,30,14,46.7,0.90,0.30,0,1,6.0
417,1,6,1,16.7,0.05,0.17,0,0,0.8
418,1,13,2,15.4,0.11,0.08,0,0,0.6
419,0,0,0,,0.00,,0,0,0.0
420,0,4,0,0.0,0.00,0.00,0,0,0.3
421,3,23,5,21.7,0.22,0.13,0,0,0.7
422,0,0,0,,0.00,,0,0,0.0
423,1,15,4,26.7,0.19,0.07,0,0,1.3
424,9,102,32,31.4,1.07,0.08,1,1,8.1
425,2,43,11,25.6,0.43,0.02,1,1,3.3
426,4,42,15,35.7,0.62,0.10,0,0,5.1
427,1,46,14,30.4,0.70,0.02,0,0,3.7
428,13,83,37,44.6,1.27,0.16,0,0,13.9
429,0,7,2,28.6,0.20,0.00,0,0,0.3
430,0,3,2,66.7,1.10,0.00,0,0,0.4
431,0,0,0,,0.00,,0,0,0.0
432,0,8,2,25.0,0.14,0.00,0,0,0.3
433,1,16,4,25.0,0.17,0.06,0,0,1.0
434,0,0,0,,0.00,,0,0,0.0
435,2,44,8,18.2,0.23,0.05,0,0,2.6
436,0,4,0,0.0,0.00,0.00,0,0,0.1
437,0,18,7,38.9,0.72,0.00,0,0,1.4
438,2,16,4,25.0,0.38,0.13,0,0,0.9
439,0,7,2,28.6,0.63,0.00,0,0,1.3
440,6,47,14,29.8,0.40,0.06,3,4,7.0
441,0,15,4,26.7,0.30,0.00,0,0,0.5
442,5,43,14,32.6,0.63,0.12,0,0,2.4
443,0,0,0,,0.00,,0,0,0.0
444,6,42,16,38.1,0.58,0.14,0,0,5.8
445,3,17,7,41.2,0.22,0.18,0,0,1.1
446,1,35,11,31.4,0.57,0.03,0,0,2.0
447,0,19,1,5.3,0.03,0.00,0,0,0.8
448,3,24,8,33.3,1.08,0.13,0,0,1.9
449,2,15,6,40.0,0.92,0.07,1,1,2.5
450,21,72,33,45.8,1.01,0.26,2,2,15.6
451,0,4,2,50.0,0.32,0.00,0,0,0.2
452,0,1,0,0.0,0.00,0.00,0,0,0.0
453,6,50,14,28.0,0.87,0.12,0,0,6.3
454,1,13,4,30.8,0.51,0.08,0,0,1.9
455,2,20,2,10.0,0.06,0.10,0,0,2.0
456,0,5,0,0.0,0.00,0.00,0,0,0.2
457,1,17,6,35.3,0.86,0.06,0,0,1.7
458,0,4,0,0.0,0.00,0.00,0,0,0.2
459,1,35,12,34.3,0.89,0.03,0,0,4.9
460,0,15,3,20.0,0.43,0.00,0,0,0.9
461,1,20,9,45.0,0.30,0.05,0,0,2.7
462,0,0,0,,0.00,,0,0,0.0
463,0,6,2,33.3,0.20,0.00,0,0,0.5
464,4,44,12,27.3,0.35,0.09,0,0,3.6
465,0,3,0,0.0,0.00,0.00,0,0,0.1
466,2,14,8,57.1,0.49,0.14,0,0,1.3
467,1,17,4,23.5,0.20,0.06,0,0,1.6
468,0,0,0,,0.00,,0,0,0.0
469,1,3,1,33.3,0.05,0.33,0,0,0.5
470,2,31,8,25.8,0.60,0.06,0,0,3.2
471,2,17,5,29.4,0.16,0.12,0,0,1.3
472,0,10,2,20.0,0.42,0.00,0,0,0.6
473,2,14,3,21.4,0.45,0.14,0,0,0.8
474,3,48,11,22.9,0.37,0.06,0,0,3.0
475,1,9,1,11.1,0.15,0.11,0,0,0.5
476,0,2,1,50.0,0.04,0.00,0,0,0.3
477,4,28,10,35.7,1.49,0.11,1,1,7.6
478,11,39,14,35.9,0.51,0.08,8,8,8.4
479,0,13,3,23.1,0.16,0.00,0,0,0.5
480,0,4,0,0.0,0.00,0.00,0,0,0.2
481,0,0,0,,0.00,,0,0,0.0
482,0,5,1,20.0,0.04,0.00,0,0,0.3
483,0,9,3,33.3,0.11,0.00,0,0,0.4
484,2,5,2,40.0,0.14,0.40,0,0,0.4
485,1,10,4,40.0,0.86,0.10,0,0,1.2
486,1,7,3,42.9,1.11,0.14,0,0,0.6
487,1,1,1,100.0,0.16,1.00,0,0,0.1
488,0,0,0,,0.00,,0,0,0.0
489,0,7,0,0.0,0.00,0.00,0,0,0.2
490,0,1,0,0.0,0.00,0.00,0,0,0.1
491,0,9,0,0.0,0.00,0.00,0,0,0.5
492,1,12,2,16.7,0.16,0.08,0,0,0.8
493,3,13,3,23.1,0.12,0.23,0,0,2.0
494,5,19,8,42.1,0.59,0.26,0,0,1.8
495,2,15,6,40.0,0.80,0.13,0,0,1.9
496,4,48,14,29.2,0.61,0.08,0,2,6.6
497,0,3,0,0.0,0.00,0.00,0,0,0.1
498,6,23,9,39.1,0.62,0.22,1,2,4.5
499,1,19,3,15.8,0.13,0.05,0,0,0.7
500,0,5,0,0.0,0.00,0.00,0,0,0.6
501,0,8,2,25.0,0.09,0.00,0,0,0.4
502,0,2,0,0.0,0.00,0.00,0,0,0.1
503,0,3,0,0.0,0.00,0.00,0,0,0.1
504,0,3,2,66.7,1.26,0.00,0,0,0.1
505,1,21,7,33.3,0.68,0.05,0,0,2.9
506,1,1,1,100.0,0.45,1.00,0,0,0.2
507,11,109,40,36.7,1.37,0.09,1,2,11.3
508,3,15,6,40.0,0.23,0.20,0,0,0.9
509,0,2,0,0.0,0.00,0.00,0,0,0.2
510,0,1,0,0.0,0.00,0.00,0,0,0.1
511,0,11,2,18.2,0.14,0.00,0,0,0.3
512,1,7,2,28.6,0.20,0.14,0,0,0.5
513,4,38,17,44.7,1.02,0.11,0,0,3.8
514,0,7,2,28.6,0.10,0.00,0,0,0.7
515,3,50,11,22.0,0.49,0.06,0,0,3.5
516,0,0,0,,0.00,,0,0,0.0
517,0,0,0,,0.00,,0,0,0.0
518,0,7,1,14.3,0.06,0.00,0,0,0.3
519,0,1,0,0.0,0.00,0.00,0,0,0.0
520,0,0,0,,0.00,,0,0,0.0
521,0,11,2,18.2,0.08,0.00,0,0,0.4
522,0,0,0,,0.00,,0,0,0.0
523,0,1,1,100.0,1.80,0.00,0,0,0.1
524,1,6,2,33.3,0.10,0.17,0,0,0.4
525,2,6,4,66.7,0.30,0.33,0,0,1.3
526,0,1,0,0.0,0.00,0.00,0,0,0.4
527,1,38,11,28.9,0.61,0.03,0,0,3.0
528,0,0,0,,0.00,,0,0,0.0
529,0,0,0,,0.00,,0,0,0.0
530,0,0,0,,0.00,,0,0,0.0
531,0,1,0,0.0,0.00,0.00,0,0,0.3
532,0,4,2,50.0,0.10,0.00,0,0,0.2
533,1,17,5,29.4,0.46,0.06,0,0,1.5
534,0,0,0,,0.00,,0,0,0.0
535,0,0,0,,0.00,,0,0,0.0
536,1,8,4,50.0,0.47,0.13,0,0,0.4
537,1,8,2,25.0,0.18,0.13,0,0,0.6
538,0,8,3,37.5,0.15,0.00,0,0,0.7
539,0,0,0,,0.00,,0,0,0.0
540,0,5,2,40.0,2.20,0.00,0,0,0.4
541,0,23,5,21.7,0.16,0.00,0,0,2.9
542,1,17,1,5.9,0.03,0.06,0,1,1.7
543,0,0,0,,0.00,,0,0,0.0
544,0,0,0,,0.00,,0,0,0.0
545,1,6,4,66.7,0.55,0.17,0,0,1.3
546,4,37,15,40.5,0.90,0.11,0,0,4.2
547,0,8,2,25.0,0.09,0.00,0,0,0.7
548,3,38,13,34.2,0.93,0.08,0,0,3.1
549,0,0,0,,0.00,,0,0,0.0
550,0,1,0,0.0,0.00,0.00,0,0,0.0
551,0,9,2,22.2,0.13,0.00,0,0,0.3
552,1,13,2,15.4,0.07,0.08,0,0,0.8
553,0,10,1,10.0,0.05,0.00,0,0,0.4
554,0,0,0,,0.00,,0,0,0.0
555,0,3,1,33.3,0.33,0.00,0,0,0.1
556,1,25,8,32.0,0.50,0.04,0,0,1.5
557,13,64,26,40.6,1.17,0.20,0,0,9.6
558,2,5,2,40.0,0.49,0.40,0,0,1.8
559,0,4,1,25.0,0.34,0.00,0,0,0.6
560,0,18,5,27.8,0.17,0.00,0,0,1.7
561,12,45,20,44.4,1.20,0.27,0,0,7.2
562,4,24,13,54.2,0.88,0.17,0,0,2.7
563,0,2,1,50.0,0.26,0.00,0,0,0.1
564,5,44,17,38.6,0.74,0.11,0,0,6.6
565,9,77,37,48.1,1.66,0.12,0,0,9.8
566,0,5,2,40.0,0.19,0.00,0,0,0.2
567,0,1,0,0.0,0.00,0.00,0,0,0.0
568,1,3,2,66.7,0.99,0.33,0,0,0.8
569,0,0,0,,0.00,,0,0,0.0
570,1,16,4,25.0,0.26,0.06,0,0,1.3
571,5,33,8,24.2,0.53,0.09,2,3,6.9
572,1,20,8,40.0,0.90,0.05,0,0,1.1
573,0,2,1,50.0,0.06,0.00,0,0,0.1
574,1,19,7,36.8,1.20,0.05,0,0,1.6
575,0,1,0,0.0,0.00,0.00,0,0,0.1
576,0,0,0,,0.00,,0,0,0.0
577,4,47,19,40.4,1.06,0.09,0,0,5.1
578,0,5,1,20.0,0.14,0.00,0,0,0.4
579,3,34,11,32.4,0.68,0.09,0,0,1.9
580,0,1,1,100.0,0.03,0.00,0,0,0.1
581,8,56,26,46.4,1.66,0.13,1,1,7.7
582,0,2,1,50.0,0.16,0.00,0,0,0.1
583,0,0,0,,0.00,,0,0,0.0
584,3,18,5,27.8,0.17,0.17,0,0,1.2
585,8,13,2,15.4,0.09,0.08,7,9,7.2
586,1,29,9,31.0,0.50,0.03,0,0,1.2
587,0,0,0,,0.00,,0,0,0.0
588,0,7,3,42.9,0.31,0.00,0,0,0.2
589,2,20,5,25.0,0.17,0.10,0,0,1.4
590,5,45,14,31.1,0.85,0.11,0,0,4.3
591,1,31,6,19.4,0.17,0.03,0,0,1.8
592,0,0,0,,0.00,,0,0,0.0
593,0,0,0,,0.00,,0,0,0.0
594,1,12,1,8.3,0.29,0.08,0,0,0.6
595,6,35,15,42.9,1.81,0.17,0,0,3.3
596,0,16,7,43.8,2.26,0.00,0,0,2.2
597,0,0,0,,0.00,,0,0,0.0
598,4,22,12,54.5,1.29,0.18,0,0,4.1
599,2,11,3,27.3,0.91,0.18,0,0,2.4
600,7,53,15,28.3,0.76,0.04,5,5,6.2
601,1,11,6,54.5,0.24,0.09,0,0,1.2
602,0,0,0,,0.00,,0,0,0.0
603,2,6,3,50.0,0.35,0.33,0,0,0.6
604,4,7,4,57.1,0.26,0.57,0,0,1.8
605,0,1,0,0.0,0.00,0.00,0,0,0.0
606,0,2,0,0.0,0.00,0.00,0,0,0.0
607,0,0,0,,0.00,,0,0,0.0
608,1,6,3,50.0,0.12,0.17,0,0,0.5
609,1,8,3,37.5,0.24,0.13,0,0,0.7
610,4,23,10,43.5,1.17,0.17,0,0,3.0
611,0,2,0,0.0,0.00,0.00,0,0,0.1
612,0,2,0,0.0,0.00,0.00,0,0,0.0
613,0,13,4,30.8,0.65,0.00,0,0,1.1
614,0,0,0,,0.00,,0,0,0.0
615,0,6,2,33.3,0.18,0.00,0,0,0.6
616,0,0,0,,0.00,,0,0,0.0
617,0,1,0,0.0,0.00,0.00,0,0,0.2
618,0,0,0,,0.00,,0,0,0.0
619,2,14,4,28.6,0.25,0.14,0,0,0.7
620,0,8,2,25.0,0.14,0.00,0,0,0.4
621,0,1,0,0.0,0.00,0.00,0,0,0.1
622,1,19,6,31.6,0.29,0.05,0,0,1.2
623,0,0,0,,0.00,,0,0,0.0
624,2,52,9,17.3,0.30,0.04,0,0,2.6
625,3,43,14,32.6,0.56,0.07,0,0,3.1
626,1,7,2,28.6,0.07,0.14,0,0,0.8
627,3,12,5,41.7,0.20,0.25,0,0,2.1
628,0,7,1,14.3,0.06,0.00,0,0,0.2
629,1,17,5,29.4,0.22,0.06,0,0,1.9
630,0,16,5,31.3,0.82,0.00,0,0,2.0
631,1,4,1,25.0,0.13,0.25,0,0,0.4
632,2,23,7,30.4,0.27,0.09,0,0,2.1
633,13,96,27,28.1,0.87,0.11,2,2,7.6
634,0,9,3,33.3,0.18,0.00,0,0,0.9
635,7,86,30,34.9,0.96,0.08,0,0,5.3
636,0,1,0,0.0,0.00,0.00,0,0,0.0
637,0,23,5,21.7,0.20,0.00,0,0,2.0
638,2,15,5,33.3,0.34,0.13,0,0,1.3
639,1,12,3,25.0,0.15,0.08,0,0,0.9
640,10,38,16,42.1,0.65,0.13,5,6,9.8
641,3,20,8,40.0,0.73,0.10,1,1,3.2
642,0,0,0,,0.00,,0,0,0.0
643,1,9,2,22.2,0.25,0.11,0,0,0.4
644,2,27,9,33.3,0.65,0.04,1,1,2.3
645,0,7,4,57.1,0.29,0.00,0,0,0.3
646,0,3,0,0.0,0.00,0.00,0,0,0.5
647,0,0,0,,0.00,,0,0,0.0
648,0,0,0,,0.00,,0,0,0.0
649,9,83,28,33.7,1.11,0.11,0,2,10.8
650,0,3,0,0.0,0.00,0.00,0,0,0.1
651,16,51,21,41.2,0.86,0.24,4,5,11.6
652,1,5,2,40.0,0.50,0.20,0,0,1.0
653,1,2,1,50.0,0.22,0.50,0,0,0.4
654,1,30,8,26.7,0.46,0.03,0,0,2.8
655,0,4,2,50.0,0.15,0.00,0,0,0.4
656,1,4,1,25.0,0.10,0.25,0,0,0.3
657,0,5,2,40.0,0.08,0.00,0,0,0.7
658,4,20,5,25.0,0.16,0.20,0,0,1.7
659,3,20,7,35.0,1.04,0.15,0,0,1.6
660,0,10,1,10.0,0.04,0.00,0,0,1.1
661,0,28,4,14.3,0.19,0.00,0,0,1.5
662,9,46,19,41.3,1.68,0.17,1,1,5.0
663,0,3,2,66.7,0.18,0.00,0,0,0.8
664,2,18,5,27.8,0.24,0.11,0,0,1.4
665,0,4,2,50.0,0.97,0.00,0,0,0.4
666,0,7,4,57.1,2.40,0.00,0,0,0.4
667,4,63,22,34.9,0.94,0.05,1,1,5.3
668,0,4,1,25.0,0.44,0.00,0,0,0.6
669,8,30,14,46.7,0.97,0.23,1,2,6.3
670,2,23,8,34.8,0.67,0.09,0,0,2.4
671,3,22,6,27.3,0.18,0.14,0,0,3.1
672,8,73,22,30.1,0.99,0.10,1,2,9.3
673,7,39,18,46.2,0.89,0.15,1,1,5.3
674,1,7,2,28.6,0.15,0.14,0,0,0.8
675,5,41,23,56.1,1.17,0.12,0,0,4.8
676,0,1,1,100.0,0.06,0.00,0,0,0.0
677,2,11,5,45.5,0.33,0.18,0,0,1.7
678,0,5,2,40.0,0.15,0.00,0,0,0.9
679,12,72,26,36.1,1.07,0.15,1,3,10.5
680,0,5,2,40.0,0.12,0.00,0,0,0.1
681,0,0,0,,0.00,,0,0,0.0
682,5,43,15,34.9,0.80,0.09,1,1,6.5
683,0,0,0,,0.00,,0,0,0.0
684,1,9,3,33.3,0.18,0.00,1,1,1.0
685,0,3,2,66.7,2.77,0.00,0,0,0.4
686,1,16,1,6.3,0.03,0.06,0,0,0.7
687,2,5,4,80.0,0.19,0.40,0,0,0.8
688,0,8,1,12.5,0.07,0.00,0,0,1.0
689,0,29,5,17.2,0.15,0.00,0,0,1.5
690,5,30,14,46.7,0.37,0.17,0,0,2.7
691,0,0,0,,0.00,,0,0,0.0
692,4,19,6,31.6,0.41,0.21,0,0,1.9
693,0,13,3,23.1,0.52,0.00,0,0,0.6
694,0,1,0,0.0,0.00,0.00,0,0,0.0
695,0,9,1,11.1,0.10,0.00,0,0,0.4
696,2,14,8,57.1,1.08,0.14,0,0,1.3
697,3,15,6,40.0,0.20,0.20,0,0,1.5
698,1,26,7,26.9,0.28,0.04,0,0,1.1
699,0,1,1,100.0,0.75,0.00,0,0,0.1
700,1,15,2,13.3,0.07,0.07,0,0,2.3
701,0,0,0,,0.00,,0,0,0.0
702,0,5,1,20.0,0.03,0.00,0,0,0.2
703,2,20,7,35.0,0.68,0.10,0,0,2.5
704,0,0,0,,0.00,,0,0,0.0
705,1,20,6,30.0,0.26,0.05,0,0,2.3
706,2,22,3,13.6,0.10,0.09,0,0,1.8
707,0,1,0,0.0,0.00,0.00,0,0,0.1
708,0,1,1,100.0,0.03,0.00,0,0,0.4
709,4,34,15,44.1,0.48,0.12,0,0,4.9
710,11,42,25,59.5,1.19,0.26,0,0,7.1
711,0,4,2,50.0,1.22,0.00,0,0,0.1
712,0,0,0,,0.00,,0,0,0.0
713,0,10,1,10.0,0.13,0.00,0,0,0.5
714,1,9,2,22.2,0.10,0.11,0,0,0.5
715,0,0,0,,0.00,,0,0,0.0
716,0,15,7,46.7,1.03,0.00,0,0,1.1
717,7,38,13,34.2,0.69,0.13,2,2,6.7
718,0,0,0,,0.00,,0,0,0.0
719,1,16,3,18.8,0.13,0.06,0,0,0.9
720,1,22,3,13.6,0.15,0.05,0,0,1.8
721,8,32,17,53.1,1.04,0.25,0,0,6.7
722,4,62,12,19.4,0.34,0.06,0,0,5.0
723,0,0,0,,0.00,,0,0,0.0
724,2,41,8,19.5,0.42,0.02,1,1,2.9
725,0,0,0,,0.00,,0,0,0.0
726,0,0,0,,0.00,,0,0,0.0
727,0,1,1,100.0,5.63,0.00,0,0,0.1
728,1,15,3,20.0,0.19,0.07,0,0,1.2
729,0,2,0,0.0,0.00,0.00,0,0,0.5
730,0,0,0,,0.00,,0,0,0.0
731,0,13,6,46.2,0.79,0.00,0,0,1.6
732,3,21,8,38.1,0.45,0.14,0,0,2.4
733,0,2,0,0.0,0.00,0.00,0,0,0.1
734,0,0,0,,0.00,,0,0,0.0
735,1,13,5,38.5,0.70,0.08,0,0,2.6
736,3,10,4,40.0,0.12,0.30,0,0,1.2
737,0,3,0,0.0,0.00,0.00,0,0,0.3
738,0,4,1,25.0,0.19,0.00,0,0,0.2
739,0,20,8,40.0,0.27,0.00,0,0,1.3
740,0,0,0,,0.00,,0,0,0.0
741,0,5,0,0.0,0.00,0.00,0,0,0.1
742,0,0,0,,0.00,,0,0,0.0
743,0,10,3,30.0,0.37,0.00,0,0,0.8
744,0,7,5,71.4,1.01,0.00,0,0,0.5
745,1,6,1,16.7,0.07,0.17,0,0,1.5
746,0,14,4,28.6,0.69,0.00,0,0,0.9
747,0,1,1,100.0,0.07,0.00,0,0,0.1
748,1,15,5,33.3,0.51,0.07,0,0,0.7
749,1,15,3,20.0,0.32,0.07,0,0,1.3
750,3,30,10,33.3,0.28,0.10,0,0,4.2
751,0,13,3,23.1,0.53,0.00,0,0,0.7
752,0,1,1,100.0,0.56,0.00,0,0,0.0
753,1,6,3,50.0,0.71,0.17,0,0,1.0
754,0,2,1,50.0,0.08,0.00,0,0,0.1
755,11,100,35,35.0,1.46,0.10,1,1,8.8
756,16,125,46,36.8,1.45,0.13,0,0,18.0
757,1,16,4,25.0,0.52,0.06,0,0,0.6
758,0,17,0,0.0,0.00,0.00,0,0,1.2
759,1,14,7,50.0,1.58,0.07,0,0,0.9
760,0,0,0,,0.00,,0,0,0.0
761,2,28,5,17.9,0.14,0.07,0,0,2.2
762,1,15,6,40.0,1.06,0.07,0,0,0.9
763,1,42,11,26.2,0.35,0.02,0,0,2.5
764,1,12,4,33.3,0.15,0.08,0,0,1.0
765,0,17,2,11.8,0.08,0.00,0,0,1.6
766,0,0,0,,0.00,,0,0,0.0
767,1,23,8,34.8,0.63,0.04,0,0,1.9
768,0,0,0,,0.00,,0,0,0.0
769,1,5,1,20.0,0.09,0.20,0,0,0.2
770,0,8,1,12.5,0.06,0.00,0,0,0.7
771,1,8,1,12.5,0.03,0.13,0,0,0.6
772,2,6,3,50.0,0.13,0.33,0,0,0.7
773,2,37,14,37.8,0.92,0.03,1,1,2.8
774,8,44,18,40.9,1.05,0.18,0,1,9.0
775,3,23,4,17.4,0.13,0.13,0,0,1.2
776,0,4,1,25.0,0.31,0.00,0,0,0.9
777,0,2,0,0.0,0.00,0.00,0,0,0.0
778,4,39,18,46.2,1.17,0.10,0,0,3.9
779,4,21,8,38.1,0.90,0.19,0,0,3.7
780,1,7,1,14.3,0.06,0.14,0,0,0.8
781,1,30,6,20.0,0.29,0.03,0,0,2.6
782,0,10,4,40.0,0.44,0.00,0,0,0.5
783,2,26,9,34.6,0.74,0.08,0,0,1.9
784,1,25,9,36.0,1.15,0.04,0,0,2.5
785,0,23,5,21.7,0.27,0.00,0,0,1.7
786,0,0,0,,0.00,,0,0,0.0
787,1,8,6,75.0,0.70,0.13,0,0,0.8
788,1,53,11,20.8,0.47,0.02,0,0,2.4
789,3,22,8,36.4,0.32,0.14,0,0,1.7
790,1,10,3,30.0,1.36,0.00,1,1,1.7
791,0,0,0,,0.00,,0,0,0.0
792,0,2,1,50.0,0.42,0.00,0,0,0.3
793,1,18,3,16.7,0.09,0.06,0,0,1.3
794,1,9,3,33.3,0.47,0.11,0,0,0.6
795,0,5,2,40.0,0.46,0.00,0,0,0.1
796,0,7,2,28.6,0.12,0.00,0,0,0.3
797,0,2,1,50.0,0.58,0.00,0,0,0.1
798,1,24,10,41.7,0.27,0.04,0,0,2.6
799,4,33,16,48.5,0.62,0.09,1,2,2.8
800,0,5,1,20.0,0.25,0.00,0,0,0.5
801,0,2,1,50.0,2.14,0.00,0,0,0.1
802,0,0,0,,0.00,,0,0,0.0
803,2,12,4,33.3,0.17,0.17,0,0,0.4
804,0,4,0,0.0,0.00,0.00,0,0,0.1
805,0,9,1,11.1,0.10,0.00,0,0,0.5
806,0,0,0,,0.00,,0,0,0.0
807,0,0,0,,0.00,,0,0,0.0
808,0,8,2,25.0,0.45,0.00,0,0,0.4
809,0,0,0,,0.00,,0,0,0.0
810,4,57,22,38.6,0.98,0.07,0,0,3.1
811,0,0,0,,0.00,,0,0,0.0
812,0,0,0,,0.00,,0,0,0.0
813,0,0,0,,0.00,,0,0,0.0
814,0,3,2,66.7,1.76,0.00,0,0,0.2
815,2,12,2,16.7,0.35,0.00,2,3,3.0
816,0,0,0,,0.00,,0,0,0.0
817,0,2,0,0.0,0.00,0.00,0,0,0.1
818,1,13,4,30.8,0.27,0.08,0,0,1.5
819,5,42,13,31.0,0.36,0.12,0,0,4.4
820,0,6,1,16.7,0.21,0.00,0,0,0.1
821,2,23,6,26.1,0.66,0.09,0,0,1.7
822,7,33,12,36.4,1.05,0.21,0,0,3.6
823,2,10,5,50.0,0.23,0.20,0,0,0.5
824,0,14,3,21.4,0.41,0.00,0,0,1.6
825,1,4,1,25.0,0.07,0.25,0,0,0.3
826,0,8,3,37.5,0.16,0.00,0,0,0.6
827,1,9,3,33.3,0.19,0.11,0,0,0.7
828,0,1,0,0.0,0.00,0.00,0,0,0.0
829,7,101,40,39.6,1.36,0.06,1,1,7.4
830,1,20,5,25.0,0.21,0.05,0,0,1.1
831,1,8,1,12.5,0.04,0.13,0,0,0.5
832,0,1,0,0.0,0.00,0.00,0,0,0.0
833,0,5,0,0.0,0.00,0.00,0,0,0.2
834,6,64,18,28.1,0.93,0.09,0,0,7.4
835,0,5,1,20.0,0.04,0.00,0,0,0.1
836,3,46,14,30.4,0.56,0.07,0,0,3.1
837,8,40,14,35.0,1.06,0.10,4,4,5.9
838,1,22,2,9.1,0.12,0.05,0,0,0.8
839,0,2,0,0.0,0.00,0.00,0,0,0.0
840,0,0,0,,0.00,,0,0,0.0
841,0,3,0,0.0,0.00,0.00,0,0,
842,0,0,0,,0.00,,0,0,0.0
843,0,0,0,,0.00,,0,0,0.0
844,10,45,18,40.0,0.74,0.20,1,1,8.7
845,2,16,6,37.5,0.21,0.13,0,0,1.7
846,1,7,3,42.9,0.48,0.14,0,0,1.0
847,2,10,4,40.0,0.22,0.20,0,0,0.7
848,0,17,2,11.8,0.08,0.00,0,0,1.1
849,2,14,6,42.9,0.20,0.14,0,0,2.1
850,1,18,6,33.3,0.45,0.06,0,0,1.5
851,0,4,1,25.0,0.09,0.00,0,0,0.3
852,1,7,6,85.7,0.94,0.14,0,0,1.2
853,0,11,4,36.4,0.31,0.00,0,0,0.5
854,0,10,0,0.0,0.00,0.00,0,0,0.6
855,3,18,7,38.9,0.65,0.11,1,1,4.3
856,9,100,37,37.0,1.11,0.09,0,0,13.4
857,1,4,1,25.0,0.09,0.25,0,0,0.6
858,5,32,12,37.5,0.43,0.16,0,0,3.4
859,0,0,0,,0.00,,0,0,0.0
860,1,17,5,29.4,0.48,0.06,0,0,1.1
861,0,14,2,14.3,0.18,0.00,0,0,0.6
862,0,8,1,12.5,0.12,0.00,0,0,0.3
863,5,34,14,41.2,1.40,0.15,0,0,4.4
864,0,10,0,0.0,0.00,0.00,0,0,0.4
865,3,46,13,28.3,0.52,0.07,0,0,2.7
866,1,6,1,16.7,0.07,0.17,0,0,0.7
867,1,15,4,26.7,0.36,0.07,0,0,0.8
868,0,7,2,28.6,0.30,0.00,0,0,0.3
869,0,8,1,12.5,0.04,0.00,0,0,0.5
870,0,14,3,21.4,0.20,0.00,0,0,1.2
871,1,18,6,33.3,0.24,0.06,0,0,1.9
872,2,37,12,32.4,0.50,0.05,0,0,2.8
873,5,24,8,33.3,0.63,0.13,2,2,4.3
874,2,22,9,40.9,1.24,0.09,0,0,1.6
875,0,1,1,100.0,0.03,0.00,0,0,0.1
876,0,2,0,0.0,0.00,0.00,0,0,0.2
877,0,1,0,0.0,0.00,0.00,0,0,0.1
878,0,0,0,,0.00,,0,0,0.0
879,1,5,2,40.0,0.16,0.20,0,0,0.2
880,0,0,0,,0.00,,0,0,0.0
881,0,1,0,0.0,0.00,0.00,0,0,0.0
882,0,1,0,0.0,0.00,0.00,0,0,0.3
883,0,3,0,0.0,0.00,0.00,0,0,0.2
884,0,3,0,0.0,0.00,0.00,0,0,0.2
885,1,27,12,44.4,0.52,0.04,0,0,3.2
886,0,40,10,25.0,0.42,0.00,0,0,1.9
887,0,3,0,0.0,0.00,0.00,0,0,0.2
888,0,0,0,,0.00,,0,0,0.0
889,0,3,0,0.0,0.00,0.00,0,0,0.1
890,2,19,7,36.8,0.27,0.11,0,0,1.9
891,1,12,3,25.0,0.12,0.08,0,0,1.2
892,2,28,5,17.9,0.16,0.07,0,0,1.7
893,0,0,0,,0.00,,0,0,0.0
894,0,1,0,0.0,0.00,0.00,0,0,0.1
895,0,5,1,20.0,0.12,0.00,0,0,0.2
896,1,34,16,47.1,0.91,0.03,0,0,3.0
897,4,18,9,50.0,2.01,0.22,0,0,2.7
898,0,3,0,0.0,0.00,0.00,0,0,0.1
899,0,0,0,,0.00,,0,0,0.0
900,0,4,2,50.0,0.26,0.00,0,0,0.1
901,11,87,35,40.2,1.55,0.11,1,1,8.0
902,0,0,0,,0.00,,0,0,0.0
903,0,4,1,25.0,0.14,0.00,0,0,0.3
904,0,25,7,28.0,0.60,0.00,0,0,2.1
905,1,2,2,100.0,3.46,0.50,0,0,0.4
906,4,34,17,50.0,0.85,0.12,0,0,4.7
907,3,31,8,25.8,0.28,0.10,0,0,2.6
908,0,0,0,,0.00,,0,0,0.0
909,0,13,2,15.4,0.38,0.00,0,0,0.4
910,3,21,7,33.3,0.72,0.14,0,0,2.4
911,0,3,1,33.3,0.55,0.00,0,0,0.2
912,6,19,10,52.6,0.57,0.32,0,1,5.4
913,0,15,2,13.3,0.10,0.00,0,0,1.0
914,1,11,3,27.3,0.16,0.09,0,0,1.2
915,3,17,6,35.3,0.44,0.18,0,0,2.9
916,0,7,3,42.9,0.19,0.00,0,0,0.5
917,0,14,0,0.0,0.00,0.00,0,0,0.5
918,0,19,5,26.3,0.16,0.00,0,0,1.2
919,0,2,1,50.0,0.11,0.00,0,0,0.6
920,0,4,1,25.0,0.24,0.00,0,0,0.2
921,0,20,7,35.0,0.32,0.00,0,0,2.0
922,0,8,3,37.5,0.27,0.00,0,0,0.2
923,0,0,0,,0.00,,0,0,0.0
924,15,75,27,36.0,0.85,0.11,7,7,10.8
925,8,52,19,36.5,0.78,0.13,1,1,6.5
926,1,2,1,50.0,0.17,0.50,0,0,0.2
927,1,2,1,50.0,1.02,0.50,0,0,0.1
928,0,0,0,,0.00,,0,0,0.0
929,0,1,1,100.0,0.78,0.00,0,0,0.3
930,0,14,1,7.1,0.05,0.00,0,0,0.9
931,0,1,0,0.0,0.00,0.00,0,0,0.0
932,4,23,10,43.5,1.06,0.17,0,0,4.6
933,0,0,0,,0.00,,0,0,0.0
934,0,0,0,,0.00,,0,0,0.0
935,1,2,1,50.0,0.40,0.50,0,0,0.2
936,0,0,0,,0.00,,0,0,0.0
937,2,11,3,27.3,0.11,0.18,0,0,1.3
938,0,14,1,7.1,0.08,0.00,0,0,1.2
939,0,3,0,0.0,0.00,0.00,0,0,0.3
940,3,36,12,33.3,0.44,0.08,0,0,2.6
941,2,11,4,36.4,0.43,0.18,0,0,1.7
942,2,21,4,19.0,0.27,0.10,0,0,1.6
943,7,56,22,39.3,0.87,0.13,0,1,8.9
944,4,50,19,38.0,0.83,0.06,1,1,5.8
945,1,11,2,18.2,0.22,0.09,0,0,0.6
946,0,2,0,0.0,0.00,0.00,0,0,0.1
947,0,21,5,23.8,0.26,0.00,0,0,1.0
948,0,1,0,0.0,0.00,0.00,0,0,0.1
949,1,6,3,50.0,1.17,0.17,0,0,0.9
950,0,4,2,50.0,0.48,0.00,0,0,0.2
951,0,2,0,0.0,0.00,0.00,0,0,0.1
952,1,14,3,21.4,0.13,0.07,0,0,0.6
953,0,2,1,50.0,0.03,0.00,0,0,0.2
954,0,2,0,0.0,0.00,0.00,0,0,0.1
955,0,1,0,0.0,0.00,0.00,0,0,0.0
956,3,24,6,25.0,0.70,0.13,0,0,3.5
957,1,19,7,36.8,0.23,0.05,0,0,1.7
958,1,24,6,25.0,0.25,0.04,0,0,1.2
959,8,39,19,48.7,1.72,0.21,0,0,6.7
960,2,14,4,28.6,0.16,0.14,0,1,1.9
961,1,12,4,33.3,0.17,0.08,0,0,1.5
962,12,96,40,41.7,1.64,0.13,0,0,12.7
963,0,7,1,14.3,0.07,0.00,0,0,0.6
964,0,8,0,0.0,0.00,0.00,0,0,0.7
965,0,15,5,33.3,0.17,0.00,0,0,0.8
966,1,11,2,18.2,0.11,0.09,0,0,0.9
967,0,1,0,0.0,0.00,0.00,0,0,0.0
968,0,0,0,,0.00,,0,0,0.0
969,1,6,4,66.7,0.46,0.17,0,0,1.1
970,0,2,0,0.0,0.00,0.00,0,0,0.1
971,0,0,0,,0.00,,0,0,0.0
972,3,38,14,36.8,0.61,0.08,0,0,3.0
973,0,5,0,0.0,0.00,0.00,0,0,0.2
974,0,0,0,,0.00,,0,0,0.0
975,0,14,5,35.7,0.65,0.00,0,0,1.3
976,0,1,0,0.0,0.00,0.00,0,0,0.0
977,9,39,19,48.7,0.80,0.23,0,1,6.2
978,5,37,14,37.8,0.54,0.14,0,0,3.1
979,7,96,41,42.7,1.30,0.07,0,0,8.7
980,0,3,0,0.0,0.00,0.00,0,0,0.1
981,0,0,0,,0.00,,0,0,0.0
982,0,6,3,50.0,0.18,0.00,0,0,0.2
983,0,0,0,,0.00,,0,0,0.0
984,0,2,1,50.0,0.75,0.00,0,0,0.1
985,0,13,3,23.1,0.17,0.00,0,0,1.0
986,0,0,0,,0.00,,0,0,0.0
987,0,1,0,0.0,0.00,0.00,0,0,0.0
988,0,6,1,16.7,0.13,0.00,0,0,1.0
989,0,6,1,16.7,0.20,0.00,0,0,0.3
990,6,39,15,38.5,0.89,0.15,0,0,5.0
991,0,1,1,100.0,0.13,0.00,0,0,0.0
992,9,52,20,38.5,0.69,0.17,0,0,5.8
993,3,12,6,50.0,0.43,0.25,0,0,2.1
994,3,7,3,42.9,0.52,0.29,1,1,1.9
995,0,0,0,,0.00,,0,0,0.0
996,0,0,0,,0.00,,0,0,0.0
997,0,0,0,,0.00,,0,0,0.0
998,3,36,11,30.6,0.61,0.03,2,3,4.8
999,3,29,8,27.6,0.48,0.10,0,0,2.8
1000,1,7,7,100.0,1.33,0.14,0,0,1.3
1001,1,8,2,25.0,0.28,0.13,0,0,0.4
1002,2,19,6,31.6,0.72,0.11,0,0,2.9
1003,2,21,6,28.6,0.87,0.10,0,1,2.5
1004,8,72,22,30.6,0.61,0.11,0,1,6.3
1005,10,38,20,52.6,1.36,0.26,0,0,3.7
1006,0,4,0,0.0,0.00,0.00,0,0,0.2
1007,1,24,7,29.2,0.76,0.04,0,0,2.8
1008,1,7,2,28.6,0.21,0.14,0,0,0.8
1009,9,55,23,41.8,0.81,0.16,0,0,8.2
1010,0,0,0,,0.00,,0,0,0.0
1011,4,48,17,35.4,0.95,0.06,1,1,3.0
1012,0,17,1,5.9,0.04,0.00,0,0,1.1
1013,0,0,0,,0.00,,0,0,0.0
1014,0,13,4,30.8,0.57,0.00,0,0,1.2
1015,0,3,0,0.0,0.00,0.00,0,0,0.2
1016,2,29,9,31.0,0.45,0.07,0,0,1.8
1017,0,6,0,0.0,0.00,0.00,0,0,0.2
1018,4,35,13,37.1,0.48,0.11,0,0,4.3
1019,0,0,0,,0.00,,0,0,0.0
1020,0,12,4,33.3,0.18,0.00,0,0,1.0
1021,8,54,19,35.2,0.64,0.15,0,1,6.0
1022,0,7,1,14.3,0.07,0.00,0,0,0.3
1023,2,23,9,39.1,0.64,0.09,0,0,1.3
1024,0,11,5,45.5,0.26,0.00,0,0,0.6
1025,8,40,15,37.5,0.58,0.20,0,0,4.4
1026,0,0,0,,0.00,,0,0,0.0
1027,0,3,0,0.0,0.00,0.00,0,0,0.0
1028,0,2,0,0.0,0.00,0.00,0,0,0.3
1029,0,2,0,0.0,0.00,0.00,0,0,0.2
1030,0,22,6,27.3,0.26,0.00,0,0,1.1
1031,0,8,3,37.5,0.13,0.00,0,0,0.4
1032,0,0,0,,0.00,,0,0,0.0
1033,0,2,0,0.0,0.00,0.00,0,0,0.0
1034,9,42,16,38.1,0.75,0.14,3,4,9.1
1035,0,0,0,,0.00,,0,0,0.0
1036,0,0,0,,0.00,,0,0,0.0
1037,1,14,2,14.3,0.13,0.07,0,0,1.0
1038,0,3,2,66.7,1.87,0.00,0,0,0.2
1039,2,31,6,19.4,0.27,0.03,1,2,4.5
1040,0,0,0,,0.00,,0,0,0.0
1041,2,30,9,30.0,0.27,0.07,0,0,1.0
1042,0,6,1,16.7,0.03,0.00,0,0,0.5
1043,0,0,0,,0.00,,0,0,0.0
1044,0,2,0,0.0,0.00,0.00,0,0,0.1
1045,0,0,0,,0.00,,0,0,0.0
1046,0,1,0,0.0,0.00,0.00,0,0,0.0
1047,2,14,4,28.6,0.21,0.14,0,0,1.0
1048,0,7,1,14.3,0.11,0.00,0,0,0.7
1049,5,44,14,31.8,1.01,0.11,0,0,3.1
1050,1,15,4,26.7,0.51,0.07,0,1,2.4
1051,0,18,6,33.3,0.71,0.00,0,0,0.8
1052,5,38,20,52.6,0.66,0.13,0,0,3.8
1053,7,55,27,49.1,1.07,0.13,0,0,7.8
1054,3,31,9,29.0,0.32,0.10,0,0,2.3
1055,6,21,12,57.1,1.25,0.29,0,0,3.6
1056,0,0,0,,0.00,,0,0,0.0
1057,0,7,2,28.6,0.14,0.00,0,0,0.5
1058,1,11,2,18.2,0.47,0.09,0,0,0.9
1059,6,27,11,40.7,0.47,0.19,1,1,3.1
1060,0,0,0,,0.00,,0,0,0.0
1061,0,0,0,,0.00,,0,0,0.0
1062,0,19,3,15.8,0.11,0.00,0,0,1.6
1063,1,20,3,15.0,0.17,0.05,0,0,2.2
1064,12,58,25,43.1,0.92,0.19,1,1,9.1
1065,1,17,3,17.6,0.12,0.06,0,0,1.2
1066,1,19,14,73.7,1.17,0.05,0,0,2.5
1067,7,50,21,42.0,0.79,0.14,0,0,5.4
1068,0,0,0,,0.00,,0,0,0.0
1069,4,29,9,31.0,0.33,0.14,0,0,1.8
1070,0,4,2,50.0,0.07,0.00,0,0,0.2
1071,0,1,0,0.0,0.00,0.00,0,0,0.0
1072,4,20,8,40.0,0.32,0.20,0,0,1.3
1073,0,2,0,0.0,0.00,0.00,0,0,0.0
1074,2,22,6,27.3,0.28,0.09,0,0,1.6
1075,0,0,0,,0.00,,0,0,0.0
1076,15,68,23,33.8,0.84,0.16,4,4,9.4
1077,0,10,1,10.0,0.10,0.00,0,0,1.1
1078,0,18,6,33.3,0.22,0.00,0,0,0.6
1079,3,5,3,60.0,0.24,0.60,0,0,1.2
1080,0,3,2,66.7,0.15,0.00,0,0,0.7
1081,3,14,4,28.6,0.14,0.21,0,0,1.7
1082,1,3,2,66.7,1.68,0.33,0,0,0.7
1083,1,13,6,46.2,1.21,0.08,0,0,2.4
1084,0,1,0,0.0,0.00,0.00,0,0,0.0
1085,0,3,1,33.3,0.10,0.00,0,0,0.6
1086,1,30,9,30.0,0.59,0.03,0,0,2.6
1087,6,49,17,34.7,0.54,0.12,0,0,4.3
1088,0,35,9,25.7,0.33,0.00,0,0,1.2
1089,1,6,2,33.3,0.33,0.17,0,0,0.2
1090,0,14,1,7.1,0.08,0.00,0,0,0.7
1091,0,0,0,,0.00,,0,0,0.0
1092,2,34,4,11.8,0.15,0.06,0,0,2.1
1093,0,0,0,,0.00,,0,0,0.0
1094,6,40,15,37.5,0.93,0.15,0,0,7.8
1095,1,19,9,47.4,0.80,0.05,0,0,1.0
1096,11,81,39,48.1,1.42,0.14,0,1,8.6
1097,8,75,32,42.7,1.54,0.11,0,0,9.5
1098,0,12,0,0.0,0.00,0.00,0,0,1.0
1099,8,45,17,37.8,0.56,0.18,0,0,3.7
1100,0,3,1,33.3,8.18,0.00,0,0,0.1
1101,0,0,0,,0.00,,0,0,0.0
1102,2,13,4,30.8,0.15,0.15,0,0,1.3
1103,1,26,3,11.5,0.10,0.04,0,0,2.5
1104,5,23,10,43.5,0.55,0.22,0,0,5.0
1105,0,0,0,,0.00,,0,0,0.0
1106,0,1,0,0.0,0.00,0.00,0,0,0.0
1107,0,1,0,0.0,0.00,0.00,0,0,0.1
1108,0,6,3,50.0,0.26,0.00,0,0,0.5
1109,8,50,22,44.0,0.80,0.16,0,1,8.7
1110,0,12,5,41.7,0.22,0.00,0,0,2.2
1111,0,1,1,100.0,2.73,0.00,0,0,0.0
1112,1,23,9,39.1,0.76,0.04,0,0,0.9
1113,0,0,0,,0.00,,0,0,0.0
1114,0,5,1,20.0,0.11,0.00,0,0,0.1
1115,0,0,0,,0.00,,0,0,0.0
1116,0,0,0,,0.00,,0,0,0.0
1117,0,1,0,0.0,0.00,0.00,0,0,0.0
1118,3,29,10,34.5,0.59,0.10,0,0,1.7
1119,0,0,0,,0.00,,0,0,0.0
1120,1,24,4,16.7,0.17,0.04,0,0,1.5
1121,0,5,1,20.0,0.11,0.00,0,0,1.1
1122,1,22,4,18.2,0.42,0.05,0,0,1.7
1123,1,27,3,11.1,0.12,0.04,0,0,2.7
1124,1,23,4,17.4,0.14,0.04,0,0,1.7
1125,1,10,1,10.0,0.07,0.00,1,1,1.4
1126,8,29,14,48.3,1.04,0.24,1,1,7.5
1127,0,0,0,,0.00,,0,0,0.0
1128,1,5,3,60.0,0.18,0.20,0,0,0.3
1129,1,12,3,25.0,1.03,0.08,0,0,1.1
1130,0,47,10,21.3,0.33,0.00,0,0,2.7
1131,2,10,2,20.0,0.06,0.20,0,0,0.9
1132,1,2,1,50.0,0.13,0.50,0,0,0.5
1133,1,8,1,12.5,0.17,0.13,0,0,1.1
1134,0,3,0,0.0,0.00,0.00,0,0,0.3
1135,0,0,0,,0.00,,0,0,0.0
1136,7,29,13,44.8,0.93,0.21,1,1,5.6
1137,1,19,3,15.8,0.10,0.05,0,0,2.7
1138,0,19,6,31.6,0.23,0.00,0,0,0.8
1139,10,63,19,30.2,1.26,0.13,2,3,9.9
1140,12,36,20,55.6,1.42,0.33,0,0,9.8
1141,0,6,2,33.3,0.79,0.00,0,0,1.0
1142,0,7,3,42.9,2.67,0.00,0,0,1.5
1143,3,35,12,34.3,0.56,0.09,0,0,3.2
1144,0,4,1,25.0,0.07,0.00,0,0,0.1
1145,0,1,0,0.0,0.00,0.00,0,0,0.0
1146,5,34,18,52.9,1.69,0.15,0,0,4.8
1147,0,0,0,,0.00,,0,0,0.0
1148,3,36,14,38.9,0.61,0.06,1,1,4.4
1149,0,1,0,0.0,0.00,0.00,0,0,0.3
1150,15,81,36,44.4,1.95,0.19,0,0,9.2
1151,0,1,0,0.0,0.00,0.00,0,0,0.0
1152,0,6,0,0.0,0.00,0.00,0,0,0.7
1153,2,7,2,28.6,0.21,0.29,0,0,1.0
1154,0,0,0,,0.00,,0,0,0.0
1155,36,127,56,44.1,1.59,0.17,14,15,26.9
1156,0,0,0,,0.00,,0,0,0.0
1157,4,23,11,47.8,1.29,0.17,0,1,4.3
1158,22,90,35,38.9,1.12,0.23,1,2,16.8
1159,5,43,13,30.2,0.68,0.09,1,1,4.0
1160,8,116,38,32.8,1.22,0.03,5,5,12.9
1161,2,38,11,28.9,0.51,0.05,0,0,3.9
1162,0,18,3,16.7,0.14,0.00,0,0,0.9
1163,9,44,22,50.0,1.31,0.20,0,0,6.4
1164,1,23,13,56.5,0.99,0.04,0,0,1.5
1165,1,3,3,100.0,0.21,0.33,0,0,0.4
1166,0,1,0,0.0,0.00,0.00,0,0,0.0
1167,0,0,0,,0.00,,0,0,0.0
1168,0,0,0,,0.00,,0,0,0.0
1169,1,23,9,39.1,0.51,0.04,0,0,2.3
1170,1,12,4,33.3,0.13,0.08,0,0,1.3
1171,0,0,0,,0.00,,0,0,0.0
1172,0,0,0,,0.00,,0,0,0.0
1173,0,5,1,20.0,0.16,0.00,0,0,0.3
1174,2,11,2,18.2,0.58,0.18,0,0,0.5
1175,0,17,7,41.2,0.38,0.00,0,0,0.3
1176,2,18,9,50.0,0.48,0.11,0,0,2.3
1177,1,4,1,25.0,0.11,0.25,0,0,0.2
1178,3,42,19,45.2,0.75,0.07,0,0,3.6
1179,0,0,0,,0.00,,0,0,0.0
1180,0,18,3,16.7,0.18,0.00,0,0,0.8
1181,0,1,0,0.0,0.00,0.00,0,0,0.1
1182,2,41,9,22.0,0.39,0.05,0,0,2.8
1183,0,4,0,0.0,0.00,0.00,0,0,0.3
1184,0,8,0,0.0,0.00,0.00,0,0,0.2
1185,0,4,0,0.0,0.00,0.00,0,0,0.5
1186,3,25,8,32.0,0.62,0.12,0,0,1.4
1187,0,0,0,,0.00,,0,0,0.0
1188,1,27,8,29.6,0.61,0.04,0,0,1.5
1189,0,2,1,50.0,0.51,0.00,0,0,0.2
1190,0,0,0,,0.00,,0,0,0.0
1191,0,5,3,60.0,1.62,0.00,0,0,0.3
1192,2,13,5,38.5,0.17,0.15,0,0,1.4
1193,0,0,0,,0.00,,0,0,0.0
1194,1,6,3,50.0,0.59,0.17,0,0,0.3
1195,0,0,0,,0.00,,0,0,0.0
1196,14,102,43,42.2,1.91,0.14,0,1,18.4
1197,0,0,0,,0.00,,0,0,0.0
1198,17,114,39,34.2,1.08,0.11,4,4,14.4
1199,8,32,11,34.4,0.48,0.19,2,3,5.5
1200,2,52,15,28.8,0.50,0.04,0,0,4.8
1201,0,1,0,0.0,0.00,0.00,0,0,0.0
1202,0,0,0,,0.00,,0,0,0.0
1203,1,6,2,33.3,1.43,0.17,0,0,0.9
1204,0,2,1,50.0,0.67,0.00,0,0,0.2
1205,2,4,4,100.0,0.17,0.50,0,0,1.0
1206,6,55,24,43.6,1.05,0.11,0,0,7.7
1207,0,10,1,10.0,0.08,0.00,0,0,0.4
1208,2,28,6,21.4,0.24,0.07,0,0,1.6
1209,0,0,0,,0.00,,0,0,0.0
1210,4,10,1,10.0,0.04,0.10,3,3,3.4
1211,0,0,0,,0.00,,0,0,0.0
1212,11,58,19,32.8,0.85,0.19,0,0,10.4
1213,11,81,28,34.6,0.91,0.12,1,1,10.6
1214,0,6,1,16.7,0.27,0.00,0,0,0.2
1215,7,69,26,37.7,1.02,0.10,0,0,9.6
1216,0,0,0,,0.00,,0,0,0.0
1217,0,0,0,,0.00,,0,0,0.0
1218,2,22,9,40.9,1.71,0.09,0,0,1.7
1219,2,12,3,25.0,0.63,0.17,0,0,2.2
1220,1,7,3,42.9,1.02,0.14,0,0,1.3
1221,0,0,0,,0.00,,0,0,0.0
1222,4,45,23,51.1,1.32,0.09,0,0,4.8
1223,4,38,8,21.1,0.33,0.03,3,3,5.3
1224,3,39,16,41.0,1.06,0.08,0,0,4.3
1225,0,7,0,0.0,0.00,0.00,0,0,0.3
1226,1,5,4,80.0,2.35,0.20,0,0,0.2
1227,0,0,0,,0.00,,0,0,0.0
1228,3,12,7,58.3,0.35,0.25,0,0,1.4
1229,0,8,1,12.5,0.04,0.00,0,0,1.1
1230,1,19,9,47.4,0.55,0.05,0,0,1.9
1231,2,26,9,34.6,0.33,0.08,0,0,2.1
1232,5,40,15,37.5,0.86,0.10,1,1,3.3
1233,2,42,12,28.6,0.54,0.05,0,0,3.2
1234,0,0,0,,0.00,,0,0,0.0
1235,5,18,8,44.4,1.26,0.28,0,0,4.6
1236,1,6,2,33.3,1.23,0.17,0,0,1.4
1237,1,40,11,27.5,0.73,0.03,0,0,2.3
1238,2,48,19,39.6,0.87,0.04,0,0,5.7
1239,1,5,2,40.0,0.28,0.20,0,0,1.0
1240,1,15,3,20.0,0.13,0.07,0,0,0.5
1241,2,28,7,25.0,0.37,0.07,0,0,1.5
1242,2,6,3,50.0,0.40,0.33,0,0,0.6
1243,18,78,34,43.6,1.18,0.21,2,2,10.6
1244,0,2,0,0.0,0.00,0.00,0,0,0.1
1245,2,11,4,36.4,0.79,0.18,0,0,0.7
1246,3,18,6,33.3,0.31,0.17,0,0,1.5
1247,0,0,0,,0.00,,0,0,0.0
1248,0,3,0,0.0,0.00,0.00,0,0,0.1
1249,6,31,11,35.5,0.73,0.19,0,0,4.2
1250,1,11,4,36.4,0.63,0.09,0,0,0.6
1251,0,0,0,,0.00,,0,0,0.0
1252,0,0,0,,0.00,,0,0,0.0
1253,0,3,2,66.7,0.14,0.00,0,0,0.1
1254,2,30,13,43.3,1.37,0.07,0,0,4.2
1255,2,13,4,30.8,0.14,0.15,0,0,1.6
1256,1,4,3,75.0,0.56,0.25,0,0,0.3
1257,0,3,0,0.0,0.00,0.00,0,0,0.2
1258,2,12,7,58.3,0.77,0.17,0,0,1.6
1259,0,2,1,50.0,0.52,0.00,0,0,0.1
1260,0,1,0,0.0,0.00,0.00,0,0,0.0
1261,0,3,0,0.0,0.00,0.00,0,0,0.1
1262,1,14,3,21.4,0.46,0.07,0,0,0.8
1263,2,11,5,45.5,0.17,0.18,0,0,1.1
1264,4,37,11,29.7,0.34,0.05,2,2,4.1
1265,0,5,2,40.0,1.70,0.00,0,0,0.2
1266,3,45,8,17.8,0.63,0.04,1,1,3.8
1267,0,10,0,0.0,0.00,0.00,0,0,0.6
1268,0,12,3,25.0,0.40,0.00,0,0,1.1
1269,5,57,18,31.6,0.92,0.09,0,0,6.0
1270,0,1,0,0.0,0.00,0.00,0,0,0.1
1271,0,0,0,,0.00,,0,0,0.0
1272,4,28,13,46.4,0.42,0.14,0,0,1.4
1273,0,6,2,33.3,0.15,0.00,0,0,0.4
1274,6,23,9,39.1,0.40,0.13,3,3,6.6
1275,0,20,8,40.0,0.44,0.00,0,0,0.7
1276,0,1,1,100.0,0.31,0.00,0,0,0.1
1277,0,6,1,16.7,0.07,0.00,0,0,0.5
1278,7,41,15,36.6,0.46,0.15,1,3,7.2
1279,0,19,6,31.6,0.81,0.00,0,0,1.5
1280,0,4,1,25.0,0.04,0.00,0,0,0.4
1281,0,3,0,0.0,0.00,0.00,0,0,0.4
1282,3,12,6,50.0,0.20,0.25,0,0,3.0
1283,4,34,11,32.4,0.65,0.12,0,0,2.9
1284,0,2,0,0.0,0.00,0.00,0,0,0.1
1285,1,4,2,50.0,0.11,0.25,0,0,0.4
1286,1,32,9,28.1,0.30,0.03,0,0,2.6
1287,0,0,0,,0.00,,0,0,0.0
1288,0,2,0,0.0,0.00,0.00,0,0,0.1
1289,1,4,2,50.0,0.49,0.25,0,0,0.2
1290,0,27,11,40.7,0.69,0.00,0,0,1.3
1291,4,23,9,39.1,0.30,0.17,0,0,2.4
1292,7,69,16,23.2,0.53,0.07,2,4,6.9
1293,0,4,0,0.0,0.00,0.00,0,0,0.6
1294,0,3,1,33.3,0.07,0.00,0,0,0.1
1295,0,2,0,0.0,0.00,0.00,0,0,0.0
1296,0,1,0,0.0,0.00,0.00,0,0,0.1
1297,2,11,6,54.5,0.88,0.18,0,1,1.9
1298,1,17,4,23.5,0.20,0.06,0,0,1.1
1299,0,9,1,11.1,0.10,0.00,0,0,0.2
1300,1,8,2,25.0,0.12,0.13,0,0,0.6
1301,2,7,3,42.9,1.93,0.29,0,0,1.2
1302,0,3,0,0.0,0.00,0.00,0,0,0.0
1303,1,11,4,36.4,0.18,0.09,0,0,1.5
1304,0,6,3,50.0,2.23,0.00,0,0,0.8
1305,0,3,1,33.3,0.04,0.00,0,0,0.4
1306,4,86,27,31.4,0.82,0.05,0,0,6.0
1307,1,11,3,27.3,0.90,0.09,0,0,1.6
1308,5,22,9,40.9,0.89,0.23,0,0,1.7
1309,2,2,2,100.0,0.40,1.00,0,0,0.4
1310,0,0,0,,0.00,,0,0,0.0
1311,0,15,4,26.7,0.17,0.00,0,0,0.9
1312,4,40,15,37.5,0.88,0.10,0,0,4.6
1313,1,22,5,22.7,0.19,0.05,0,0,1.9
1314,0,0,0,,0.00,,0,0,0.0
1315,1,23,5,21.7,0.18,0.04,0,0,1.9
1316,1,21,5,23.8,0.22,0.05,0,0,1.3
1317,0,27,11,40.7,0.91,0.00,0,0,2.0
1318,0,1,0,0.0,0.00,0.00,0,0,0.0
1319,0,0,0,,0.00,,0,0,0.0
1320,0,4,0,0.0,0.00,0.00,0,0,0.3
1321,12,40,20,50.0,1.27,0.25,2,2,9.3
1322,0,10,0,0.0,0.00,0.00,0,0,0.4
1323,0,0,0,,0.00,,0,0,0.0
1324,1,3,1,33.3,0.09,0.33,0,0,0.3
1325,0,1,0,0.0,0.00,0.00,0,0,0.0
1326,0,5,3,60.0,0.71,0.00,0,0,0.4
1327,4,57,18,31.6,0.61,0.07,0,0,2.8
1328,0,0,0,,0.00,,0,0,0.0
1329,0,6,2,33.3,0.34,0.00,0,0,0.4
1330,0,2,1,50.0,0.43,0.00,0,0,0.1
1331,4,54,25,46.3,0.97,0.07,0,0,2.8
1332,6,45,10,22.2,0.47,0.09,2,2,4.6
1333,10,59,24,40.7,0.74,0.15,1,1,6.7
1334,1,11,5,45.5,0.23,0.09,0,0,1.6
1335,4,38,10,26.3,0.48,0.11,0,0,3.1
1336,2,47,10,21.3,0.64,0.04,0,0,2.4
1337,2,24,7,29.2,0.38,0.08,0,0,0.8
1338,1,6,3,50.0,0.31,0.17,0,0,0.6
1339,1,4,2,50.0,0.34,0.25,0,0,0.2
1340,3,15,5,33.3,0.66,0.20,0,0,1.5
1341,0,4,2,50.0,0.18,0.00,0,0,0.2
1342,0,4,2,50.0,0.97,0.00,0,0,0.3
1343,2,20,8,40.0,1.30,0.10,0,0,3.5
1344,6,63,21,33.3,0.84,0.10,0,0,8.1
1345,10,53,26,49.1,1.25,0.19,0,0,8.6
1346,0,0,0,,0.00,,0,0,0.0
1347,0,0,0,,0.00,,0,0,0.0
1348,1,8,1,12.5,0.03,0.13,0,0,0.8
1349,1,1,1,100.0,10.00,1.00,0,0,0.4
1350,2,10,6,60.0,0.26,0.20,0,0,0.9
1351,1,16,5,31.3,0.17,0.06,0,0,1.1
1352,0,6,2,33.3,0.52,0.00,0,0,0.2
1353,2,16,5,31.3,0.22,0.00,2,2,2.9
1354,1,5,1,20.0,0.24,0.20,0,0,1.0
1355,2,29,8,27.6,0.59,0.07,0,0,2.7
1356,0,0,0,,0.00,,0,0,0.0
1357,0,2,0,0.0,0.00,0.00,0,0,0.1
1358,1,5,2,40.0,0.19,0.20,0,0,0.9
1359,0,5,2,40.0,0.33,0.00,0,0,0.3
1360,0,4,1,25.0,0.29,0.00,0,0,0.4
1361,0,2,0,0.0,0.00,0.00,0,0,0.1
1362,0,23,7,30.4,0.46,0.00,0,0,2.0
1363,11,60,21,35.0,1.06,0.15,2,2,10.6
1364,1,4,1,25.0,0.08,0.25,0,0,0.3
1365,2,8,2,25.0,0.07,0.25,0,0,0.7
1366,0,3,1,33.3,0.36,0.00,0,0,0.1
1367,0,0,0,,0.00,,0,0,0.0
1368,10,83,34,41.0,1.19,0.12,0,0,9.6
1369,1,9,2,22.2,0.09,0.11,0,0,0.3
1370,2,15,5,33.3,0.37,0.13,0,0,1.1
1371,1,4,2,50.0,0.38,0.25,0,0,0.3
1372,0,15,3,20.0,0.20,0.00,0,0,1.0
1373,0,0,0,,0.00,,0,0,0.0
1374,0,11,0,0.0,0.00,0.00,0,0,0.7
1375,0,5,1,20.0,0.15,0.00,0,0,0.2
1376,0,1,1,100.0,0.52,0.00,0,0,0.0
1377,1,4,1,25.0,0.19,0.25,0,0,0.4
1378,0,3,0,0.0,0.00,0.00,0,0,0.1
1379,3,36,17,47.2,0.47,0.08,0,0,2.4
1380,0,16,9,56.3,0.32,0.00,0,0,1.4
1381,0,2,0,0.0,0.00,0.00,0,0,0.1
1382,1,12,2,16.7,0.08,0.08,0,0,0.9
1383,2,16,7,43.8,0.26,0.13,0,0,1.0
1384,0,15,3,20.0,0.25,0.00,0,0,0.9
1385,6,45,15,33.3,0.96,0.13,0,0,4.9
1386,0,0,0,,0.00,,0,0,0.0
1387,0,2,0,0.0,0.00,0.00,0,0,0.1
1388,0,0,0,,0.00,,0,0,0.0
1389,5,53,21,39.6,0.84,0.09,0,0,3.5
1390,0,3,1,33.3,0.11,0.00,0,0,0.1
1391,4,45,15,33.3,0.79,0.09,0,0,5.5
1392,0,2,0,0.0,0.00,0.00,0,0,0.1
1393,0,8,0,0.0,0.00,0.00,0,0,0.2
1394,0,10,3,30.0,0.15,0.00,0,0,0.6
1395,2,4,3,75.0,0.61,0.50,0,0,0.5
1396,0,3,0,0.0,0.00,0.00,0,0,0.2
1397,0,0,0,,0.00,,0,0,0.0
1398,0,11,3,27.3,0.29,0.00,0,0,0.5
1399,0,1,0,0.0,0.00,0.00,0,0,0.1
1400,2,10,3,30.0,0.11,0.20,0,0,0.9
1401,0,1,0,0.0,0.00,0.00,0,0,0.0
1402,0,0,0,,0.00,,0,0,0.0
1403,0,15,3,20.0,0.12,0.00,0,0,0.6
1404,0,0,0,,0.00,,0,0,0.0
1405,1,38,14,36.8,0.66,0.03,0,0,3.0
1406,1,22,5,22.7,0.67,0.05,0,0,2.4
1407,1,14,5,35.7,0.32,0.07,0,0,1.3
1408,1,12,3,25.0,0.53,0.08,0,0,0.8
1409,1,30,2,6.7,0.07,0.03,0,0,1.3
1410,0,0,0,,0.00,,0,0,0.0
1411,34,134,59,44.0,1.92,0.22,5,5,27.5
1412,1,9,4,44.4,0.16,0.11,0,0,0.3
1413,2,25,8,32.0,0.93,0.04,1,2,5.1
1414,0,2,0,0.0,0.00,0.00,0,0,0.0
1415,2,34,10,29.4,0.60,0.06,0,0,1.6
1416,0,7,2,28.6,0.10,0.00,0,0,1.0
1417,4,18,9,50.0,0.33,0.22,0,0,2.6
1418,0,0,0,,0.00,,0,0,0.0
1419,0,1,0,0.0,0.00,0.00,0,0,0.0
1420,0,5,2,40.0,2.90,0.00,0,0,0.1
1421,0,2,1,50.0,0.33,0.00,0,0,0.1
1422,1,2,1,50.0,0.60,0.50,0,0,0.3
1423,1,6,1,16.7,0.03,0.17,0,0,0.4
1424,4,31,9,29.0,0.40,0.13,0,0,1.7
1425,1,22,6,27.3,0.58,0.05,0,0,2.7
1426,0,23,8,34.8,0.27,0.00,0,0,1.5
1427,1,10,4,40.0,0.15,0.10,0,0,1.0
1428,3,31,11,35.5,1.98,0.10,0,0,4.7
1429,3,14,5,35.7,0.33,0.21,0,0,1.8
1430,0,0,0,,0.00,,0,0,0.0
1431,0,0,0,,0.00,,0,0,0.0
1432,0,18,3,16.7,0.18,0.00,0,0,1.3
1433,0,2,0,0.0,0.00,0.00,0,0,0.1
1434,0,7,2,28.6,0.13,0.00,0,0,0.2
1435,4,18,10,55.6,1.70,0.17,1,1,3.0
1436,0,2,1,50.0,1.05,0.00,0,0,0.3
1437,0,33,6,18.2,0.21,0.00,0,0,1.7
1438,1,16,3,18.8,0.11,0.06,0,0,0.9
1439,0,4,0,0.0,0.00,0.00,0,0,0.5
1440,0,3,0,0.0,0.00,0.00,0,0,0.1
1441,0,2,0,0.0,0.00,0.00,0,0,0.2
1442,2,33,13,39.4,0.84,0.06,0,0,4.6
1443,2,4,2,50.0,0.31,0.50,0,0,0.4
1444,1,26,6,23.1,0.39,0.04,0,0,1.0
1445,0,10,1,10.0,0.29,0.00,0,0,1.0
1446,0,0,0,,0.00,,0,0,0.0
1447,0,2,2,100.0,1.34,0.00,0,0,0.1
1448,0,2,0,0.0,0.00,0.00,0,0,0.2
1449,2,18,7,38.9,0.44,0.06,1,1,2.6
1450,4,15,9,60.0,0.33,0.27,0,0,1.1
1451,0,0,0,,0.00,,0,0,0.0
1452,0,0,0,,0.00,,0,0,0.0
1453,0,3,0,0.0,0.00,0.00,0,0,0.1
1454,0,2,0,0.0,0.00,0.00,0,0,0.1
1455,0,11,2,18.2,0.16,0.00,0,0,0.8
1456,0,0,0,,0.00,,0,0,0.0
1457,0,0,0,,0.00,,0,0,0.0
1458,1,28,9,32.1,0.45,0.04,0,0,0.8
1459,1,1,1,100.0,6.92,1.00,0,0,0.0
1460,0,0,0,,0.00,,0,0,0.0
1461,2,37,13,35.1,0.58,0.05,0,0,1.8
1462,0,0,0,,0.00,,0,0,0.0
1463,0,5,1,20.0,0.12,0.00,0,0,0.3
1464,2,10,6,60.0,0.80,0.20,0,0,0.7
1465,0,5,0,0.0,0.00,0.00,0,0,0.2
1466,0,0,0,,0.00,,0,0,0.0
1467,4,34,13,38.2,1.14,0.12,0,0,4.1
1468,0,0,0,,0.00,,0,0,0.0
1469,0,1,0,0.0,0.00,0.00,0,0,0.1
1470,1,1,1,100.0,1.38,1.00,0,0,0.5
1471,1,6,2,33.3,0.90,0.17,0,0,0.3
1472,3,14,4,28.6,0.11,0.21,0,0,1.7
1473,0,9,2,22.2,0.09,0.00,0,0,0.5
1474,4,39,14,35.9,0.50,0.10,0,0,4.7
1475,2,15,3,20.0,0.11,0.13,0,0,2.5
1476,0,1,1,100.0,4.09,0.00,0,0,0.0
1477,2,23,7,30.4,0.22,0.09,0,0,1.8
1478,3,39,12,30.8,0.41,0.08,0,0,2.4
1479,0,2,0,0.0,0.00,0.00,0,0,0.1
1480,23,95,41,43.2,1.24,0.18,6,6,20.2
1481,7,38,18,47.4,0.80,0.18,0,0,6.1
1482,1,18,4,22.2,0.19,0.06,0,0,0.9
1483,0,16,3,18.8,0.17,0.00,0,0,1.1
1484,5,44,11,25.0,0.40,0.11,0,0,5.2
1485,0,1,0,0.0,0.00,0.00,0,0,0.0
1486,1,5,3,60.0,0.27,0.20,0,0,0.6
1487,0,0,0,,0.00,,0,0,0.0
1488,0,4,0,0.0,0.00,0.00,0,0,0.1
1489,0,14,3,21.4,0.20,0.00,0,0,0.5
1490,0,9,3,33.3,0.14,0.00,0,0,0.5
1491,0,7,1,14.3,0.26,0.00,0,0,0.4
1492,7,72,27,37.5,1.14,0.08,1,1,6.0
1493,0,1,1,100.0,0.95,0.00,0,0,0.0
1494,6,74,18,24.3,0.62,0.08,0,0,5.0
1495,1,6,1,16.7,0.08,0.17,0,0,0.6
1496,0,9,0,0.0,0.00,0.00,0,0,0.4
1497,0,2,1,50.0,0.78,0.00,0,0,0.1
1498,1,2,2,100.0,1.24,0.50,0,0,1.0
1499,0,6,2,33.3,0.76,0.00,0,0,0.1
1500,1,32,8,25.0,0.21,0.03,0,0,2.0
1501,0,0,0,,0.00,,0,0,0.0
1502,11,73,30,41.1,1.39,0.14,1,1,7.2
1503,0,0,0,,0.00,,0,0,0.0
1504,0,6,3,50.0,0.50,0.00,0,0,0.2
1505,1,30,9,30.0,0.36,0.03,0,0,1.7
1506,0,1,0,0.0,0.00,0.00,0,0,0.0
1507,0,4,1,25.0,0.06,0.00,0,0,0.3
1508,6,18,12,66.7,1.47,0.33,0,0,3.6
1509,2,7,2,28.6,0.49,0.29,0,0,1.8
1510,1,20,8,40.0,0.43,0.05,0,0,2.3
1511,2,14,4,28.6,0.36,0.14,0,0,0.7
1512,2,32,11,34.4,0.34,0.06,0,0,3.1
1513,1,4,1,25.0,0.05,0.25,0,0,0.7
1514,0,2,0,0.0,0.00,0.00,0,0,0.0
1515,0,0,0,,0.00,,0,0,0.0
1516,8,78,27,34.6,1.58,0.10,0,1,4.7
1517,0,10,4,40.0,0.53,0.00,0,0,0.7
1518,0,6,3,50.0,0.14,0.00,0,0,0.2
1519,5,25,10,40.0,0.59,0.20,0,0,4.6
1520,1,4,1,25.0,0.64,0.25,0,0,0.1
1521,0,8,2,25.0,0.09,0.00,0,0,0.2
1522,1,20,5,25.0,0.16,0.05,0,0,2.6
1523,14,72,22,30.6,0.81,0.07,9,11,15.2
1524,0,0,0,,0.00,,0,0,0.0
1525,0,2,0,0.0,0.00,0.00,0,0,0.1
1526,0,10,3,30.0,0.10,0.00,0,0,1.2
1527,0,55,7,12.7,0.31,0.00,0,0,3.8
1528,18,76,36,47.4,1.18,0.24,0,0,13.5
1529,0,1,0,0.0,0.00,0.00,0,0,0.2
1530,2,30,6,20.0,0.29,0.07,0,0,1.8
1531,0,3,0,0.0,0.00,0.00,0,0,0.2
1532,4,17,8,47.1,0.33,0.24,0,0,1.7
1533,0,1,0,0.0,0.00,0.00,0,0,0.1
1534,0,0,0,,0.00,,0,0,0.0
1535,1,16,5,31.3,0.67,0.06,0,0,2.0
1536,3,12,7,58.3,0.35,0.25,0,0,0.5
1537,0,5,1,20.0,0.11,0.00,0,0,0.1
1538,1,17,6,35.3,0.42,0.06,0,0,0.5
1539,0,8,2,25.0,0.12,0.00,0,0,0.5
1540,0,21,8,38.1,0.63,0.00,0,0,1.4
1541,0,11,2,18.2,0.09,0.00,0,0,1.6
1542,0,1,0,0.0,0.00,0.00,0,0,0.1
1543,0,0,0,,0.00,,0,0,0.0
1544,0,0,0,,0.00,,0,0,0.0
1545,0,0,0,,0.00,,0,0,0.0
1546,0,11,2,18.2,0.10,0.00,0,0,0.6
1547,1,6,2,33.3,4.00,0.17,0,0,0.7
1548,0,3,0,0.0,0.00,0.00,0,0,0.2
1549,0,1,0,0.0,0.00,0.00,0,0,0.0
1550,0,0,0,,0.00,,0,0,0.0
1551,0,3,0,0.0,0.00,0.00,0,0,0.6
1552,0,0,0,,0.00,,0,0,0.0
1553,2,10,4,40.0,0.21,0.20,0,0,1.6
1554,0,5,1,20.0,0.05,0.00,0,0,0.9
1555,0,1,1,100.0,1.11,0.00,0,0,0.1
1556,0,4,1,25.0,0.50,0.00,0,1,1.1
1557,3,11,3,27.3,0.18,0.27,0,0,1.8
1558,0,10,2,20.0,0.14,0.00,0,0,0.3
1559,11,53,20,37.7,0.79,0.13,4,4,10.3
1560,17,79,38,48.1,1.30,0.22,0,1,10.8
1561,0,9,3,33.3,0.15,0.00,0,0,0.2
1562,0,0,0,,0.00,,0,0,0.0
1563,0,0,0,,0.00,,0,0,0.0
1564,0,1,0,0.0,0.00,0.00,0,0,0.1
1565,0,0,0,,0.00,,0,1,0.8
1566,0,1,1,100.0,2.43,0.00,0,0,0.2
1567,3,12,5,41.7,0.68,0.25,0,0,2.2
1568,0,1,0,0.0,0.00,0.00,0,0,0.0
1569,0,0,0,,0.00,,0,0,0.0
1570,1,27,4,14.8,0.12,0.04,0,0,1.7
1571,0,0,0,,0.00,,0,0,0.0
1572,0,1,0,0.0,0.00,0.00,0,0,0.2
1573,14,122,42,34.4,1.54,0.10,2,3,15.9
1574,2,12,3,25.0,0.12,0.17,0,0,0.9
1575,0,1,0,0.0,0.00,0.00,0,0,0.1
1576,4,28,11,39.3,0.59,0.14,0,0,5.5
1577,2,11,6,54.5,0.57,0.18,0,0,1.6
1578,0,10,2,20.0,0.09,0.00,0,0,0.4
1579,0,6,1,16.7,0.07,0.00,0,0,0.2
1580,0,0,0,,0.00,,0,0,0.0
1581,1,15,3,20.0,0.15,0.07,0,0,0.7
1582,0,0,0,,0.00,,0,0,0.0
1583,0,5,2,40.0,0.19,0.00,0,0,0.1
1584,11,51,20,39.2,0.66,0.16,3,4,9.3
1585,0,9,1,11.1,0.12,0.00,0,0,1.2
1586,0,6,4,66.7,0.14,0.00,0,0,0.4
1587,3,34,11,32.4,0.94,0.06,1,1,6.2
1588,0,7,2,28.6,0.11,0.00,0,0,0.2
1589,1,4,1,25.0,0.13,0.25,0,0,0.3
1590,2,24,7,29.2,0.54,0.08,0,0,2.4
1591,0,6,1,16.7,1.01,0.00,0,0,0.4
1592,0,7,2,28.6,0.19,0.00,0,0,0.2
1593,0,13,4,30.8,0.16,0.00,0,0,1.1
1594,10,90,34,37.8,1.11,0.10,1,2,11.2
1595,5,26,11,42.3,0.71,0.19,0,0,2.9
1596,8,35,12,34.3,0.40,0.20,1,1,4.0
1597,3,18,7,38.9,1.40,0.17,0,0,2.3
1598,0,3,0,0.0,0.00,0.00,0,0,0.1
1599,0,0,0,,0.00,,0,0,0.0
1600,8,45,18,40.0,0.76,0.18,0,0,7.7
1601,0,0,0,,0.00,,0,0,0.0
1602,3,9,3,33.3,0.16,0.33,0,0,0.8
1603,18,88,49,55.7,2.91,0.20,0,0,17.1
1604,0,5,1,20.0,0.06,0.00,0,0,0.4
1605,0,0,0,,0.00,,0,0,0.0
1606,0,4,1,25.0,1.07,0.00,0,0,0.2
1607,0,8,1,12.5,0.23,0.00,0,0,0.4
1608,0,29,6,20.7,0.17,0.00,0,0,2.4
1609,6,49,24,49.0,1.02,0.12,0,0,7.6
1610,0,0,0,,0.00,,0,0,0.0
1611,0,11,3,27.3,0.16,0.00,0,0,0.5
1612,3,55,19,34.5,0.74,0.05,0,0,3.9
1613,2,46,19,41.3,0.94,0.04,0,0,7.1
1614,0,0,0,,0.00,,0,0,0.0
1615,3,32,7,21.9,0.30,0.09,0,0,2.5
1616,1,30,10,33.3,0.30,0.03,0,0,1.5
1617,2,48,14,29.2,0.38,0.04,0,0,2.2
1618,4,30,10,33.3,0.51,0.13,0,0,1.5
1619,1,5,2,40.0,0.23,0.20,0,0,0.2
1620,0,5,1,20.0,0.05,0.00,0,0,0.4
1621,1,18,5,27.8,0.16,0.06,0,0,1.8
1622,0,9,3,33.3,0.83,0.00,0,0,0.5
1623,2,23,9,39.1,0.68,0.09,0,0,1.7
1624,0,22,3,13.6,0.12,0.00,0,0,0.8
1625,3,6,5,83.3,1.47,0.50,0,0,0.7
1626,0,3,0,0.0,0.00,0.00,0,0,0.1
1627,2,17,7,41.2,0.51,0.06,1,1,2.4
1628,3,8,5,62.5,0.38,0.38,0,0,1.3
1629,1,9,3,33.3,0.20,0.11,0,0,1.0
1630,0,26,3,11.5,0.15,0.00,0,0,1.2
1631,0,24,8,33.3,0.49,0.00,0,0,1.5
1632,1,9,4,44.4,0.42,0.11,0,0,0.5
1633,5,23,9,39.1,0.74,0.22,0,0,3.5
1634,3,29,9,31.0,0.90,0.10,0,1,3.6
1635,0,10,1,10.0,0.06,0.00,0,0,0.3
1636,0,0,0,,0.00,,0,0,0.0
1637,1,7,2,28.6,0.10,0.14,0,0,0.5
1638,0,1,1,100.0,0.31,0.00,0,0,0.0
1639,1,10,1,10.0,0.06,0.10,0,0,0.6
1640,1,6,1,16.7,0.10,0.17,0,0,0.6
1641,0,1,0,0.0,0.00,0.00,0,0,0.0
1642,1,3,1,33.3,0.15,0.33,0,0,0.7
1643,0,0,0,,0.00,,0,0,0.0
1644,0,13,2,15.4,0.16,0.00,0,0,0.3
1645,5,44,14,31.8,0.40,0.11,0,0,2.8
1646,0,0,0,,0.00,,0,0,0.0
1647,0,3,0,0.0,0.00,0.00,0,0,0.3
1648,9,75,24,32.0,1.28,0.12,0,0,5.2
1649,1,26,9,34.6,0.40,0.04,0,0,1.3
1650,25,154,63,40.9,1.97,0.13,5,5,19.2
1651,0,4,2,50.0,0.14,0.00,0,0,0.4
1652,0,9,0,0.0,0.00,0.00,0,0,0.5
1653,0,9,2,22.2,0.27,0.00,0,0,0.7
1654,0,0,0,,0.00,,0,0,0.0
1655,1,11,2,18.2,0.08,0.00,1,1,1.2
1656,5,43,19,44.2,1.24,0.12,0,0,5.8
1657,0,2,1,50.0,0.39,0.00,0,0,0.0
1658,1,17,2,11.8,0.09,0.06,0,0,1.3
1659,0,1,0,0.0,0.00,0.00,0,0,0.0
1660,5,29,13,44.8,0.36,0.17,0,0,2.9
1661,11,67,27,40.3,1.39,0.16,0,0,10.2
1662,7,84,23,27.4,0.68,0.08,0,0,6.9
1663,0,3,1,33.3,0.09,0.00,0,0,0.1
1664,3,29,7,24.1,0.25,0.03,2,2,2.5
1665,0,6,0,0.0,0.00,0.00,0,0,0.2
1666,2,10,1,10.0,0.10,0.00,2,2,2.1
1667,6,48,14,29.2,0.65,0.13,0,0,5.7
1668,2,30,10,33.3,0.39,0.07,0,0,2.2
1669,0,9,2,22.2,0.72,0.00,0,0,1.4
1670,2,9,4,44.4,0.12,0.22,0,0,1.1
1671,0,9,2,22.2,0.07,0.00,0,0,0.2
1672,0,5,1,20.0,0.12,0.00,0,0,0.1
1673,0,0,0,,0.00,,0,0,0.0
1674,1,13,3,23.1,0.10,0.08,0,0,1.2
1675,0,0,0,,0.00,,0,0,0.0
1676,1,4,2,50.0,0.09,0.25,0,0,0.2
1677,1,22,5,22.7,0.24,0.05,0,0,0.9
1678,0,2,0,0.0,0.00,0.00,0,0,0.2
1679,9,43,16,37.2,0.94,0.21,0,0,6.5
1680,4,34,10,29.4,0.79,0.12,0,0,3.6
1681,3,30,13,43.3,0.59,0.10,0,0,2.0
1682,0,5,1,20.0,1.22,0.00,0,0,0.1
1683,0,16,3,18.8,0.14,0.00,0,0,1.7
1684,5,30,7,23.3,0.33,0.10,2,2,5.5
1685,6,47,22,46.8,1.18,0.13,0,0,2.7
1686,1,14,3,21.4,0.18,0.07,0,0,0.7
1687,0,3,0,0.0,0.00,0.00,0,0,0.5
1688,0,11,2,18.2,0.13,0.00,0,0,0.3
1689,0,1,0,0.0,0.00,0.00,0,0,0.1
1690,2,16,5,31.3,0.19,0.13,0,0,2.3
1691,0,0,0,,0.00,,0,0,0.0
1692,0,0,0,,0.00,,0,0,0.0
1693,2,14,5,35.7,0.46,0.14,0,0,1.2
1694,0,8,3,37.5,0.14,0.00,0,0,1.3
1695,0,0,0,,0.00,,0,0,0.0
1696,2,33,8,24.2,0.35,0.06,0,0,2.0
1697,5,35,17,48.6,0.86,0.14,0,1,5.2
1698,1,21,5,23.8,0.26,0.05,0,0,1.0
1699,12,64,27,42.2,1.16,0.16,2,3,13.2
1700,0,2,0,0.0,0.00,0.00,0,0,0.0
1701,0,6,0,0.0,0.00,0.00,0,0,0.2
1702,1,13,3,23.1,0.15,0.08,0,0,1.1
1703,0,9,3,33.3,0.18,0.00,0,0,0.7
1704,0,25,8,32.0,0.32,0.00,0,0,2.3
1705,18,85,32,37.6,1.05,0.20,1,2,13.4
1706,0,2,1,50.0,0.46,0.00,0,0,0.6
1707,0,3,1,33.3,0.21,0.00,0,0,0.1
1708,0,0,0,,0.00,,0,0,0.0
1709,0,0,0,,0.00,,0,0,0.0
1710,10,49,18,36.7,0.80,0.20,0,0,7.9
1711,0,0,0,,0.00,,0,0,0.0
1712,0,1,0,0.0,0.00,0.00,0,0,0.0
1713,0,5,0,0.0,0.00,0.00,0,0,0.2
1714,3,27,11,40.7,0.95,0.11,0,0,5.6
1715,0,3,0,0.0,0.00,0.00,0,0,0.2
1716,0,0,0,,0.00,,0,0,0.0
1717,7,78,29,37.2,0.91,0.09,0,0,7.0
1718,4,56,13,23.2,0.52,0.07,0,0,5.7
1719,6,35,9,25.7,0.65,0.17,0,0,5.0
1720,0,0,0,,0.00,,0,0,0.0
1721,1,22,6,27.3,0.17,0.05,0,0,0.8
1722,0,4,1,25.0,0.17,0.00,0,0,0.4
1723,0,0,0,,0.00,,0,0,0.0
1724,0,6,0,0.0,0.00,0.00,0,0,0.4
1725,3,21,6,28.6,0.30,0.14,0,0,2.5
1726,0,10,3,30.0,0.19,0.00,0,0,0.6
1727,2,13,7,53.8,0.49,0.15,0,0,0.9
1728,0,0,0,,0.00,,0,0,0.0
1729,8,53,20,37.7,0.80,0.15,0,0,8.3
1730,0,4,0,0.0,0.00,0.00,0,0,0.2
1731,5,28,13,46.4,0.49,0.18,0,0,4.0
1732,0,0,0,,0.00,,0,0,0.0
1733,0,0,0,,0.00,,0,0,0.0
1734,0,4,2,50.0,1.09,0.00,0,0,0.1
1735,0,25,7,28.0,0.36,0.00,0,0,2.1
1736,18,72,34,47.2,2.43,0.17,6,7,14.0
1737,0,2,0,0.0,0.00,0.00,0,0,0.0
1738,1,9,6,66.7,0.35,0.11,0,0,0.4
1739,1,17,4,23.5,0.45,0.06,0,0,2.1
1740,0,9,1,11.1,0.04,0.00,0,0,0.4
1741,0,5,0,0.0,0.00,0.00,0,0,0.3
1742,0,0,0,,0.00,,0,0,0.0
1743,0,0,0,,0.00,,0,0,0.0
1744,0,0,0,,0.00,,0,0,0.0
1745,0,11,3,27.3,0.22,0.00,0,0,0.8
1746,0,1,0,0.0,0.00,0.00,0,0,0.1
1747,0,0,0,,0.00,,0,0,0.0
1748,0,0,0,,0.00,,0,0,0.0
1749,1,9,2,22.2,0.10,0.11,0,0,0.6
1750,0,9,2,22.2,0.11,0.00,0,0,0.3
1751,0,0,0,,0.00,,0,0,0.0
1752,1,1,0,0.0,0.00,0.00,1,1,0.8
1753,0,0,0,,0.00,,0,0,0.0
1754,0,1,0,0.0,0.00,0.00,0,0,0.0
1755,0,3,1,33.3,0.07,0.00,0,0,0.3
1756,1,6,1,16.7,0.21,0.17,0,0,0.3
1757,0,10,2,20.0,0.10,0.00,0,0,0.4
1758,6,65,19,29.2,0.83,0.09,0,0,2.6
1759,0,7,1,14.3,0.05,0.00,0,0,0.2
1760,0,7,0,0.0,0.00,0.00,0,0,0.2
1761,2,25,9,36.0,0.28,0.08,0,0,1.6
1762,0,12,3,25.0,0.20,0.00,0,0,1.0
1763,0,5,0,0.0,0.00,0.00,0,0,0.2
1764,0,7,1,14.3,0.05,0.00,0,0,0.4
1765,0,10,2,20.0,0.05,0.00,0,0,0.2
1766,0,0,0,,0.00,,0,0,0.0
1767,0,0,0,,0.00,,0,0,0.0
1768,0,0,0,,0.00,,0,0,0.0
1769,0,0,0,,0.00,,0,0,0.0
1770,2,27,2,7.4,0.07,0.07,0,0,1.8
1771,0,9,4,44.4,0.65,0.00,0,0,1.3
1772,2,9,4,44.4,0.36,0.22,0,0,0.4
1773,1,11,4,36.4,0.57,0.09,0,0,0.9
1774,3,35,10,28.6,0.72,0.09,0,0,3.7
1775,0,0,0,,0.00,,0,0,0.0
1776,3,17,6,35.3,0.58,0.18,0,0,2.0
1777,0,0,0,,0.00,,0,0,0.0
1778,4,58,22,37.9,0.84,0.07,0,0,6.0
1779,0,7,4,57.1,0.16,0.00,0,0,0.6
1780,2,62,10,16.1,0.29,0.03,0,0,1.7
1781,13,64,31,48.4,2.12,0.14,4,5,12.7
1782,0,1,1,100.0,0.20,0.00,0,0,0.0
1783,0,0,0,,0.00,,0,0,0.0
1784,0,0,0,,0.00,,0,0,0.0
1785,0,0,0,,0.00,,0,0,
1786,5,28,10,35.7,0.49,0.18,0,0,3.7
1787,1,12,5,41.7,0.15,0.08,0,0,1.0
1788,3,29,10,34.5,0.95,0.07,1,1,2.3
1789,10,65,27,41.5,1.14,0.15,0,2,9.3
1790,0,0,0,,0.00,,0,0,0.0
1791,0,0,0,,0.00,,0,0,0.0
1792,0,0,0,,0.00,,0,0,0.0
1793,13,75,38,50.7,1.26,0.16,1,2,12.6
1794,6,41,8,19.5,0.23,0.10,2,2,4.3
1795,3,32,6,18.8,0.79,0.09,0,0,2.9
1796,1,1,1,100.0,1.08,1.00,0,0,0.3
1797,0,2,0,0.0,0.00,0.00,0,0,0.1
1798,2,15,5,33.3,0.71,0.13,0,0,3.2
1799,1,10,3,30.0,0.10,0.10,0,0,1.0
1800,5,52,23,44.2,1.08,0.10,0,0,7.4
1801,0,3,0,0.0,0.00,0.00,0,0,0.5
1802,4,14,3,21.4,0.10,0.07,3,3,2.8
1803,3,28,12,42.9,1.20,0.11,0,0,2.1
1804,2,6,4,66.7,1.11,0.17,1,1,2.1
1805,1,13,5,38.5,0.50,0.08,0,0,1.1
1806,0,2,0,0.0,0.00,0.00,0,0,0.2
1807,1,16,5,31.3,0.15,0.00,1,1,1.5
1808,0,0,0,,0.00,,0,0,0.0
1809,1,6,3,50.0,0.27,0.17,0,0,0.8
1810,0,8,3,37.5,0.17,0.00,0,0,0.4
1811,0,6,0,0.0,0.00,0.00,0,0,0.4
1812,0,0,0,,0.00,,0,0,0.0
1813,0,0,0,,0.00,,0,0,0.0
1814,2,13,5,38.5,0.19,0.15,0,0,0.7
1815,0,2,1,50.0,0.23,0.00,0,0,0.2
1816,0,16,2,12.5,0.06,0.00,0,0,1.3
1817,3,12,4,33.3,0.54,0.25,0,0,1.8
1818,1,22,7,31.8,0.38,0.05,0,0,1.4
1819,0,0,0,,0.00,,0,0,0.0
1820,0,0,0,,0.00,,0,0,0.0
1821,14,81,31,38.3,1.02,0.11,5,5,10.5
1822,0,9,3,33.3,0.09,0.00,0,0,0.2
1823,0,0,0,,0.00,,0,0,0.0
1824,0,2,0,0.0,0.00,0.00,0,0,0.2
1825,0,1,0,0.0,0.00,0.00,0,0,0.0
1826,2,14,4,28.6,0.13,0.14,0,0,1.6
1827,8,59,14,23.7,0.52,0.14,0,0,7.5
1828,0,1,0,0.0,0.00,0.00,0,0,0.0
1829,1,19,5,26.3,0.14,0.05,0,0,0.8
1830,0,0,0,,0.00,,0,0,0.0
1831,1,3,1,33.3,0.19,0.33,0,0,0.1
1832,2,10,4,40.0,0.12,0.20,0,0,1.6
1833,2,14,8,57.1,1.00,0.14,0,0,1.6
1834,1,12,4,33.3,0.17,0.08,0,0,1.0
1835,0,6,1,16.7,0.05,0.00,0,0,0.7
1836,0,1,0,0.0,0.00,0.00,0,0,0.0
1837,0,1,1,100.0,3.00,0.00,0,0,0.1
1838,3,21,6,28.6,0.72,0.14,0,0,1.3
1839,0,0,0,,0.00,,0,0,0.0
1840,1,4,1,25.0,0.05,0.25,0,0,0.5
1841,0,1,0,0.0,0.00,0.00,0,0,0.0
1842,4,38,21,55.3,1.09,0.11,0,0,4.2
1843,2,49,18,36.7,1.82,0.04,0,0,2.1
1844,0,1,0,0.0,0.00,0.00,0,0,0.2
1845,0,3,1,33.3,0.19,0.00,0,0,
1846,0,1,0,0.0,0.00,0.00,0,0,
1847,1,7,3,42.9,0.32,0.14,0,0,0.6
1848,8,38,16,42.1,0.60,0.11,4,5,7.4
1849,4,14,6,42.9,0.75,0.29,0,0,2.0
1850,0,0,0,,0.00,,0,0,0.0
1851,8,90,25,27.8,0.84,0.09,0,0,8.2
1852,8,46,21,45.7,1.02,0.17,0,0,6.7
1853,0,3,1,33.3,0.15,0.00,0,0,0.3
1854,13,82,32,39.0,1.26,0.13,2,3,15.0
1855,0,0,0,,0.00,,0,0,0.0
1856,2,15,7,46.7,0.37,0.13,0,0,2.4
1857,2,22,7,31.8,0.28,0.09,0,0,1.0
1858,0,3,1,33.3,0.24,0.00,0,0,0.1
1859,0,0,0,,0.00,,0,0,0.0
1860,1,12,3,25.0,0.48,0.08,0,0,1.4
1861,3,35,10,28.6,0.64,0.09,0,0,3.2
1862,0,0,0,,0.00,,0,0,0.0
1863,0,0,0,,0.00,,0,0,0.0
1864,2,21,9,42.9,0.72,0.10,0,0,1.8
1865,0,2,0,0.0,0.00,0.00,0,0,0.1
1866,4,40,10,25.0,0.61,0.10,0,0,3.0
1867,10,57,18,31.6,0.53,0.11,4,4,8.5
1868,0,10,1,10.0,0.05,0.00,0,0,0.3
1869,1,9,3,33.3,0.19,0.11,0,0,1.3
1870,4,35,10,28.6,0.51,0.11,0,0,2.0
1871,4,17,7,41.2,0.29,0.24,0,0,1.6
1872,0,0,0,,0.00,,0,0,0.0
1873,0,0,0,,0.00,,0,0,0.0
1874,7,47,15,31.9,1.05,0.13,1,1,6.5
1875,0,0,0,,0.00,,0,0,0.0
1876,0,7,1,14.3,0.12,0.00,0,0,0.2
1877,0,3,0,0.0,0.00,0.00,0,0,0.1
1878,0,6,2,33.3,0.35,0.00,0,0,0.3
1879,7,59,25,42.4,0.89,0.12,0,0,8.3
1880,0,5,0,0.0,0.00,0.00,0,0,0.2
1881,0,1,0,0.0,0.00,0.00,0,0,0.1
1882,0,14,3,21.4,0.14,0.00,0,0,1.2
1883,0,13,7,53.8,0.62,0.00,0,0,1.0
1884,0,10,1,10.0,0.21,0.00,0,0,1.7
1885,0,3,0,0.0,0.00,0.00,0,0,0.1
1886,0,0,0,,0.00,,0,0,0.0
1887,9,37,22,59.5,1.18,0.24,0,0,5.4
1888,0,1,0,0.0,0.00,0.00,0,0,0.0
1889,2,7,2,28.6,0.11,0.29,0,0,1.0
1890,1,2,1,50.0,0.10,0.50,0,0,0.1
1891,0,34,13,38.2,1.06,0.00,0,0,2.3
1892,0,5,0,0.0,0.00,0.00,0,0,0.2
1893,1,2,2,100.0,0.96,0.50,0,0,0.3
1894,0,18,5,27.8,0.55,0.00,0,0,0.5
1895,8,29,10,34.5,0.30,0.10,5,6,6.3
1896,1,3,2,66.7,0.29,0.33,0,0,0.8
1897,0,0,0,,0.00,,0,0,0.0
1898,1,17,6,35.3,0.32,0.06,0,0,1.1
1899,0,0,0,,0.00,,0,0,0.0
1900,3,31,8,25.8,0.28,0.10,0,0,1.4
1901,9,59,17,28.8,0.63,0.15,0,0,10.2
1902,0,16,3,18.8,0.53,0.00,0,0,1.6
1903,0,6,0,0.0,0.00,0.00,0,0,0.1
1904,0,0,0,,0.00,,0,0,0.0
1905,3,9,4,44.4,1.18,0.33,0,0,1.9
1906,0,0,0,,0.00,,0,0,0.0
1907,1,8,2,25.0,0.06,0.13,0,0,0.7
1908,4,21,7,33.3,0.23,0.19,0,0,1.6
1909,0,0,0,,0.00,,0,0,0.0
1910,0,7,3,42.9,0.33,0.00,0,0,0.6
1911,0,2,0,0.0,0.00,0.00,0,0,0.1
1912,9,60,23,38.3,1.07,0.10,3,3,6.2
1913,0,2,0,0.0,0.00,0.00,0,0,0.3
1914,0,4,0,0.0,0.00,0.00,0,0,0.2
1915,4,10,4,40.0,1.17,0.10,3,3,3.9
1916,0,0,0,,0.00,,0,0,0.0
1917,1,15,7,46.7,0.47,0.07,0,0,1.2
1918,0,0,0,,0.00,,0,0,0.0
1919,0,5,1,20.0,1.43,0.00,0,0,0.4
1920,1,23,9,39.1,1.23,0.04,0,0,2.9
1921,18,82,32,39.0,0.91,0.17,4,6,13.6
1922,0,1,0,0.0,0.00,0.00,0,0,0.1
1923,1,12,5,41.7,0.41,0.08,0,0,1.7
1924,0,0,0,,0.00,,0,0,0.0
1925,0,0,0,,0.00,,0,0,0.0
1926,0,4,0,0.0,0.00,0.00,0,0,0.1
1927,0,0,0,,0.00,,0,0,0.0
1928,1,58,10,17.2,0.43,0.02,0,0,4.0
1929,0,15,5,33.3,0.24,0.00,0,0,0.6
1930,0,0,0,,0.00,,0,0,0.0
1931,0,2,0,0.0,0.00,0.00,0,0,0.0
1932,0,8,0,0.0,0.00,0.00,0,0,0.8
1933,2,6,3,50.0,0.14,0.33,0,0,1.1
1934,0,0,0,,0.00,,0,0,0.0
1935,5,49,16,32.7,0.72,0.08,1,1,4.7
1936,0,0,0,,0.00,,0,0,0.0
1937,0,5,1,20.0,0.07,0.00,0,0,0.1
1938,0,0,0,,0.00,,0,0,0.0
1939,1,36,9,25.0,0.53,0.03,0,0,1.9
1940,1,37,14,37.8,0.85,0.03,0,0,2.4
1941,3,17,5,29.4,0.18,0.18,0,0,1.2
1942,1,14,4,28.6,1.03,0.07,0,0,0.8
1943,2,14,5,35.7,0.43,0.14,0,0,1.1
1944,3,19,8,42.1,0.44,0.11,1,1,2.5
1945,8,46,20,43.5,0.90,0.15,1,1,5.7
1946,1,14,6,42.9,1.13,0.07,0,0,0.9
1947,1,21,8,38.1,1.27,0.05,0,0,1.7
1948,2,19,7,36.8,0.58,0.11,0,0,1.1
1949,0,0,0,,0.00,,0,0,0.0
1950,0,5,1,20.0,0.41,0.00,0,0,0.5
1951,11,43,14,32.6,0.50,0.14,5,5,10.0
1952,1,19,2,10.5,0.08,0.00,1,1,1.1
1953,0,0,0,,0.00,,0,0,0.0
1954,0,0,0,,0.00,,0,0,0.0
1955,4,41,12,29.3,0.90,0.10,0,0,3.7
1956,5,11,4,36.4,0.41,0.09,4,4,4.0
1957,0,20,4,20.0,0.22,0.00,0,0,0.6
1958,0,5,0,0.0,0.00,0.00,0,0,0.5
1959,0,3,1,33.3,0.25,0.00,0,0,0.3
1960,0,0,0,,0.00,,0,0,0.0
1961,7,32,14,43.8,0.51,0.22,0,0,4.8
1962,12,104,25,24.0,0.74,0.07,5,7,12.9
1963,11,55,20,36.4,0.74,0.18,1,1,8.1
1964,0,0,0,,0.00,,0,0,0.0
1965,0,0,0,,0.00,,0,0,0.0
1966,0,18,7,38.9,0.29,0.00,0,0,0.5
1967,3,34,9,26.5,0.29,0.09,0,0,2.6
1968,0,0,0,,0.00,,0,0,0.0
1969,0,3,1,33.3,0.09,0.00,0,0,0.1
1970,0,1,0,0.0,0.00,0.00,0,0,0.0
1971,5,31,12,38.7,0.54,0.16,0,0,2.6
1972,4,23,8,34.8,0.79,0.09,2,2,4.4
1973,4,45,12,26.7,0.91,0.02,3,3,6.2
1974,0,3,0,0.0,0.00,0.00,0,0,0.1
1975,0,1,0,0.0,0.00,0.00,0,0,0.1
1976,0,0,0,,0.00,,0,0,0.0
1977,0,1,0,0.0,0.00,0.00,0,0,0.4
1978,0,0,0,,0.00,,0,0,0.0
1979,0,2,0,0.0,0.00,0.00,0,0,0.0
1980,0,2,0,0.0,0.00,0.00,0,0,0.0
1981,0,0,0,,0.00,,0,0,
1982,0,14,4,28.6,0.19,0.00,0,0,0.6
1983,1,2,1,50.0,0.07,0.50,0,0,0.9
1984,5,51,16,31.4,0.64,0.08,1,2,6.7
1985,0,0,0,,0.00,,0,0,0.0
1986,0,0,0,,0.00,,0,0,0.0
1987,0,1,1,100.0,0.19,0.00,0,0,0.4
1988,1,15,6,40.0,0.17,0.07,0,0,2.3
1989,0,0,0,,0.00,,0,0,0.0
1990,1,6,1,16.7,0.04,0.17,0,0,0.7
1991,1,8,3,37.5,0.13,0.13,0,0,0.4
1992,0,4,0,0.0,0.00,0.00,0,0,0.3
1993,3,21,5,23.8,0.20,0.14,0,0,1.0
1994,4,40,13,32.5,0.47,0.10,0,0,4.3
1995,0,4,0,0.0,0.00,0.00,0,0,0.4
1996,10,77,35,45.5,1.47,0.13,0,1,10.6
1997,0,1,0,0.0,0.00,0.00,0,0,0.0
1998,1,10,4,40.0,1.25,0.10,0,0,1.6
1999,1,21,7,33.3,0.52,0.05,0,1,1.9
2000,0,0,0,,0.00,,0,0,0.0
2001,2,24,7,29.2,0.33,0.08,0,0,2.0
2002,2,19,8,42.1,0.97,0.11,0,0,1.9
2003,0,16,4,25.0,1.39,0.00,0,0,0.9
2004,2,6,1,16.7,0.27,0.00,2,2,1.9
2005,2,5,3,60.0,0.29,0.40,0,0,0.5
2006,1,4,1,25.0,0.08,0.25,0,0,0.2
2007,0,0,0,,0.00,,0,0,0.0
2008,0,1,0,0.0,0.00,0.00,0,0,0.0
2009,0,3,1,33.3,0.24,0.00,0,0,0.3
2010,7,40,15,37.5,0.56,0.18,0,1,5.8
2011,0,24,6,25.0,0.23,0.00,0,0,2.0
2012,1,7,3,42.9,0.11,0.14,0,0,0.7
2013,0,0,0,,0.00,,0,0,0.0
2014,5,33,10,30.3,0.74,0.15,0,0,5.7
2015,0,0,0,,0.00,,0,0,0.0
2016,0,1,0,0.0,0.00,0.00,0,0,0.1
2017,1,6,2,33.3,0.12,0.17,0,0,0.3
2018,0,0,0,,0.00,,0,0,0.0
2019,0,0,0,,0.00,,0,0,0.0
2020,1,16,3,18.8,0.24,0.06,0,0,1.3
2021,0,9,4,44.4,1.29,0.00,0,1,1.4
2022,0,1,1,100.0,1.15,0.00,0,0,0.0
2023,6,44,19,43.2,0.86,0.11,1,1,4.8
2024,0,2,0,0.0,0.00,0.00,0,0,0.1
2025,2,51,14,27.5,0.61,0.04,0,0,2.9
2026,0,10,4,40.0,0.39,0.00,0,0,0.6
2027,1,31,8,25.8,0.25,0.03,0,0,1.3
2028,7,46,18,39.1,0.63,0.15,0,0,7.2
2029,0,7,4,57.1,0.71,0.00,0,0,0.6
2030,11,80,32,40.0,1.00,0.11,2,2,12.3
2031,7,25,6,24.0,0.18,0.00,7,8,7.5
2032,9,62,25,40.3,1.31,0.15,0,0,8.0
2033,1,10,4,40.0,1.06,0.10,0,0,0.7
2034,0,0,0,,0.00,,0,0,0.0
2035,11,96,29,30.2,1.15,0.06,5,7,13.2
2036,13,72,29,40.3,1.00,0.17,1,1,10.6
2037,0,1,1,100.0,4.09,0.00,0,0,0.0
2038,0,10,0,0.0,0.00,0.00,0,0,0.2
2039,0,3,1,33.3,0.06,0.00,0,0,0.2
2040,0,9,1,11.1,0.18,0.00,0,0,0.7
2041,1,19,6,31.6,0.28,0.05,0,0,1.0
2042,1,3,2,66.7,0.09,0.33,0,0,0.2
2043,5,30,14,46.7,1.43,0.17,0,0,2.8
2044,0,16,4,25.0,0.27,0.00,0,0,0.8
2045,0,0,0,,0.00,,0,0,0.0
2046,1,5,1,20.0,0.04,0.20,0,0,0.2
2047,0,0,0,,0.00,,0,0,0.0
2048,0,5,1,20.0,0.13,0.00,0,0,0.1
2049,0,0,0,,0.00,,0,0,0.0
2050,0,8,3,37.5,4.22,0.00,0,0,0.5
2051,0,6,1,16.7,0.48,0.00,0,0,0.4
2052,4,32,10,31.3,0.43,0.13,0,0,1.8
2053,1,8,4,50.0,1.15,0.13,0,0,0.6
2054,0,1,0,0.0,0.00,0.00,0,0,0.1
2055,1,14,2,14.3,0.06,0.07,0,0,1.8
2056,0,0,0,,0.00,,0,0,0.0
2057,1,24,7,29.2,0.40,0.04,0,0,2.1
2058,4,33,16,48.5,0.90,0.12,0,0,4.2
2059,7,37,16,43.2,1.03,0.11,3,3,6.2
2060,3,45,17,37.8,1.17,0.07,0,1,4.5
2061,1,4,2,50.0,0.39,0.25,0,0,0.2
2062,0,6,2,33.3,0.80,0.00,0,0,0.4
2063,11,35,11,31.4,0.33,0.14,6,6,10.2
2064,0,0,0,,0.00,,0,0,0.0
2065,3,27,9,33.3,0.77,0.11,0,0,2.7
2066,0,0,0,,0.00,,0,0,0.0
2067,0,3,0,0.0,0.00,0.00,0,0,0.1
2068,0,5,0,0.0,0.00,0.00,0,0,0.3
2069,0,0,0,,0.00,,0,0,0.0
2070,17,84,38,45.2,1.29,0.13,6,8,17.5
2071,8,70,26,37.1,1.03,0.09,2,3,6.2
2072,2,11,5,45.5,1.70,0.18,0,0,1.7
2073,0,0,0,,0.00,,0,0,0.0
2074,11,42,20,47.6,1.29,0.26,0,0,6.7
2075,0,2,1,50.0,1.00,0.00,0,0,0.1
2076,0,19,5,26.3,0.23,0.00,0,0,1.9
2077,0,23,7,30.4,0.40,0.00,0,0,1.2
2078,0,1,0,0.0,0.00,0.00,0,0,0.3
2079,4,59,21,35.6,0.68,0.07,0,0,5.0
2080,0,3,1,33.3,1.05,0.00,0,0,0.1
2081,0,0,0,,0.00,,0,0,0.0
2082,0,0,0,,0.00,,0,0,0.0
2083,2,29,7,24.1,0.25,0.07,0,0,1.8
2084,0,5,3,60.0,0.51,0.00,0,0,0.3
2085,0,0,0,,0.00,,0,0,0.0
2086,0,0,0,,0.00,,0,0,0.0
2087,0,0,0,,0.00,,0,0,0.0
2088,1,2,1,50.0,1.14,0.50,0,0,0.4
2089,2,4,3,75.0,0.34,0.50,0,0,1.0
2090,1,4,2,50.0,0.14,0.25,0,0,0.5
2091,0,1,0,0.0,0.00,0.00,0,0,0.1
2092,7,28,11,39.3,1.03,0.25,0,0,4.5
2093,0,0,0,,0.00,,0,0,0.0
2094,11,45,22,48.9,1.32,0.22,1,1,9.5
2095,0,13,7,53.8,1.01,0.00,0,0,1.0
2096,0,4,2,50.0,0.51,0.00,0,0,0.1
2097,0,0,0,,0.00,,0,0,0.0
2098,0,4,3,75.0,1.48,0.00,0,0,0.1
2099,3,25,13,52.0,0.83,0.12,0,0,2.9
2100,0,0,0,,0.00,,0,0,0.0
2101,1,30,9,30.0,0.24,0.03,0,0,1.1
2102,0,0,0,,0.00,,0,0,0.0
2103,13,91,31,34.1,0.91,0.14,0,0,9.0
2104,4,63,18,28.6,0.71,0.06,0,0,4.5
2105,0,11,3,27.3,0.12,0.00,0,0,0.3
2106,0,0,0,,0.00,,0,0,0.0
2107,0,3,0,0.0,0.00,0.00,0,0,0.1
2108,0,7,2,28.6,0.42,0.00,0,0,1.2
2109,1,18,7,38.9,0.23,0.06,0,0,1.0
2110,0,9,2,22.2,0.11,0.00,0,0,0.5
2111,4,48,15,31.3,0.67,0.04,2,2,6.0
2112,0,1,0,0.0,0.00,0.00,0,0,0.1
2113,0,11,3,27.3,0.14,0.00,0,0,0.8
2114,0,1,0,0.0,0.00,0.00,0,0,0.1
2115,0,8,1,12.5,0.11,0.00,0,0,0.3
2116,2,25,6,24.0,0.41,0.08,0,1,1.5
2117,0,9,3,33.3,0.62,0.00,0,0,0.3
2118,0,1,0,0.0,0.00,0.00,0,0,0.0
2119,0,1,0,0.0,0.00,0.00,0,0,0.0
2120,0,0,0,,0.00,,0,0,0.0
2121,0,0,0,,0.00,,0,0,0.0
2122,0,1,0,0.0,0.00,0.00,0,0,0.0
2123,1,9,3,33.3,0.12,0.11,0,0,0.8
2124,0,0,0,,0.00,,0,0,0.0
2125,2,20,6,30.0,0.17,0.10,0,0,1.6
2126,1,13,3,23.1,0.40,0.08,0,0,2.1
2127,0,0,0,,0.00,,0,0,0.0
2128,0,0,0,,0.00,,0,0,0.0
2129,2,29,3,10.3,0.09,0.00,2,2,2.4
2130,5,59,14,23.7,0.67,0.08,0,0,2.6
2131,3,12,6,50.0,0.28,0.25,0,0,0.9
2132,3,24,9,37.5,0.33,0.13,0,0,0.9
2133,4,39,14,35.9,0.67,0.10,0,0,5.7
2134,1,23,8,34.8,0.37,0.04,0,0,1.1
2135,0,0,0,,0.00,,0,0,0.0
2136,9,58,27,46.6,1.27,0.12,2,2,4.6
2137,10,49,23,46.9,1.47,0.18,1,1,6.5
2138,5,52,11,21.2,0.33,0.08,1,1,4.5
2139,1,12,3,25.0,0.29,0.08,0,0,0.9
2140,1,9,1,11.1,0.21,0.11,0,0,0.9
2141,8,66,26,39.4,1.16,0.11,1,1,8.0
2142,0,0,0,,0.00,,0,0,0.0
2143,0,1,0,0.0,0.00,0.00,0,0,0.0
2144,2,16,8,50.0,0.71,0.13,0,0,2.6
2145,0,0,0,,0.00,,0,0,0.0
2146,1,30,8,26.7,0.31,0.03,0,0,2.0
2147,0,3,0,0.0,0.00,0.00,0,0,0.4
2148,1,11,4,36.4,0.35,0.09,0,0,0.4
2149,0,1,0,0.0,0.00,0.00,0,0,0.1
2150,0,2,1,50.0,0.06,0.00,0,0,0.1
2151,1,14,3,21.4,0.09,0.07,0,0,1.6
2152,0,12,2,16.7,0.10,0.00,0,0,0.8
2153,1,14,3,21.4,0.10,0.00,1,1,2.3
2154,0,0,0,,0.00,,0,0,0.0
2155,0,9,0,0.0,0.00,0.00,0,0,0.3
2156,1,17,7,41.2,0.37,0.06,0,0,2.1
2157,0,0,0,,0.00,,0,0,0.0
2158,31,196,67,34.2,2.07,0.10,12,13,26.7
2159,1,3,2,66.7,0.14,0.33,0,0,0.0
2160,0,36,8,22.2,0.40,0.00,0,1,2.3
2161,0,4,1,25.0,0.33,0.00,0,0,0.2
2162,2,31,6,19.4,0.20,0.06,0,0,1.7
2163,0,9,1,11.1,0.05,0.00,0,0,0.4
2164,0,0,0,,0.00,,0,0,0.0
2165,0,2,0,0.0,0.00,0.00,0,0,0.1
2166,0,0,0,,0.00,,0,0,0.0
2167,0,4,0,0.0,0.00,0.00,0,0,0.1
2168,0,0,0,,0.00,,0,0,0.0
2169,1,19,4,21.1,0.15,0.05,0,0,0.9
2170,2,18,8,44.4,1.23,0.11,0,0,1.5
2171,0,1,0,0.0,0.00,0.00,0,0,0.0
2172,0,43,12,27.9,0.33,0.00,0,0,3.0
2173,0,0,0,,0.00,,0,0,0.0
2174,0,17,4,23.5,0.41,0.00,0,0,0.6
2175,2,11,3,27.3,0.16,0.18,0,0,0.5
2176,1,25,9,36.0,0.30,0.04,0,0,1.3
2177,0,0,0,,0.00,,0,0,0.0
2178,0,0,0,,0.00,,0,0,0.0
2179,0,6,2,33.3,0.26,0.00,0,0,0.3
2180,0,32,10,31.3,0.46,0.00,0,0,1.2
2181,0,16,3,18.8,0.22,0.00,0,0,0.7
2182,3,71,17,23.9,0.57,0.04,0,0,3.1
2183,0,0,0,,0.00,,0,0,0.0
2184,0,5,0,0.0,0.00,0.00,0,0,0.3
2185,0,4,2,50.0,0.26,0.00,0,0,0.3
2186,0,0,0,,0.00,,0,0,0.0
2187,0,2,0,0.0,0.00,0.00,0,0,0.7
2188,0,0,0,,0.00,,0,0,0.0
2189,2,29,11,37.9,0.61,0.07,0,0,3.6
2190,0,1,0,0.0,0.00,0.00,0,0,0.0
2191,0,6,1,16.7,0.10,0.00,0,0,0.3
2192,0,14,4,28.6,0.11,0.00,0,0,0.6
2193,4,38,14,36.8,1.20,0.08,1,1,2.7
2194,9,71,24,33.8,0.86,0.13,0,0,7.1
2195,0,0,0,,0.00,,0,0,0.0
2196,1,9,2,22.2,0.26,0.11,0,0,0.8
2197,0,0,0,,0.00,,0,0,0.0
2198,0,11,1,9.1,0.07,0.00,0,0,0.4
2199,2,25,10,40.0,0.78,0.08,0,0,2.4
2200,3,46,20,43.5,0.97,0.07,0,0,3.0
2201,0,0,0,,0.00,,0,0,0.0
2202,1,9,5,55.6,0.79,0.11,0,0,1.2
2203,2,23,8,34.8,0.27,0.09,0,0,2.7
2204,1,13,4,30.8,0.21,0.08,0,0,1.3
2205,0,3,0,0.0,0.00,0.00,0,0,0.1
2206,0,0,0,,0.00,,0,0,0.0
2207,0,14,2,14.3,0.21,0.00,0,0,0.5
2208,19,130,56,43.1,1.75,0.12,3,3,19.0
2209,0,0,0,,0.00,,0,0,0.0
2210,1,22,7,31.8,0.93,0.05,0,0,1.5
2211,0,3,0,0.0,0.00,0.00,0,0,0.1
2212,0,1,0,0.0,0.00,0.00,0,0,0.0
2213,0,0,0,,0.00,,0,0,0.0
2214,1,7,1,14.3,0.03,0.14,0,0,1.2
2215,2,34,12,35.3,0.93,0.06,0,0,2.5
2216,0,0,0,,0.00,,0,0,0.0
2217,0,7,2,28.6,0.14,0.00,0,0,0.2
2218,1,17,3,17.6,0.29,0.06,0,0,1.9
2219,6,50,16,32.0,0.86,0.12,0,0,4.9
2220,1,13,5,38.5,0.77,0.08,0,0,0.4
2221,1,9,2,22.2,0.35,0.11,0,0,0.5
2222,0,3,1,33.3,0.05,0.00,0,0,0.0
2223,0,6,1,16.7,0.25,0.00,0,0,0.5
2224,6,41,20,48.8,1.30,0.15,0,0,3.7
2225,1,9,5,55.6,0.61,0.11,0,0,0.9
2226,0,0,0,,0.00,,0,0,0.0
2227,3,31,11,35.5,0.67,0.10,0,0,1.9
2228,4,21,11,52.4,1.07,0.14,1,1,4.3
2229,0,0,0,,0.00,,0,0,0.0
2230,0,8,3,37.5,0.11,0.00,0,0,0.6
2231,2,10,3,30.0,0.12,0.20,0,0,1.5
2232,0,3,0,0.0,0.00,0.00,0,0,0.4
2233,0,0,0,,0.00,,0,0,0.0
2234,0,10,1,10.0,0.05,0.00,0,0,0.3
2235,17,52,28,53.8,1.10,0.33,0,0,9.3
2236,1,17,5,29.4,0.19,0.06,0,0,0.7
2237,0,2,0,0.0,0.00,0.00,0,0,0.1
2238,2,9,3,33.3,0.24,0.22,0,0,0.7
2239,0,7,5,71.4,1.21,0.00,0,0,0.4
2240,0,20,5,25.0,0.21,0.00,0,0,1.2
2241,2,17,5,29.4,0.19,0.12,0,0,2.0
2242,3,24,10,41.7,0.99,0.08,1,1,3.5
2243,5,38,12,31.6,0.50,0.13,0,0,3.1
2244,4,76,19,25.0,0.75,0.01,3,4,9.2
2245,1,38,11,28.9,0.40,0.03,0,0,1.2
2246,1,24,5,20.8,0.58,0.00,1,1,3.2
2247,0,2,1,50.0,0.15,0.00,0,0,0.1
2248,1,5,3,60.0,0.17,0.20,0,0,0.8
2249,0,5,0,0.0,0.00,0.00,0,0,0.3
2250,2,26,9,34.6,0.86,0.08,0,0,2.1
2251,0,1,0,0.0,0.00,0.00,0,0,0.1
2252,4,32,10,31.3,0.77,0.13,0,0,4.0
2253,1,3,1,33.3,0.50,0.33,0,0,0.5
2254,4,28,12,42.9,0.76,0.14,0,0,4.3
2255,1,28,4,14.3,0.17,0.04,0,0,1.9
2256,5,44,13,29.5,0.58,0.11,0,0,5.8
2257,1,4,1,25.0,0.06,0.25,0,0,0.2
2258,0,20,6,30.0,0.46,0.00,0,0,1.5
2259,0,16,1,6.3,0.07,0.00,0,0,0.5
2260,6,29,7,24.1,0.41,0.14,2,2,2.6
2261,0,2,1,50.0,0.05,0.00,0,0,0.1
2262,2,19,6,31.6,0.32,0.11,0,0,1.1
2263,1,9,5,55.6,0.72,0.11,0,0,0.6
2264,0,5,1,20.0,0.25,0.00,0,0,0.4
2265,10,49,18,36.7,1.25,0.20,0,0,6.0
2266,0,1,1,100.0,2.09,0.00,0,0,0.1
2267,0,14,3,21.4,0.32,0.00,0,0,1.0
2268,1,32,8,25.0,0.42,0.03,0,0,1.4
2269,0,10,2,20.0,0.09,0.00,0,0,0.4
2270,0,3,1,33.3,0.24,0.00,0,0,0.1
2271,3,18,9,50.0,0.78,0.17,0,0,1.8
2272,0,1,0,0.0,0.00,0.00,0,0,0.0
2273,1,2,1,50.0,1.36,0.50,0,0,0.6
2274,5,43,16,37.2,0.51,0.12,0,0,2.9
2275,0,0,0,,0.00,,0,0,0.0
2276,0,2,0,0.0,0.00,0.00,0,0,0.1
2277,0,6,0,0.0,0.00,0.00,0,0,0.3
2278,2,34,9,26.5,0.33,0.06,0,1,2.9
2279,2,11,4,36.4,0.17,0.18,0,0,1.1
2280,0,14,3,21.4,0.19,0.00,0,0,1.3
2281,0,7,2,28.6,0.17,0.00,0,0,0.1
2282,0,0,0,,0.00,,0,0,0.0
2283,1,6,1,16.7,0.15,0.17,0,0,0.4
2284,0,0,0,,0.00,,0,0,0.0
2285,0,4,1,25.0,0.10,0.00,0,0,0.1
2286,0,1,1,100.0,0.11,0.00,0,0,0.0
2287,1,19,3,15.8,0.28,0.05,0,0,2.5
2288,0,13,5,38.5,0.97,0.00,0,0,1.2
2289,0,0,0,,0.00,,0,0,0.0
2290,2,16,4,25.0,0.15,0.13,0,0,0.5
2291,1,8,2,25.0,0.09,0.13,0,0,1.0
2292,1,2,1,50.0,0.14,0.50,0,0,0.8
2293,0,1,1,100.0,0.60,0.00,0,0,0.1
2294,3,29,10,34.5,1.24,0.10,0,0,1.6
2295,0,0,0,,0.00,,0,0,0.0
2296,7,37,15,40.5,0.84,0.19,0,0,3.0
2297,0,1,0,0.0,0.00,0.00,0,0,0.1
2298,5,31,11,35.5,0.39,0.10,2,3,3.8
2299,1,13,4,30.8,0.33,0.08,0,0,0.9
2300,1,4,1,25.0,0.49,0.25,0,0,0.5
2301,3,14,5,35.7,0.43,0.21,0,0,2.7
2302,0,10,5,50.0,0.26,0.00,0,0,0.5
2303,0,0,0,,0.00,,0,0,0.0
2304,6,45,14,31.1,0.59,0.13,0,0,2.4
2305,0,0,0,,0.00,,0,0,0.0
2306,0,12,3,25.0,0.15,0.00,0,0,0.4
2307,0,0,0,,0.00,,0,0,0.0
2308,1,5,2,40.0,0.15,0.20,0,0,0.3
2309,0,10,1,10.0,0.20,0.00,0,0,1.0
2310,0,0,0,,0.00,,0,0,0.0
2311,2,45,12,26.7,0.42,0.02,1,1,4.2
2312,0,11,3,27.3,0.80,0.00,0,0,0.7
2313,0,14,3,21.4,0.22,0.00,0,0,0.5
2314,0,2,0,0.0,0.00,0.00,0,0,0.4
2315,12,54,22,40.7,1.26,0.20,1,1,10.5
2316,6,49,15,30.6,0.67,0.12,0,0,6.7
2317,6,46,17,37.0,0.84,0.13,0,0,6.3
2318,0,0,0,,0.00,,0,0,0.0
2319,1,21,3,14.3,0.10,0.05,0,0,1.6
2320,0,11,3,27.3,0.58,0.00,0,0,0.6
2321,0,0,0,,0.00,,0,0,0.0
2322,0,6,2,33.3,0.11,0.00,0,0,0.2
2323,0,0,0,,0.00,,0,0,0.0
2324,0,10,3,30.0,0.18,0.00,0,0,0.5
2325,12,85,30,35.3,0.92,0.14,0,0,12.1
2326,5,43,18,41.9,0.74,0.12,0,0,6.8
2327,0,0,0,,0.00,,0,0,0.0
2328,0,1,0,0.0,0.00,0.00,0,0,0.0
2329,0,1,0,0.0,0.00,0.00,0,0,0.0
2330,1,2,1,50.0,0.68,0.50,0,0,0.2
2331,0,0,0,,0.00,,0,0,0.0
2332,0,13,4,30.8,0.19,0.00,0,0,0.9
2333,0,0,0,,0.00,,0,0,0.0
2334,0,16,1,6.3,0.06,0.00,0,0,0.8
2335,2,14,4,28.6,0.15,0.14,0,0,2.4
2336,0,0,0,,0.00,,0,0,0.0
2337,2,30,15,50.0,1.52,0.07,0,0,1.9
2338,0,0,0,,0.00,,0,0,0.0
2339,1,25,5,20.0,0.17,0.04,0,0,1.9
2340,0,0,0,,0.00,,0,0,0.0
2341,0,0,0,,0.00,,0,0,0.0
2342,1,20,7,35.0,0.83,0.05,0,0,1.6
2343,4,62,19,30.6,0.66,0.06,0,0,3.8
2344,0,3,1,33.3,0.35,0.00,0,0,0.1
2345,0,14,4,28.6,0.14,0.00,0,0,0.9
2346,1,14,1,7.1,0.17,0.07,0,0,1.6
2347,0,4,1,25.0,0.85,0.00,0,1,1.0
2348,9,48,19,39.6,1.33,0.17,1,1,10.0
2349,0,5,0,0.0,0.00,0.00,0,0,0.3
2350,3,19,5,26.3,0.18,0.16,0,0,1.9
2351,0,0,0,,0.00,,0,0,0.0
2352,0,4,1,25.0,0.04,0.00,0,0,0.6
2353,0,0,0,,0.00,,0,0,0.0
2354,2,15,6,40.0,0.73,0.13,0,0,2.3
2355,5,21,10,47.6,0.60,0.24,0,0,2.6
2356,1,1,1,100.0,0.36,1.00,0,0,0.0
2357,0,10,4,40.0,0.28,0.00,0,0,0.6
2358,0,0,0,,0.00,,0,0,0.0
2359,0,0,0,,0.00,,0,0,0.0
2360,0,7,1,14.3,0.13,0.00,0,0,0.5
2361,1,5,3,60.0,1.59,0.20,0,0,0.4
2362,3,35,8,22.9,0.44,0.09,0,0,3.7
2363,7,33,13,39.4,0.50,0.18,1,1,4.7
2364,2,18,5,27.8,0.22,0.11,0,0,1.6
2365,0,0,0,,0.00,,0,0,0.0
2366,0,0,0,,0.00,,0,0,0.0
2367,0,0,0,,0.00,,0,0,0.0
2368,0,0,0,,0.00,,0,0,0.0
2369,0,1,1,100.0,0.34,0.00,0,0,0.1
2370,0,1,1,100.0,0.09,0.00,0,0,0.3
2371,5,37,16,43.2,0.58,0.14,0,0,3.8
2372,0,16,8,50.0,1.40,0.00,0,0,0.7
2373,3,19,7,36.8,0.61,0.16,0,0,2.3
2374,1,2,1,50.0,0.14,0.50,0,0,0.6
2375,1,4,2,50.0,0.43,0.25,0,0,0.7
2376,0,1,0,0.0,0.00,0.00,0,0,0.0
2377,0,6,4,66.7,0.94,0.00,0,0,0.3
2378,2,15,4,26.7,0.18,0.13,0,0,0.6
2379,1,21,3,14.3,0.15,0.05,0,0,1.3
2380,1,20,7,35.0,0.21,0.05,0,0,2.2
2381,2,25,10,40.0,0.57,0.08,0,0,3.8
2382,1,15,4,26.7,0.23,0.07,0,0,1.3
2383,0,0,0,,0.00,,0,0,0.0
2384,1,14,6,42.9,0.92,0.07,0,0,1.1
2385,0,1,0,0.0,0.00,0.00,0,0,0.1
2386,1,2,1,50.0,1.91,0.50,0,0,0.6
2387,5,26,10,38.5,0.80,0.19,0,0,2.0
2388,2,13,2,15.4,0.09,0.15,0,0,0.8
2389,0,5,2,40.0,0.12,0.00,0,0,0.3
2390,1,4,2,50.0,0.45,0.25,0,0,0.1
2391,0,0,0,,0.00,,0,0,0.0
2392,3,16,6,37.5,0.76,0.13,1,1,1.6
2393,1,10,2,20.0,0.10,0.10,0,0,0.9
2394,0,0,0,,0.00,,0,0,0.0
2395,6,29,10,34.5,0.57,0.21,0,0,4.5
2396,0,0,0,,0.00,,0,0,0.0
2397,0,18,2,11.1,0.07,0.00,0,0,0.5
2398,1,6,1,16.7,0.04,0.17,0,0,0.8
2399,3,15,6,40.0,0.76,0.20,0,0,2.9
2400,20,96,36,37.5,1.22,0.21,0,2,17.3
2401,2,22,4,18.2,0.11,0.09,0,0,1.2
2402,0,19,5,26.3,0.38,0.00,0,0,1.6
2403,9,32,13,40.6,0.82,0.22,2,2,6.5
2404,0,22,6,27.3,0.43,0.00,0,0,0.8
2405,0,2,2,100.0,1.46,0.00,0,0,0.5
2406,0,6,1,16.7,0.08,0.00,0,0,0.6
2407,0,0,0,,0.00,,0,0,0.0
2408,0,1,0,0.0,0.00,0.00,0,0,0.0
2409,1,8,3,37.5,0.20,0.13,0,0,1.3
2410,2,10,1,10.0,0.06,0.10,1,1,1.4
2411,1,12,3,25.0,0.10,0.08,0,0,1.6
2412,1,18,6,33.3,0.43,0.06,0,0,2.2
2413,1,20,5,25.0,0.17,0.05,0,0,0.8
2414,1,19,9,47.4,0.50,0.05,0,1,2.3
2415,16,78,42,53.8,1.89,0.19,1,1,13.8
2416,0,0,0,,0.00,,0,0,0.0
2417,1,12,3,25.0,0.14,0.08,0,0,0.8
2418,0,1,1,100.0,1.29,0.00,0,0,0.1
2419,0,2,0,0.0,0.00,0.00,0,0,0.1
2420,0,6,1,16.7,0.14,0.00,0,0,0.2
2421,0,0,0,,0.00,,0,0,0.0
2422,0,0,0,,0.00,,0,0,0.0
2423,0,5,0,0.0,0.00,0.00,0,0,0.5
2424,0,1,0,0.0,0.00,0.00,0,0,0.0
2425,0,2,0,0.0,0.00,0.00,0,0,0.4
2426,1,14,7,50.0,0.80,0.07,0,0,0.9
2427,1,31,12,38.7,0.79,0.03,0,0,1.1
2428,0,1,0,0.0,0.00,0.00,0,0,0.0
2429,0,15,1,6.7,0.07,0.00,0,0,0.5
2430,1,37,9,24.3,0.77,0.03,0,0,2.1
2431,0,23,4,17.4,0.14,0.00,0,0,1.0
2432,0,0,0,,0.00,,0,0,0.0
2433,0,0,0,,0.00,,0,0,0.0
2434,1,31,11,35.5,0.86,0.03,0,0,4.8
2435,0,0,0,,0.00,,0,0,0.0
2436,1,12,2,16.7,0.19,0.08,0,0,0.9
2437,0,0,0,,0.00,,0,0,0.0
2438,0,26,7,26.9,0.31,0.00,0,0,0.7
2439,0,5,1,20.0,0.04,0.00,0,0,0.2
2440,2,14,4,28.6,0.41,0.14,0,0,1.3
2441,0,0,0,,0.00,,0,0,0.0
2442,1,5,1,20.0,0.17,0.20,0,0,0.5
2443,0,0,0,,0.00,,0,0,0.0
2444,0,3,1,33.3,0.17,0.00,0,0,0.1
2445,0,1,0,0.0,0.00,0.00,0,0,0.1
2446,0,2,0,0.0,0.00,0.00,0,0,0.0
2447,1,7,4,57.1,0.16,0.14,0,0,0.5
2448,0,2,0,0.0,0.00,0.00,0,0,0.2
2449,2,20,4,20.0,0.11,0.10,0,0,2.3
2450,0,0,0,,0.00,,0,0,0.0
2451,5,50,17,34.0,0.77,0.08,1,1,7.4
2452,0,1,0,0.0,0.00,0.00,0,0,0.0
2453,0,3,0,0.0,0.00,0.00,0,0,0.3
2454,0,12,5,41.7,0.41,0.00,0,0,0.8
2455,0,2,1,50.0,1.38,0.00,0,0,0.1
2456,0,1,0,0.0,0.00,0.00,0,0,0.1
2457,0,7,1,14.3,0.06,0.00,0,0,0.1
2458,0,11,1,9.1,0.20,0.00,0,0,0.5
2459,0,1,1,100.0,30.00,0.00,0,0,0.1
2460,2,19,6,31.6,0.69,0.11,0,0,1.6
2461,0,1,0,0.0,0.00,0.00,0,0,0.0
2462,0,4,2,50.0,0.81,0.00,0,0,0.4
2463,0,2,1,50.0,0.13,0.00,0,0,0.2
2464,0,0,0,,0.00,,0,0,0.0
2465,3,36,11,30.6,1.22,0.08,0,0,6.7
2466,0,0,0,,0.00,,0,0,0.0
2467,1,17,7,41.2,0.53,0.06,0,0,2.0
2468,0,0,0,,0.00,,0,0,0.0
2469,0,7,2,28.6,0.17,0.00,0,0,0.6
2470,1,23,3,13.0,0.12,0.04,0,0,0.8
2471,0,3,1,33.3,4.09,0.00,0,0,0.4
2472,0,0,0,,0.00,,0,0,0.0
2473,0,1,1,100.0,1.18,0.00,0,0,0.0
2474,0,0,0,,0.00,,0,0,0.0
2475,0,8,2,25.0,0.32,0.00,0,0,0.5
2476,1,14,5,35.7,0.30,0.07,0,0,1.1
2477,0,0,0,,0.00,,0,0,0.0
2478,0,0,0,,0.00,,0,0,0.0
2479,1,8,2,25.0,0.08,0.13,0,0,0.6
2480,8,50,17,34.0,0.74,0.16,0,0,6.0
2481,6,61,21,34.4,0.84,0.10,0,0,3.6
2482,0,0,0,,0.00,,0,0,0.0
2483,1,16,4,25.0,0.19,0.06,0,0,1.4
2484,10,59,39,66.1,1.59,0.17,0,0,10.2
2485,0,1,0,0.0,0.00,0.00,0,0,0.0
2486,3,54,13,24.1,0.41,0.06,0,0,3.2
2487,1,6,2,33.3,0.18,0.17,0,0,0.2
2488,0,3,1,33.3,0.78,0.00,0,0,0.2
2489,3,19,7,36.8,0.67,0.16,0,0,0.6
2490,1,8,2,25.0,0.15,0.13,0,0,0.8
2491,0,0,0,,0.00,,0,0,0.0
2492,0,3,1,33.3,0.25,0.00,0,0,0.2
2493,6,39,18,46.2,1.63,0.15,0,0,7.0
2494,2,13,6,46.2,1.00,0.15,0,0,2.1
2495,1,16,3,18.8,0.42,0.06,0,0,1.3
2496,1,8,2,25.0,0.08,0.13,0,0,0.8
2497,2,27,11,40.7,0.38,0.07,0,0,2.5
2498,4,33,14,42.4,1.17,0.09,1,1,4.0
2499,1,17,3,17.6,0.11,0.06,0,0,1.0
2500,1,9,2,22.2,0.11,0.11,0,0,1.3
2501,1,7,3,42.9,0.21,0.14,0,0,0.6
2502,0,10,3,30.0,0.15,0.00,0,0,0.6
2503,1,27,7,25.9,0.21,0.04,0,0,0.9
2504,0,6,1,16.7,0.13,0.00,0,0,0.3
2505,0,3,0,0.0,0.00,0.00,0,0,0.2
2506,0,5,1,20.0,0.13,0.00,0,0,0.3
2507,7,61,21,34.4,1.02,0.08,2,2,7.2
2508,1,21,6,28.6,0.36,0.05,0,0,1.6
2509,4,33,9,27.3,0.36,0.12,0,0,3.6
2510,3,16,10,62.5,0.56,0.19,0,0,1.6
2511,2,9,2,22.2,0.06,0.22,0,0,1.2
2512,7,72,19,26.4,0.63,0.03,5,5,8.1
2513,0,7,0,0.0,0.00,0.00,0,0,0.2
2514,1,2,1,50.0,0.06,0.50,0,0,0.5
2515,1,4,2,50.0,1.02,0.25,0,0,0.6
2516,1,11,3,27.3,0.93,0.09,0,0,0.7
2517,3,33,8,24.2,0.32,0.03,2,2,3.0
2518,1,14,5,35.7,0.30,0.07,0,0,1.6
2519,2,27,9,33.3,0.46,0.07,0,0,1.3
2520,1,12,5,41.7,0.35,0.08,0,0,0.3
2521,0,10,4,40.0,1.09,0.00,0,0,0.7
2522,1,17,4,23.5,0.36,0.06,0,0,1.2
2523,0,0,0,,0.00,,0,0,0.0
2524,4,43,12,27.9,0.41,0.09,0,0,3.5
2525,1,1,1,100.0,3.33,1.00,0,0,0.1
2526,1,35,11,31.4,0.79,0.03,0,0,3.1
2527,0,5,1,20.0,0.05,0.00,0,0,0.1
2528,0,22,5,22.7,0.19,0.00,0,0,1.0
2529,0,4,0,0.0,0.00,0.00,0,0,0.2
2530,0,9,0,0.0,0.00,0.00,0,0,1.0
2531,0,0,0,,0.00,,0,0,0.0
2532,1,11,2,18.2,0.12,0.09,0,0,0.5
2533,0,0,0,,0.00,,0,0,0.0
2534,0,0,0,,0.00,,0,0,0.0
2535,6,50,17,34.0,0.78,0.12,0,0,3.7
2536,2,24,9,37.5,0.52,0.04,1,1,2.5
2537,0,5,3,60.0,0.09,0.00,0,0,0.2
2538,0,0,0,,0.00,,0,0,0.0
2539,0,3,0,0.0,0.00,0.00,0,0,0.2
2540,0,5,0,0.0,0.00,0.00,0,0,0.7
2541,5,42,13,31.0,0.58,0.12,0,0,4.7
2542,0,11,2,18.2,0.16,0.00,0,0,0.4
2543,0,0,0,,0.00,,0,0,0.0
2544,0,6,0,0.0,0.00,0.00,0,0,0.4
2545,0,0,0,,0.00,,0,0,0.0
2546,0,3,0,0.0,0.00,0.00,0,0,0.2
2547,0,3,1,33.3,0.08,0.00,0,0,0.3
2548,6,36,15,41.7,0.83,0.17,0,0,3.7
2549,3,18,6,33.3,0.57,0.17,0,0,2.5
2550,0,0,0,,0.00,,0,0,0.0
2551,0,0,0,,0.00,,0,0,0.0
2552,0,0,0,,0.00,,0,0,0.0
2553,6,57,23,40.4,0.88,0.07,2,3,9.2
2554,3,26,9,34.6,0.93,0.12,0,0,1.9
2555,0,14,4,28.6,0.15,0.00,0,0,1.8
2556,5,41,15,36.6,1.16,0.10,1,3,6.4
2557,0,8,3,37.5,0.76,0.00,0,0,1.1
2558,0,0,0,,0.00,,0,0,0.0
2559,3,17,5,29.4,0.37,0.12,1,1,1.9
2560,0,17,3,17.6,0.16,0.00,0,0,0.5
2561,0,4,2,50.0,0.13,0.00,0,0,0.1
2562,0,0,0,,0.00,,0,0,0.0
2563,0,0,0,,0.00,,0,0,0.0
2564,0,0,0,,0.00,,0,0,0.0
2565,2,11,2,18.2,0.19,0.18,0,0,1.5
2566,0,3,2,66.7,0.23,0.00,0,0,0.3
2567,0,14,3,21.4,0.08,0.00,0,0,0.5
2568,0,0,0,,0.00,,0,0,0.0
2569,0,1,0,0.0,0.00,0.00,0,0,0.1
2570,2,8,3,37.5,0.65,0.25,0,0,1.7
2571,0,0,0,,0.00,,0,0,0.0
2572,1,25,7,28.0,0.39,0.04,0,0,1.0
2573,3,29,11,37.9,0.65,0.10,0,0,3.3
2574,2,23,11,47.8,0.52,0.09,0,0,1.9
2575,3,10,3,30.0,0.10,0.30,0,0,0.7
2576,23,87,38,43.7,1.13,0.22,4,5,19.8
2577,0,20,2,10.0,0.18,0.00,0,0,1.0
2578,6,60,26,43.3,0.92,0.10,0,0,6.7
2579,0,0,0,,0.00,,0,0,0.0
2580,1,38,8,21.1,0.26,0.03,0,0,1.7
2581,0,1,0,0.0,0.00,0.00,0,0,0.0
2582,0,3,0,0.0,0.00,0.00,0,0,0.2
2583,3,16,6,37.5,0.49,0.19,0,0,1.4
2584,0,1,0,0.0,0.00,0.00,0,0,0.0
2585,2,10,3,30.0,0.32,0.20,0,0,1.3
2586,2,28,8,28.6,0.56,0.07,0,0,3.1
2587,0,0,0,,0.00,,0,0,0.0
2588,0,7,1,14.3,0.04,0.00,0,0,0.2
2589,3,36,7,19.4,0.22,0.08,0,0,2.0
2590,0,1,0,0.0,0.00,0.00,0,0,0.1
2591,0,5,2,40.0,0.21,0.00,0,0,0.4
2592,0,4,0,0.0,0.00,0.00,0,0,0.1
2593,2,54,14,25.9,0.61,0.04,0,0,4.2
2594,6,23,8,34.8,0.27,0.04,5,5,4.9
2595,0,1,0,0.0,0.00,0.00,0,0,0.2
2596,3,41,11,26.8,0.56,0.02,2,2,5.6
2597,0,8,2,25.0,0.27,0.00,0,0,0.3
2598,1,4,2,50.0,0.11,0.25,0,0,0.3
2599,0,14,3,21.4,0.21,0.00,0,0,0.7
2600,1,10,5,50.0,0.30,0.10,0,0,0.9
2601,0,11,2,18.2,0.07,0.00,0,0,0.9
2602,0,9,2,22.2,0.06,0.00,0,0,0.2
2603,2,13,2,15.4,0.21,0.08,1,1,1.5
2604,2,22,9,40.9,0.37,0.09,0,0,2.4
2605,8,25,14,56.0,0.75,0.32,0,0,4.3
2606,0,0,0,,0.00,,0,0,0.0
2607,0,15,4,26.7,0.15,0.00,0,0,0.9
2608,0,30,6,20.0,0.30,0.00,0,0,1.5
2609,0,0,0,,0.00,,0,0,0.0
2610,0,15,3,20.0,0.11,0.00,0,0,1.3
2611,0,19,6,31.6,0.40,0.00,0,0,0.9
2612,3,17,5,29.4,0.85,0.18,0,0,2.8
2613,0,2,2,100.0,0.60,0.00,0,0,0.9
2614,0,0,0,,0.00,,0,0,0.0
2615,1,5,2,40.0,0.75,0.00,1,1,1.1
2616,0,5,0,0.0,0.00,0.00,0,0,0.4
2617,0,0,0,,0.00,,0,0,0.0
2618,3,17,11,64.7,0.81,0.18,0,0,2.2
2619,0,3,0,0.0,0.00,0.00,0,0,0.1
2620,6,64,17,26.6,1.02,0.08,1,1,7.9
2621,0,0,0,,0.00,,0,0,0.0
2622,0,1,0,0.0,0.00,0.00,0,0,0.1
2623,0,1,0,0.0,0.00,0.00,0,0,0.0
2624,10,75,32,42.7,1.41,0.13,0,0,11.5
2625,1,14,3,21.4,0.42,0.07,0,0,1.6
2626,4,20,6,30.0,0.19,0.20,0,0,1.8
2627,0,0,0,,0.00,,0,0,0.0
2628,0,0,0,,0.00,,0,0,0.0
2629,0,4,1,25.0,0.06,0.00,0,0,0.2
2630,2,18,10,55.6,1.10,0.11,0,0,3.7
2631,0,2,0,0.0,0.00,0.00,0,0,0.2
2632,0,1,0,0.0,0.00,0.00,0,0,0.0
2633,0,0,0,,0.00,,0,0,0.0
2634,0,14,1,7.1,0.07,0.00,0,0,0.4
2635,0,10,3,30.0,0.24,0.00,0,0,0.9
2636,2,28,10,35.7,0.70,0.07,0,0,2.7
2637,7,39,9,23.1,0.64,0.10,3,3,5.0
2638,1,13,3,23.1,0.11,0.08,0,0,0.9
2639,0,2,0,0.0,0.00,0.00,0,0,0.1
2640,0,1,0,0.0,0.00,0.00,0,0,0.0
2641,0,0,0,,0.00,,0,0,0.0
2642,0,1,0,0.0,0.00,0.00,0,0,0.1
2643,0,9,1,11.1,0.03,0.00,0,0,0.9
2644,0,0,0,,0.00,,0,0,0.0
2645,0,5,1,20.0,0.04,0.00,0,0,0.3
2646,5,54,23,42.6,0.61,0.07,1,3,7.0
2647,1,16,4,25.0,0.13,0.06,0,0,1.2
2648,0,0,0,,0.00,,0,0,0.0
2649,0,1,0,0.0,0.00,0.00,0,0,0.0
2650,3,16,7,43.8,0.24,0.19,0,0,1.1
2651,16,82,35,42.7,1.15,0.15,4,4,15.0
2652,1,9,3,33.3,0.26,0.11,0,0,0.3
2653,1,7,1,14.3,0.08,0.14,0,0,1.1
2654,2,21,9,42.9,0.99,0.10,0,0,3.5
2655,0,11,1,9.1,0.05,0.00,0,0,0.3
2656,2,9,3,33.3,0.16,0.22,0,0,1.3
2657,28,117,59,50.4,1.90,0.21,3,3,22.1
2658,2,13,3,23.1,0.09,0.15,0,0,1.1
2659,1,4,2,50.0,1.87,0.25,0,0,1.4
2660,0,0,0,,0.00,,0,0,0.0
2661,4,36,15,41.7,0.46,0.11,0,0,2.9
2662,2,14,6,42.9,0.36,0.14,0,0,0.6
2663,1,17,6,35.3,0.40,0.06,0,0,1.4
2664,1,6,2,33.3,0.18,0.17,0,0,0.7
2665,6,45,21,46.7,0.64,0.11,1,2,7.3
2666,0,7,1,14.3,0.39,0.00,0,0,0.3
2667,9,67,26,38.8,0.90,0.07,4,4,7.2
2668,1,14,4,28.6,0.42,0.07,0,0,2.3
2669,0,0,0,,0.00,,0,0,0.0
2670,8,54,22,40.7,0.68,0.15,0,0,10.1
2671,7,54,19,35.2,1.04,0.13,0,0,4.5
2672,0,14,2,14.3,0.08,0.00,0,0,0.5
2673,1,4,3,75.0,0.74,0.25,0,0,0.3
2674,4,28,7,25.0,0.28,0.14,0,0,2.2
2675,0,0,0,,0.00,,0,0,0.0
2676,1,14,2,14.3,0.13,0.07,0,0,1.0
2677,0,1,0,0.0,0.00,0.00,0,0,0.0
2678,14,64,28,43.8,1.03,0.20,1,1,12.9
2679,0,9,3,33.3,0.38,0.00,0,0,1.0
2680,1,11,3,27.3,0.10,0.09,0,0,0.4
2681,0,2,0,0.0,0.00,0.00,0,0,0.0
2682,5,26,12,46.2,1.09,0.19,0,0,2.0
2683,1,20,3,15.0,0.32,0.00,1,1,1.9
2684,1,1,1,100.0,0.10,1.00,0,0,0.6
2685,0,0,0,,0.00,,0,0,0.0
2686,0,11,2,18.2,0.09,0.00,0,0,0.3
2687,0,4,3,75.0,0.48,0.00,0,0,0.5
2688,0,5,1,20.0,0.08,0.00,0,0,0.2
2689,0,3,2,66.7,1.10,0.00,0,0,0.4
2690,1,7,1,14.3,0.51,0.14,0,0,0.9
2691,0,3,0,0.0,0.00,0.00,0,0,0.1
2692,4,15,9,60.0,0.68,0.27,0,0,1.2
2693,0,8,2,25.0,0.17,0.00,0,0,0.8
2694,0,1,0,0.0,0.00,0.00,0,0,0.0
2695,2,27,9,33.3,0.38,0.07,0,0,3.6
2696,1,4,3,75.0,0.27,0.25,0,0,0.2
2697,0,0,0,,0.00,,0,0,0.0
2698,4,61,17,27.9,0.47,0.07,0,0,5.3
2699,2,23,5,21.7,0.23,0.09,0,0,1.5
2700,0,8,2,25.0,0.07,0.00,0,0,0.2
2701,2,29,8,27.6,0.28,0.07,0,0,2.4
2702,0,2,1,50.0,0.75,0.00,0,0,0.0
2703,6,47,22,46.8,1.32,0.13,0,0,3.9
2704,1,12,2,16.7,0.10,0.08,0,0,0.7
2705,18,87,35,40.2,1.55,0.20,1,1,14.2
2706,0,4,0,0.0,0.00,0.00,0,0,0.5
2707,6,50,22,44.0,1.21,0.12,0,0,5.7
2708,0,0,0,,0.00,,0,0,0.0
2709,0,1,0,0.0,0.00,0.00,0,0,0.0
2710,0,0,0,,0.00,,0,0,0.0
2711,0,0,0,,0.00,,0,0,0.0
2712,2,77,21,27.3,0.65,0.03,0,0,4.0
2713,0,9,1,11.1,0.13,0.00,0,0,0.3
2714,0,6,1,16.7,0.06,0.00,0,0,0.3
2715,1,16,1,6.3,0.03,0.06,0,0,0.7
2716,0,16,3,18.8,0.21,0.00,0,0,0.4
2717,0,0,0,,0.00,,0,0,0.0
2718,4,11,6,54.5,1.82,0.36,0,0,1.9
2719,0,1,0,0.0,0.00,0.00,0,0,0.0
2720,2,13,8,61.5,0.64,0.15,0,0,1.0
2721,1,16,5,31.3,0.85,0.06,0,0,1.6
2722,3,19,7,36.8,0.52,0.16,0,0,2.9
2723,0,15,5,33.3,0.19,0.00,0,0,0.7
2724,0,14,1,7.1,0.03,0.00,0,0,0.4
2725,2,9,3,33.3,0.36,0.22,0,1,1.6
2726,0,4,0,0.0,0.00,0.00,0,0,0.1
2727,0,2,0,0.0,0.00,0.00,0,0,0.0
2728,1,7,1,14.3,0.09,0.14,0,0,0.3
2729,0,1,0,0.0,0.00,0.00,0,0,0.0
2730,0,0,0,,0.00,,0,0,0.0
2731,4,49,17,34.7,0.61,0.08,0,0,3.2
2732,5,41,9,22.0,0.50,0.12,0,0,3.2
